portfolio,year,trades,compounded_return,arithmetic_pnl
Dynamic: 24-month IV/RV z-score,2018,1,-0.014930909489334288,-0.01493090948933426
Dynamic: 24-month IV/RV z-score,2019,12,0.06436330418928238,0.06327689843243377
Dynamic: 24-month IV/RV z-score,2020,12,0.033209460208490915,0.033862099777224354
Dynamic: 24-month IV/RV z-score,2021,12,0.05791139480771634,0.0567521364180123
Dynamic: 24-month IV/RV z-score,2022,12,-0.04899548528124509,-0.048814171760383315
Dynamic: 24-month IV/RV z-score,2023,12,0.05341913584098923,0.05323223162623938
Dynamic: 24-month IV/RV z-score,2024,12,0.05724758271871666,0.056101257576030655
Dynamic: 24-month IV/RV z-score,2025,12,0.0028995986156055142,0.003652670503074609
Dynamic: 24-month IV/RV z-score,2026,9,0.02087253935947997,0.02118958145456529
Fixed 99/96,2018,1,-0.023647154534509163,-0.02364715453450921
Fixed 99/96,2019,12,0.04786873266155878,0.04705185786024351
Fixed 99/96,2020,12,0.04612557558315,0.04571725245337758
Fixed 99/96,2021,12,0.06897624824623683,0.06691237354677267
Fixed 99/96,2022,12,-0.06222232246451154,-0.06295682165845026
Fixed 99/96,2023,12,-0.011236720359386165,-0.010266544629150581
Fixed 99/96,2024,12,0.044054602946400845,0.043357032963678724
Fixed 99/96,2025,12,0.012336272414156468,0.01301389352299185
Fixed 99/96,2026,9,0.0237900925645802,0.023947822315813334
