leverage,fill,entry_date,expiration_date,candidate_id,entry_equity,contracts,weekly_return,ending_equity
1.0,realistic,2024-01-05,2024-01-12,20240105_s097_w03,1000000.0,2.1289096365177858,0.00022779333110745092,1000227.7933311074
1.0,realistic,2024-01-12,2024-01-19,20240112_s097_w03,1000227.7933311074,2.0908514244785676,0.0001609588943221052,1000388.7888907922
1.0,realistic,2024-01-19,2024-01-26,20240119_s097_w03,1000388.7888907922,2.067000102854169,0.00021333481841234736,1000602.2066514118
1.0,realistic,2024-01-26,2024-02-02,20240126_s097_w03,1000602.2066514118,2.0458153754742865,0.0003516684674913506,1000954.0868959934
1.0,realistic,2024-02-02,2024-02-09,20240202_s097_w03,1000954.0868959934,2.018618351703988,0.0002636827732067637,1001218.0212454788
1.0,realistic,2024-02-09,2024-02-16,20240209_s097_w03,1001218.0212454788,1.9918355481678613,0.00018551270644895368,1001403.7599103454
1.0,realistic,2024-02-16,2024-02-23,20240216_s097_w03,1001403.7599103454,2.000578945208582,0.0002936728587599191,1001697.8450152911
1.0,realistic,2024-02-23,2024-03-01,20240223_s097_w03,1001697.8450152911,1.9684363375674292,0.00021026568956683533,1001908.4677034109
1.0,realistic,2024-03-01,2024-03-08,20240301_s097_w03,1001908.4677034109,1.9503462131528633,0.00023505570900916872,1002143.9720086491
1.0,realistic,2024-03-08,2024-03-15,20240308_s097_w03,1002143.9720086491,1.9559028424221945,0.0005308674082751264,1002675.977581788
1.0,realistic,2024-03-15,2024-03-22,20240315_s097_w03,1002675.977581788,1.959465258962482,0.0005168953605985127,1003194.2561427836
1.0,realistic,2024-03-22,2024-03-28,20240322_s097_w03,1003194.2561427836,1.916621557631129,0.00011845217000150399,1003313.0866793566
1.0,realistic,2024-03-28,2024-04-05,20240328_s097_w03,1003313.0866793566,1.909490361380551,0.00018698792081606186,1003500.6941073623
1.0,realistic,2024-04-05,2024-04-12,20240405_s097_w03,1003500.6941073623,1.928199779867349,0.0009117390759365573,1004415.6249029094
1.0,realistic,2024-04-12,2024-04-19,20240412_s097_w03,1004415.6249029094,1.9604435215432288,0.00042695790538682665,1004844.4680942557
1.0,realistic,2024-04-19,2024-04-26,20240419_s097_w03,1004844.4680942557,2.022947340963323,0.0011137998485581946,1005963.6637106437
1.0,realistic,2024-04-26,2024-05-03,20240426_s097_w03,1005963.6637106437,1.9724932576249528,0.0006754954992562734,1006643.1876378955
1.0,realistic,2024-05-03,2024-05-10,20240503_s097_w03,1006643.1876378955,1.9631131149471504,0.00018916531149115734,1006833.6096100453
1.0,realistic,2024-05-10,2024-05-17,20240510_s097_w03,1006833.6096100453,1.9278101965327317,0.0002527437935260224,1007088.0805559877
1.0,realistic,2024-05-17,2024-05-24,20240517_s097_w03,1007088.0805559877,1.8989945389297809,0.00010748085575507105,1007196.3232447066
1.0,realistic,2024-05-24,2024-05-31,20240524_s097_w03,1007196.3232447066,1.8986794448203965,0.00010745147282320566,1007304.5479730613
1.0,realistic,2024-05-31,2024-06-07,20240531_s097_w03,1007304.5479730613,1.9086739631144372,0.00017669318322699468,1007482.5318201218
1.0,realistic,2024-06-07,2024-06-14,20240607_s097_w03,1007482.5318201218,1.88420492213202,0.00030531194717831056,1007790.1282736599
1.0,realistic,2024-06-14,2024-06-21,20240614_s097_w03,1007790.1282736599,1.8554203368331994,0.0001739818806629767,1007965.4654954906
1.0,realistic,2024-06-21,2024-06-28,20240621_s097_w03,1007965.4654954906,1.8445298005715072,0.0001592059432025117,1008125.9395881403
1.0,realistic,2024-06-28,2024-07-05,20240628_s097_w03,1008125.9395881403,1.8462222060955138,9.522972373487981e-05,1008221.9431428573
1.0,realistic,2024-07-05,2024-07-12,20240705_s097_w03,1008221.9431428573,1.8110069060948628,0.00016749922488989988,1008390.8195368507
1.0,realistic,2024-07-12,2024-07-19,20240712_s097_w03,1008390.8195368507,1.7957755117668186,0.0001282199662493433,1008520.1153736978
1.0,realistic,2024-07-19,2024-07-26,20240719_s097_w03,1008520.1153736978,1.83200747570154,0.0004895549500454344,1009013.8413883994
1.0,realistic,2024-07-26,2024-08-02,20240726_s097_w03,1009013.8413883994,1.8483153328175796,0.001050081496483557,1010073.388152937
1.0,realistic,2024-08-02,2024-08-09,20240802_s097_w03,1010073.388152937,1.8892023601781183,0.0022622022136569164,1012358.3784075725
1.0,realistic,2024-08-09,2024-08-16,20240809_s097_w03,1012358.3784075725,1.8943264213809508,0.0019123678372638953,1014294.3800102238
1.0,realistic,2024-08-16,2024-08-23,20240816_s097_w03,1014294.3800102238,1.8261590313907796,0.00038168969707874645,1014681.5257248787
1.0,realistic,2024-08-23,2024-08-30,20240823_s097_w03,1014681.5257248787,1.8008017419931726,0.00041617788221359753,1015103.8137333761
1.0,realistic,2024-08-30,2024-09-06,20240830_s097_w03,1015103.8137333761,1.797152877423159,-0.012332710029276606,1002584.8327489896
1.0,realistic,2024-09-06,2024-09-13,20240906_s097_w03,1002584.8327489896,1.8537481320448428,0.0019266255487770945,1004516.4383025803
1.0,realistic,2024-09-13,2024-09-20,20240913_s097_w03,1004516.4383025803,1.785483227601943,0.0008745080861638499,1005394.8960505604
1.0,realistic,2024-09-20,2024-09-27,20240920_s097_w03,1005394.8960505604,1.7630620169667348,0.0004112195562189225,1005808.3340935392
1.0,realistic,2024-09-27,2024-10-04,20240927_s097_w03,1005808.3340935392,1.7528381832319144,0.0008094915388079382,1006622.5274296504
1.0,realistic,2024-10-04,2024-10-11,20241004_s097_w03,1006622.5274296504,1.7503222151652356,0.0009880770315238152,1007617.1480284181
1.0,realistic,2024-10-11,2024-10-18,20241011_s097_w03,1007617.1480284181,1.7327807169629887,0.0005773831130788665,1008198.9291541384
1.0,realistic,2024-10-18,2024-10-25,20241018_s097_w03,1008198.9291541384,1.7191060069614388,0.0002485220855421577,1008449.4888546531
1.0,realistic,2024-10-25,2024-11-01,20241025_s097_w03,1008449.4888546531,1.7362751949127742,0.0010730666505254227,1009531.6223698824
1.0,realistic,2024-11-01,2024-11-08,20241101_s097_w03,1009531.6223698824,1.762204400202376,0.002709118930513288,1012266.5635989965
1.0,realistic,2024-11-08,2024-11-15,20241108_s097_w03,1012266.5635989965,1.6883659470269852,0.00037652988476311045,1012647.7122115379
1.0,realistic,2024-11-15,2024-11-22,20241115_s097_w03,1012647.7122115379,1.724941645000661,0.0006208884116565283,1013276.4534411406
1.0,realistic,2024-11-22,2024-11-29,20241122_s097_w03,1013276.4534411406,1.6974681957537703,0.00027766889528590966,1013557.8087945868
1.0,realistic,2024-11-29,2024-12-06,20241129_s097_w03,1013557.8087945868,1.6801955919295186,0.0001856646997964173,1013745.9907008829
1.0,realistic,2024-12-06,2024-12-13,20241206_s097_w03,1013745.9907008829,1.664533735696185,0.00015106062572756151,1013899.1278045669
1.0,realistic,2024-12-13,2024-12-20,20241213_s097_w03,1013899.1278045669,1.6755644916622658,0.00028218057310192,1014185.2304415182
1.0,realistic,2024-12-20,2024-12-27,20241220_s097_w03,1014185.2304415182,1.7100166312453309,0.0010930136309736938,1015293.748722723
1.0,realistic,2024-12-27,2025-01-03,20241227_s097_w03,1015293.748722723,1.700420334980992,0.0003320303427791771,1015630.857054133
1.0,realistic,2025-01-03,2025-01-10,20250103_s097_w03,1015630.857054133,1.7091055071966192,0.0004535151044204877,1016091.4609883225
1.0,realistic,2025-01-10,2025-01-17,20250110_s097_w03,1016091.4609883225,1.7437523239531392,0.001219744493319741,1017330.8329525721
1.0,realistic,2025-01-17,2025-01-24,20250117_s097_w03,1017330.8329525721,1.6964957266959046,0.0005036136651586087,1017843.1746620343
1.0,realistic,2025-01-24,2025-01-31,20250124_s097_w03,1017843.1746620343,1.6682561832714005,0.0004089332503156573,1018259.4045797605
1.0,realistic,2025-01-31,2025-02-07,20250131_s097_w03,1018259.4045797605,1.6857120828739052,0.0009179658402853619,1019194.1319297141
1.0,realistic,2025-02-07,2025-02-14,20250207_s097_w03,1019194.1319297141,1.6913305403579404,0.000712745927714753,1019920.5583967979
1.0,realistic,2025-02-14,2025-02-21,20250214_s097_w03,1019920.5583967979,1.6680004807219382,0.0002485841382278142,1020174.0944698676
1.0,realistic,2025-02-21,2025-02-28,20250221_s097_w03,1020174.0944698676,1.696577513460769,0.0010759787541747556,1021271.7801210767
1.0,realistic,2025-02-28,2025-03-07,20250228_s097_w03,1021271.7801210767,1.7151260057453637,0.0009648493261398272,1022257.1535099322
1.0,realistic,2025-03-07,2025-03-14,20250307_s097_w03,1022257.1535099322,1.7716147081697038,0.0027243422182769983,1025042.131831175
1.0,realistic,2025-03-14,2025-03-21,20250314_s097_w03,1025042.131831175,1.8177922490437943,0.002619286630727302,1027727.0109830126
1.0,realistic,2025-03-21,2025-03-28,20250321_s097_w03,1027727.0109830126,1.81335001368828,0.0013334662397692654,1029097.4502558575
1.0,realistic,2025-03-28,2025-04-04,20250328_s097_w03,1029097.4502558575,1.8439500533248026,-0.02680641640488668,1001511.0354830918
1.0,realistic,2025-04-04,2025-04-11,20250404_s097_w03,1001511.0354830918,1.9737785373170054,0.006246452462711716,1007766.9265571181
1.0,realistic,2025-04-11,2025-04-17,20250411_s097_w03,1007766.9265571181,1.8789843535514255,0.0049539841959709285,1012759.3879845042
1.0,realistic,2025-04-17,2025-04-25,20250417_s097_w03,1012759.3879845042,1.9171244828225467,0.0034395289015496378,1016242.8031697928
1.0,realistic,2025-04-25,2025-05-02,20250425_s097_w03,1016242.8031697928,1.8392835934824094,0.0028451407477976254,1019134.1569787471
1.0,realistic,2025-05-02,2025-05-09,20250502_s097_w03,1019134.1569787471,1.7921457917900743,0.0019466577367919236,1021118.0623702587
1.0,realistic,2025-05-09,2025-05-16,20250509_s097_w03,1021118.0623702587,1.8041241542371147,0.002037576512988526,1023198.6685511327
1.0,realistic,2025-05-16,2025-05-23,20250516_s097_w03,1023198.6685511327,1.7172430906975975,0.0007795743291558743,1023996.3279667617
1.0,realistic,2025-05-23,2025-05-30,20250523_s097_w03,1023996.3279667617,1.7646529773214614,0.0018646107113031718,1025905.6824882235
1.0,realistic,2025-05-30,2025-06-06,20250530_s097_w03,1025905.6824882235,1.7353847929382187,0.0012657125245341128,1027204.1841595395
1.0,realistic,2025-06-06,2025-06-13,20250606_s097_w03,1027204.1841595395,1.7119042983495676,0.0006303788582993075,1027851.7119603902
1.0,realistic,2025-06-13,2025-06-20,20250613_s097_w03,1027851.7119603902,1.7196868564071643,0.0015091258071855407,1029402.8695048694
1.0,realistic,2025-06-20,2025-06-27,20250620_s097_w03,1029402.8695048694,1.7249170494797086,0.001369004566795784,1030812.1267342943
1.0,realistic,2025-06-27,2025-07-03,20250627_s097_w03,1030812.1267342943,1.6698533405375042,0.000361651506231464,1031184.9214925694
1.0,realistic,2025-07-03,2025-07-11,20250703_s097_w03,1031184.9214925694,1.6421841519514198,0.0006521375518668826,1031857.3959027935
1.0,realistic,2025-07-11,2025-07-18,20250711_s097_w03,1031857.3959027935,1.6484003289313367,0.0005203881944166877,1032394.3623099428
1.0,realistic,2025-07-18,2025-07-25,20250718_s097_w03,1032394.3623099428,1.6395565929710614,0.00031881323460791755,1032723.5032959818
1.0,realistic,2025-07-25,2025-08-01,20250725_s097_w03,1032723.5032959818,1.6164997263821401,0.0005098894178241498,1033250.0780818508
1.0,realistic,2025-08-01,2025-08-08,20250801_s097_w03,1033250.0780818508,1.656377782182467,0.001534143157764234,1034835.2316193994
1.0,realistic,2025-08-08,2025-08-15,20250808_s097_w03,1034835.2316193994,1.619599809039261,0.0004609160271975554,1035312.2037631614
1.0,realistic,2025-08-15,2025-08-22,20250815_s097_w03,1035312.2037631614,1.6051850214183871,0.00046435549795265096,1035792.9566770763
1.0,realistic,2025-08-22,2025-08-29,20250822_s097_w03,1035792.9566770763,1.6016813774287948,0.00037034688006065686,1036176.5593669704
1.0,realistic,2025-08-29,2025-09-05,20250829_s097_w03,1036176.5593669704,1.6039239859679624,0.00039394700713768493,1036584.7580213993
1.0,realistic,2025-09-05,2025-09-12,20250905_s097_w03,1036584.7580213993,1.5992976286683627,0.000437013037105638,1037037.7590747196
1.0,realistic,2025-09-12,2025-09-19,20250912_s097_w03,1037037.7590747196,1.575018343545476,0.0005156212712165154,1037572.4778023533
1.0,realistic,2025-09-19,2025-09-26,20250919_s097_w03,1037572.4778023533,1.5568974351446507,0.0004193951193121048,1038007.6306354762
1.0,realistic,2025-09-26,2025-10-03,20250926_s097_w03,1038007.6306354762,1.562393846982813,0.00039059559036558333,1038413.0718387682
1.0,realistic,2025-10-03,2025-10-10,20251003_s097_w03,1038413.0718387682,1.5462262307171932,0.0005930054359704062,1039028.8564351513
1.0,realistic,2025-10-10,2025-10-17,20251010_s097_w03,1039028.8564351513,1.5856960059578717,0.0017695509682149613,1040867.4709540595
1.0,realistic,2025-10-17,2025-10-24,20251017_s097_w03,1040867.4709540595,1.56192368793211,0.0014848417616435405,1042412.9944432683
1.0,realistic,2025-10-24,2025-10-31,20251024_s097_w03,1042412.9944432683,1.53483595899761,0.0009489538031923761,1043402.1962188423
1.0,realistic,2025-10-31,2025-11-07,20251031_s097_w03,1043402.1962188423,1.525397161524413,0.0007777550141947476,1044213.7075087733
1.0,realistic,2025-11-07,2025-11-14,20251107_s097_w03,1044213.7075087733,1.5518572967222777,0.0010729996744696102,1045334.1484770068
1.0,realistic,2025-11-14,2025-11-21,20251114_s097_w03,1045334.1484770068,1.5522974375230332,0.0015324965302796478,1046936.1194325306
1.0,realistic,2025-11-21,2025-11-28,20251121_s097_w03,1046936.1194325306,1.5855484898072507,0.0017484502612010733,1048766.6351640131
1.0,realistic,2025-11-28,2025-12-05,20251128_s097_w03,1048766.6351640131,1.5312496391342336,0.0005686887000837526,1049363.0568984558
1.0,realistic,2025-12-05,2025-12-12,20251205_s097_w03,1049363.0568984558,1.5273682344756656,0.0006142291656938692,1050007.6062934045
1.0,realistic,2025-12-12,2025-12-19,20251212_s097_w03,1050007.6062934045,1.5379295842248448,0.0006821766809681495,1050723.8969972571
1.0,realistic,2025-12-19,2025-12-26,20251219_s097_w03,1050723.8969972571,1.5373822474171588,0.00020411149315968657,1050938.3618207718
1.0,realistic,2025-12-26,2026-01-02,20251226_s097_w03,1050938.3618207718,1.516518715467412,0.00012373844611213158,1051068.4033006232
1.0,realistic,2026-01-02,2026-01-09,20260102_s097_w03,1051068.4033006232,1.5325114353136673,0.0002744781184476075,1051356.8985783209
1.0,realistic,2026-01-09,2026-01-16,20260109_s097_w03,1051356.8985783209,1.5092085460284732,0.00031508926826018246,1051688.1698541741
1.0,realistic,2026-01-16,2026-01-23,20260116_s097_w03,1051688.1698541741,1.5153986887213864,0.0003162819756930002,1052020.7998663485
1.0,realistic,2026-01-23,2026-01-30,20260123_s097_w03,1052020.7998663485,1.5212263569871134,0.0011000475952802624,1053178.0728174264
1.0,realistic,2026-01-30,2026-02-06,20260130_s097_w03,1053178.0728174264,1.5177598388039077,0.001171993816397432,1054412.3910063338
1.0,realistic,2026-02-06,2026-02-13,20260206_s097_w03,1054412.3910063338,1.5210138348219713,0.001342628025652548,1055828.0746330942
1.0,realistic,2026-02-13,2026-02-20,20260213_s097_w03,1055828.0746330942,1.5444731285197568,0.0017107532629603295,1057634.335956898
1.0,realistic,2026-02-20,2026-02-27,20260220_s097_w03,1057634.335956898,1.5306937421503588,0.0013741930067510122,1059087.7296650698
1.0,realistic,2026-02-27,2026-03-06,20260227_s097_w03,1059087.7296650698,1.5396223625176182,0.0019000186400488506,1061100.0160928804
1.0,realistic,2026-03-06,2026-03-13,20260306_s097_w03,1061100.0160928804,1.574327691932697,0.0035192773806700384,1064834.3213781447
1.0,realistic,2026-03-13,2026-03-20,20260313_s097_w03,1064834.3213781447,1.6055546219057224,0.003550109422078229,1068614.5997354216
1.0,realistic,2026-03-20,2026-03-27,20260320_s097_w03,1068614.5997354216,1.642385134424766,0.0025620612143646415,1071352.4557545076
1.0,realistic,2026-03-27,2026-04-02,20260327_s097_w03,1071352.4557545076,1.6821756507485826,0.003233707762658522,1074816.8965072243
1.0,realistic,2026-04-02,2026-04-10,20260402_s097_w03,1074816.8965072243,1.6327928340456102,0.0025248037121505806,1077530.598197408
1.0,realistic,2026-04-10,2026-04-17,20260410_s097_w03,1077530.598197408,1.5806776647218608,0.0011306475306802621,1078748.9055074924
1.0,realistic,2026-04-17,2026-04-24,20260417_s097_w03,1078748.9055074924,1.5138083269541958,0.0007009483443767284,1079505.052766806
1.0,realistic,2026-04-24,2026-05-01,20260424_s097_w03,1079505.052766806,1.5066196623015233,0.001382747979362664,1080997.736197231
1.0,realistic,2026-05-01,2026-05-08,20260501_s097_w03,1080997.736197231,1.4951310886626552,0.000792863729383031,1081854.820093807
1.0,realistic,2026-05-08,2026-05-15,20260508_s097_w03,1081854.820093807,1.4621773613096363,0.0006598926985392772,1082568.7281904665
1.0,realistic,2026-05-15,2026-05-22,20260515_s097_w03,1082568.7281904665,1.4612522483504982,0.0011550921239118495,1083819.1948019925
1.0,realistic,2026-05-22,2026-05-29,20260522_s097_w03,1083819.1948019925,1.4502221373001782,0.0006382577119965482,1084510.9507614847
1.0,realistic,2026-05-29,2026-06-05,20260529_s097_w03,1084510.9507614847,1.4307418970011205,0.00048086690234949714,1085032.4561829416
1.0,realistic,2026-06-05,2026-06-12,20260605_s097_w03,1085032.4561829416,1.4694889334426655,0.002152703033349024,1087368.2088426487
1.0,realistic,2026-06-12,2026-06-18,20260612_s097_w03,1087368.2088426487,1.4631959460970763,0.0009227661907680318,1088371.5954626848
1.0,realistic,2026-06-18,2026-06-26,20260618_s097_w03,1088371.5954626848,1.4510498976430588,0.0008442680344773468,1089290.4728103671
1.0,realistic,2026-06-26,2026-07-02,20260626_s097_w03,1089290.4728103671,1.4812177148244956,0.0010310687188588297,1090413.606142633
1.0,realistic,2026-07-02,2026-07-10,20260702_s097_w03,1090413.606142633,1.4571409870469088,0.0006958883901759805,1091172.4123116375
1.0,realistic,2026-07-10,2026-07-17,20260710_s097_w03,1091172.4123116375,1.4404174473108715,0.00033595629453664344,1091538.9985519783
1.0,realistic,2026-07-17,2026-07-24,20260717_s097_w03,1091538.9985519783,1.4636422365746056,0.0012715063343344823,1092926.89730281
1.0,realistic,2026-07-24,2026-07-31,20260724_s097_w03,1092926.89730281,1.4745410810374193,0.0014766634595397843,1094540.7825160054
1.0,realistic,2026-07-31,2026-08-07,20260731_s097_w03,1094540.7825160054,1.461390747743492,0.0006235212886516184,1095223.2519952017
1.0,realistic,2026-08-07,2026-08-14,20260807_s097_w03,1095223.2519952017,1.4117995069289826,0.0003828483852894582,1095642.5564487595
1.0,realistic,2026-08-14,2026-08-21,20260814_s097_w03,1095642.5564487595,1.4072390998835385,0.00022894361676417674,1095893.3968183137
1.0,realistic,2026-08-21,2026-08-28,20260821_s097_w03,1095893.3968183137,1.4279913270848816,0.00046192716090942554,1096399.6197437653
1.0,realistic,2026-08-28,2026-09-04,20260828_s097_w03,1096399.6197437653,1.4217242925939455,0.0002862511368468823,1096713.4653813555
1.0,realistic,2026-09-04,2026-09-11,20260904_s097_w03,1096713.4653813555,1.4208709500500902,0.00031028942679989235,1097053.7639738924
1.0,realistic,2026-09-11,2026-09-18,20260911_s097_w03,1097053.7639738924,1.432749944197624,0.0007143808673855112,1097837.4781933685
1.0,natural,2024-01-05,2024-01-12,20240105_s097_w03,1000000.0,2.1289096365177858,0.0002171487829247809,1000217.1487829249
1.0,natural,2024-01-12,2024-01-19,20240112_s097_w03,1000217.1487829249,2.0908291733784896,0.00015050701806740285,1000367.6884834081
1.0,natural,2024-01-19,2024-01-26,20240119_s097_w03,1000367.6884834081,2.0669565052601957,0.0002004210884840596,1000568.1832644183
1.0,natural,2024-01-26,2024-02-02,20240126_s097_w03,1000568.1832644183,2.045745811797758,0.00034144554692483453,1000909.8228149886
1.0,natural,2024-02-02,2024-02-09,20240202_s097_w03,1000909.8228149886,2.0185290845863375,0.0002561201697686144,1001166.176008731
1.0,natural,2024-02-09,2024-02-16,20240209_s097_w03,1001166.176008731,1.9917324066109117,0.00017307887893891483,1001339.4567281061
1.0,natural,2024-02-16,2024-02-23,20240216_s097_w03,1001339.4567281061,2.00045048194766,0.00028368398601275047,1001623.5206965427
1.0,natural,2024-02-23,2024-03-01,20240223_s097_w03,1001623.5206965427,1.9682902828559037,0.00020044019005438507,1001824.286305394
1.0,natural,2024-03-01,2024-03-08,20240301_s097_w03,1001824.286305394,1.9501823430228737,0.00022775584226963907,1002052.4576395277
1.0,natural,2024-03-08,2024-03-15,20240308_s097_w03,1002052.4576395277,1.9557242321429467,0.0005211088162113686,1002574.6360095099
1.0,natural,2024-03-15,2024-03-22,20240315_s097_w03,1002574.6360095099,1.9592672136371652,0.0005022385923394435,1003078.1676834146
1.0,natural,2024-03-22,2024-03-28,20240322_s097_w03,1003078.1676834146,1.9163997684388003,0.0001088995756466371,1003187.4024702157
1.0,natural,2024-03-28,2024-04-05,20240328_s097_w03,1003187.4024702157,1.9092511610859284,0.00017509301491158702,1003363.0535770355
1.0,natural,2024-04-05,2024-04-12,20240405_s097_w03,1003363.0535770355,1.9279353072647536,0.000897328026264077,1004263.3993655281
1.0,natural,2024-04-12,2024-04-19,20240412_s097_w03,1004263.3993655281,1.9601464039345682,0.00040012031171254847,1004665.2255499237
1.0,natural,2024-04-19,2024-04-26,20240419_s097_w03,1004665.2255499237,2.0225864908616833,0.0010911514106073383,1005761.4674279707
1.0,natural,2024-04-26,2024-05-03,20240426_s097_w03,1005761.4674279707,1.972096791213017,0.0006607895014494325,1006426.0640466096
1.0,natural,2024-05-03,2024-05-10,20240503_s097_w03,1006426.0640466096,1.9626896896710921,0.00017941452223890764,1006606.6314980593
1.0,natural,2024-05-10,2024-05-17,20240510_s097_w03,1006606.6314980593,1.9273755957064382,0.00024317016498343058,1006851.408198714
1.0,natural,2024-05-17,2024-05-24,20240517_s097_w03,1006851.408198714,1.8985482626579675,9.8052710513441e-05,1006950.1327083722
1.0,natural,2024-05-24,2024-05-31,20240524_s097_w03,1006950.1327083722,1.898215347702427,9.80259050316068e-05,1007048.8399064527
1.0,natural,2024-05-31,2024-06-07,20240531_s097_w03,1007048.8399064527,1.9081894390150709,0.00016485047657655016,1007214.852387647
1.0,natural,2024-06-07,2024-06-14,20240607_s097_w03,1007214.852387647,1.88370430511059,0.0002936231283734436,1007510.5939635494
1.0,natural,2024-06-14,2024-06-21,20240614_s097_w03,1007510.5939635494,1.854905692336026,0.00016937918540760322,1007681.2452872443
1.0,natural,2024-06-21,2024-06-28,20240621_s097_w03,1007681.2452872443,1.8440096908435641,0.00015005617635188706,1007832.4540818935
1.0,natural,2024-06-28,2024-07-05,20240628_s097_w03,1007832.4540818935,1.845684734101666,8.607301952956448e-05,1007919.2012643963
1.0,natural,2024-07-05,2024-07-12,20240705_s097_w03,1007919.2012643963,1.8104631095266708,0.0001562727352859561,1008076.7115549251
1.0,natural,2024-07-12,2024-07-19,20240712_s097_w03,1008076.7115549251,1.7952161379495801,0.00011931580192658942,1008196.9910361677
1.0,natural,2024-07-19,2024-07-26,20240719_s097_w03,1008196.9910361677,1.8314205105107497,0.0004759309718436189,1008676.8232099215
1.0,natural,2024-07-26,2024-08-02,20240726_s097_w03,1008676.8232099215,1.8476979816563095,0.0010294737043587965,1009715.2294756123
1.0,natural,2024-08-02,2024-08-09,20240802_s097_w03,1009715.2294756123,1.8885324739832572,0.0022014154654601548,1011938.0321974906
1.0,natural,2024-08-09,2024-08-16,20240809_s097_w03,1011938.0321974906,1.8935398689615022,0.0018842998161692215,1013844.8268455348
1.0,natural,2024-08-16,2024-08-23,20240816_s097_w03,1013844.8268455348,1.8253496454886526,0.0003636854660844513,1014213.5474739235
1.0,natural,2024-08-23,2024-08-30,20240823_s097_w03,1014213.5474739235,1.799971199573537,0.0004028672889657692,1014622.1409362267
1.0,natural,2024-08-30,2024-09-06,20240830_s097_w03,1014622.1409362267,1.7963001176938957,-0.012341562093731051,1002100.1187821879
1.0,natural,2024-09-06,2024-09-13,20240906_s097_w03,1002100.1187821879,1.8528519110157744,0.0018988910159252192,1004002.9976948011
1.0,natural,2024-09-13,2024-09-20,20240913_s097_w03,1004002.9976948011,1.784570609790423,0.000856733531567011,1004863.16072872
1.0,natural,2024-09-20,2024-09-27,20240920_s097_w03,1004863.16072872,1.7621295650986193,0.0003980675448260751,1005263.1641399974
1.0,natural,2024-09-27,2024-10-04,20240927_s097_w03,1005263.1641399974,1.7518881068818513,0.0007964211695052903,1006063.7770048424
1.0,natural,2024-10-04,2024-10-11,20241004_s097_w03,1006063.7770048424,1.7493506560607799,0.0009685154536889229,1007038.1653202683
1.0,natural,2024-10-11,2024-10-18,20241011_s097_w03,1007038.1653202683,1.731785051025683,0.0005623358986650562,1007604.4590319536
1.0,natural,2024-10-18,2024-10-25,20241018_s097_w03,1007604.4590319536,1.718092360617989,0.0002421278637871893,1007848.4281471614
1.0,natural,2024-10-25,2024-11-01,20241025_s097_w03,1007848.4281471614,1.7352403321768726,0.0010536972164003622,1008910.3952304536
1.0,natural,2024-11-01,2024-11-08,20241101_s097_w03,1008910.3952304536,1.761120007029969,0.0026829354356951995,1011617.2366812587
1.0,natural,2024-11-08,2024-11-15,20241108_s097_w03,1011617.2366812587,1.6872829304621597,0.00036193570318299173,1011983.3770771689
1.0,natural,2024-11-15,2024-11-22,20241115_s097_w03,1011983.3770771689,1.7238100181518652,0.0006081129299353449,1012598.7772536491
1.0,natural,2024-11-22,2024-11-29,20241122_s097_w03,1012598.7772536491,1.69633293422531,0.0002713867935826286,1012873.5831889936
1.0,natural,2024-11-29,2024-12-06,20241129_s097_w03,1012873.5831889936,1.6790613370933092,0.00017737609712686897,1013053.2427520626
1.0,natural,2024-12-06,2024-12-13,20241206_s097_w03,1013053.2427520626,1.6633962689720518,0.00014285080911191628,1013197.9582274632
1.0,natural,2024-12-13,2024-12-20,20241213_s097_w03,1013197.9582274632,1.674405742420048,0.0002759833423602309,1013477.5839864473
1.0,natural,2024-12-20,2024-12-27,20241220_s097_w03,1013477.5839864473,1.7088234693150528,0.0010740450180182215,1014566.104536401
1.0,natural,2024-12-27,2025-01-03,20241227_s097_w03,1014566.104536401,1.6992016719363223,0.0003215628035995177,1014892.3512574128
1.0,natural,2025-01-03,2025-01-10,20250103_s097_w03,1014892.3512574128,1.7078627482596447,0.00044089409038283733,1015339.8112974569
1.0,natural,2025-01-10,2025-01-17,20250110_s097_w03,1015339.8112974569,1.7424623899800982,0.0012047282930853775,1016563.0198952229
1.0,natural,2025-01-17,2025-01-24,20250117_s097_w03,1016563.0198952229,1.6952153255436917,0.0004952756905700628,1017066.4988469094
1.0,natural,2025-01-24,2025-01-31,20250124_s097_w03,1017066.4988469094,1.666983203048873,0.0003966406676410017,1017469.9087820472
1.0,natural,2025-01-31,2025-02-07,20250131_s097_w03,1017469.9087820472,1.6844050852664216,0.0009055497107954835,1018391.2783636879
1.0,natural,2025-02-07,2025-02-14,20250207_s097_w03,1018391.2783636879,1.6899982222910337,0.0007002998405021277,1019104.4576134947
1.0,natural,2025-02-14,2025-02-21,20250214_s097_w03,1019104.4576134947,1.666665811577699,0.00024040702841765516,1019349.4574877967
1.0,natural,2025-02-21,2025-02-28,20250221_s097_w03,1019349.4574877967,1.6952061195309154,0.001059348479767186,1020429.3037859378
1.0,natural,2025-02-28,2025-03-07,20250228_s097_w03,1020429.3037859378,1.7137111491912635,0.0009438567994795033,1021392.4429227043
1.0,natural,2025-03-07,2025-03-14,20250307_s097_w03,1021392.4429227043,1.770116128297327,0.002698346586423206,1024148.5137344633
1.0,natural,2025-03-14,2025-03-21,20250314_s097_w03,1024148.5137344633,1.8162075219390599,0.0026015528011353872,1026812.8901691479
1.0,natural,2025-03-21,2025-03-28,20250321_s097_w03,1026812.8901691479,1.8117371135965048,0.001318027497330787,1028166.2577930045
1.0,natural,2025-03-28,2025-04-04,20250328_s097_w03,1028166.2577930045,1.842281530687703,-0.02682881406573112,1000581.7764340175
1.0,natural,2025-04-04,2025-04-11,20250404_s097_w03,1000581.7764340175,1.971947153036965,0.006103569420103483,1006688.896766973
1.0,natural,2025-04-11,2025-04-17,20250411_s097_w03,1006688.896766973,1.8769743638851986,0.004898049109076208,1011619.7084208993
1.0,natural,2025-04-17,2025-04-25,20250417_s097_w03,1011619.7084208993,1.9149671020864296,0.00340166947500542,1015060.9043033486
1.0,natural,2025-04-25,2025-05-02,20250425_s097_w03,1015060.9043033486,1.8371444913038497,0.0027998935985005247,1017902.9668313956
1.0,natural,2025-05-02,2025-05-09,20250502_s097_w03,1017902.9668313956,1.7899807458769723,0.001929072752719696,1019866.5757096227
1.0,natural,2025-05-09,2025-05-16,20250509_s097_w03,1019866.5757096227,1.801913011964381,0.002008865809900673,1021915.3508042262
1.0,natural,2025-05-16,2025-05-23,20250516_s097_w03,1021915.3508042262,1.7150892875293768,0.0007669870149069613,1022699.1466086272
1.0,natural,2025-05-23,2025-05-30,20250523_s097_w03,1022699.1466086272,1.76241754455355,0.0018387612097598982,1024579.6461286658
1.0,natural,2025-05-30,2025-06-06,20250530_s097_w03,1024579.6461286658,1.7331417179923052,0.0012466824331194282,1025856.971574826
1.0,natural,2025-06-06,2025-06-13,20250606_s097_w03,1025856.971574826,1.7096590787037298,0.0006116299828045069,1026484.4164567103
1.0,natural,2025-06-13,2025-06-20,20250613_s097_w03,1026484.4164567103,1.7173992500538915,0.0014840294800149145,1028007.7495915081
1.0,natural,2025-06-20,2025-06-27,20250620_s097_w03,1028007.7495915081,1.7225793193296233,0.0013522480849501584,1029397.8711022071
1.0,natural,2025-06-27,2025-07-03,20250627_s097_w03,1029397.8711022071,1.6675623318945456,0.0003515268839964225,1029759.7321282282
1.0,natural,2025-07-03,2025-07-11,20250703_s097_w03,1029759.7321282282,1.6399145072554293,0.0006401936406603692,1030418.9777601449
1.0,natural,2025-07-11,2025-07-18,20250711_s097_w03,1030418.9777601449,1.6461024446026515,0.0005064100003993044,1030940.7922350839
1.0,natural,2025-07-18,2025-07-25,20250718_s097_w03,1030940.7922350839,1.6372481626981101,0.0003128578192663767,1031263.3301231354
1.0,natural,2025-07-25,2025-08-01,20250725_s097_w03,1031263.3301231354,1.614214148948448,0.0004961932323876983,1031775.0360083521
1.0,natural,2025-08-01,2025-08-08,20250801_s097_w03,1031775.0360083521,1.6540131785205312,0.0015181124037646487,1033341.386488411
1.0,natural,2025-08-08,2025-08-15,20250808_s097_w03,1033341.386488411,1.6172618220680435,0.0004491779280328956,1033805.5406313445
1.0,natural,2025-08-15,2025-08-22,20250815_s097_w03,1033805.5406313445,1.602849037081754,0.00045272723005718163,1034273.5725501725
1.0,natural,2025-08-22,2025-08-29,20250822_s097_w03,1034273.5725501725,1.5993319028107882,0.00035874937859747824,1034644.6175516245
1.0,natural,2025-08-29,2025-09-05,20250829_s097_w03,1034644.6175516245,1.6015526543637792,0.0003823375668488005,1035040.2010572524
1.0,natural,2025-09-05,2025-09-12,20250905_s097_w03,1035040.2010572524,1.5969146047323186,0.0004273702075137109,1035482.5464027632
1.0,natural,2025-09-12,2025-09-19,20250912_s097_w03,1035482.5464027632,1.5726563384352366,0.0005042305214841836,1036004.6683071237
1.0,natural,2025-09-19,2025-09-26,20250919_s097_w03,1036004.6683071237,1.554544906878781,0.0004081412252339156,1036427.5045217947
1.0,natural,2025-09-26,2025-10-03,20250926_s097_w03,1036427.5045217947,1.5600154643538129,0.00037930670047070514,1036820.628418812
1.0,natural,2025-10-03,2025-10-10,20251003_s097_w03,1036820.628418812,1.54385503773663,0.0005762538699825015,1037418.100318416
1.0,natural,2025-10-10,2025-10-17,20251010_s097_w03,1037418.100318416,1.5832377782339155,0.0017199516525903125,1039202.4092944857
1.0,natural,2025-10-17,2025-10-24,20251017_s097_w03,1039202.4092944857,1.5594250996674848,0.0014660842861300427,1040725.9676168609
1.0,natural,2025-10-24,2025-10-31,20251024_s097_w03,1040725.9676168609,1.5323520016306484,0.0009379108962506155,1041702.0758418996
1.0,natural,2025-10-31,2025-11-07,20251031_s097_w03,1041702.0758418996,1.5229116781636953,0.0007631355590407285,1042497.0357379011
1.0,natural,2025-11-07,2025-11-14,20251107_s097_w03,1042497.0357379011,1.5493060664572957,0.0010581381831333836,1043600.1416572187
1.0,natural,2025-11-14,2025-11-21,20251114_s097_w03,1043600.1416572187,1.5497224768303914,0.0015102218714093674,1045176.2094161552
1.0,natural,2025-11-21,2025-11-28,20251121_s097_w03,1045176.2094161552,1.5828831670460368,0.0017219471173541834,1046975.9475770866
1.0,natural,2025-11-28,2025-12-05,20251128_s097_w03,1046975.9475770866,1.5286351492855415,0.0005504380999528102,1047552.2430283673
1.0,natural,2025-12-05,2025-12-12,20251205_s097_w03,1047552.2430283673,1.5247325598485295,0.0005996739721940703,1048180.4328430248
1.0,natural,2025-12-12,2025-12-19,20251212_s097_w03,1048180.4328430248,1.5352533520832807,0.0006693606939398578,1048882.0436249268
1.0,natural,2025-12-19,2025-12-26,20251219_s097_w03,1048882.0436249268,1.5346873123490041,0.00019313775696838675,1049084.622350157
1.0,natural,2025-12-26,2026-01-02,20251226_s097_w03,1049084.622350157,1.513843743553819,0.00011111207405978263,1049201.1883184107
1.0,natural,2026-01-02,2026-01-09,20260102_s097_w03,1049201.1883184107,1.5297889404660971,0.0002653652991100319,1049479.6099055754
1.0,natural,2026-01-09,2026-01-16,20260109_s097_w03,1049479.6099055754,1.5065137236402804,0.00030432312014183616,1049798.990814987
1.0,natural,2026-01-16,2026-01-23,20260116_s097_w03,1049798.990814987,1.5126765325530416,0.0003054750744733159,1050119.6782398883
1.0,natural,2026-01-23,2026-01-30,20260123_s097_w03,1050119.6782398883,1.5184773273801162,0.0010873950596790305,1051261.5731900781
1.0,natural,2026-01-30,2026-02-06,20260130_s097_w03,1051261.5731900781,1.5149979258467852,0.0011557811752236358,1052476.6015266073
1.0,natural,2026-02-06,2026-02-13,20260206_s097_w03,1052476.6015266073,1.5182214145079833,0.0013300059518150942,1053876.4016707838
1.0,natural,2026-02-13,2026-02-20,20260213_s097_w03,1053876.4016707838,1.5416182068536564,0.0016924681703678335,1055660.0539361134
1.0,natural,2026-02-20,2026-02-27,20260220_s097_w03,1055660.0539361134,1.5278364019225372,0.0013561019982366584,1057091.6366447147
1.0,natural,2026-02-27,2026-03-06,20260227_s097_w03,1057091.6366447147,1.536720592092258,0.0018854813895510247,1059084.7632526583
1.0,natural,2026-03-06,2026-03-13,20260306_s097_w03,1059084.7632526583,1.571337711436523,0.003482185502712065,1062772.6928613998
1.0,natural,2026-03-13,2026-03-20,20260313_s097_w03,1062772.6928613998,1.602446103399831,0.0035237229642799406,1066517.6094050452
1.0,natural,2026-03-20,2026-03-27,20260320_s097_w03,1066517.6094050452,1.6391622084545465,0.002531322627509658,1069217.3095623697
1.0,natural,2026-03-27,2026-04-02,20260327_s097_w03,1069217.3095623697,1.6788231677109875,0.003198379564231857,1072637.072354997
1.0,natural,2026-04-02,2026-04-10,20260402_s097_w03,1072637.072354997,1.629481385121796,0.002502016675037577,1075320.8281962927
1.0,natural,2026-04-10,2026-04-17,20260410_s097_w03,1075320.8281962927,1.5774360546081632,0.0011178117656547304,1076522.8344699042
1.0,natural,2026-04-17,2026-04-24,20260417_s097_w03,1076522.8344699042,1.5106844814922094,0.0006834070945174187,1077258.5378123908
1.0,natural,2026-04-24,2026-05-01,20260424_s097_w03,1077258.5378123908,1.5034842961508033,0.0013705359734890177,1078734.959391211
1.0,natural,2026-05-01,2026-05-08,20260501_s097_w03,1078734.959391211,1.4920014355319402,0.0007773038219156536,1079573.4641979798
1.0,natural,2026-05-08,2026-05-15,20260508_s097_w03,1079573.4641979798,1.459094002173075,0.0006514455313793022,1080276.7475070271
1.0,natural,2026-05-15,2026-05-22,20260515_s097_w03,1080276.7475070271,1.4581585307512008,0.0011432813659986163,1081511.8077825734
1.0,natural,2026-05-22,2026-05-29,20260522_s097_w03,1081511.8077825734,1.4471347000680925,0.0006315673795855847,1082194.8553610055
1.0,natural,2026-05-29,2026-06-05,20260529_s097_w03,1082194.8553610055,1.4276863863817115,0.00047097252164274295,1082704.5394009438
1.0,natural,2026-06-05,2026-06-12,20260605_s097_w03,1082704.5394009438,1.4663361725002366,0.0021222306720716233,1085002.2881832516
1.0,natural,2026-06-12,2026-06-18,20260612_s097_w03,1085002.2881832516,1.460012290837096,0.0009109919229310925,1085990.7165041484
1.0,natural,2026-06-18,2026-06-26,20260618_s097_w03,1085990.7165041484,1.4478756378741644,0.0008292691945439579,1086891.295150906
1.0,natural,2026-06-26,2026-07-02,20260626_s097_w03,1086891.295150906,1.4779553118760551,0.001015770963386009,1087995.3277688774
1.0,natural,2026-07-02,2026-07-10,20260702_s097_w03,1087995.3277688774,1.4539093944506336,0.0006841955943737155,1088739.729378836
1.0,natural,2026-07-10,2026-07-17,20260710_s097_w03,1088739.729378836,1.4372061500853859,0.0003260558143438619,1089094.719297907
1.0,natural,2026-07-17,2026-07-24,20260717_s097_w03,1089094.719297907,1.4603647079118756,0.0012564212341379388,1090463.0810292205
1.0,natural,2026-07-24,2026-07-31,20260724_s097_w03,1090463.0810292205,1.4712169810262457,0.001466544705819972,1092062.293887596
1.0,natural,2026-07-31,2026-08-07,20260731_s097_w03,1092062.293887596,1.4580815605411486,0.0006101696550617763,1092728.6371607634
1.0,natural,2026-08-07,2026-08-14,20260807_s097_w03,1092728.6371607634,1.4085838191805518,0.00037640312627784667,1093139.943635964
1.0,natural,2026-08-14,2026-08-21,20260814_s097_w03,1093139.943635964,1.4040247535793478,0.00022091614072050625,1093381.4358935796
1.0,natural,2026-08-21,2026-08-28,20260821_s097_w03,1093381.4358935796,1.4247181451997544,0.000452154371891611,1093875.813089964
1.0,natural,2026-08-28,2026-09-04,20260828_s097_w03,1093875.813089964,1.4184516197793031,0.0002749048290442424,1094176.5248333572
1.0,natural,2026-09-04,2026-09-11,20260904_s097_w03,1094176.5248333572,1.4175841616222655,0.0003005726389044838,1094505.4043588536
1.0,natural,2026-09-11,2026-09-18,20260911_s097_w03,1094505.4043588536,1.4294217918169996,0.0007013208880912725,1095273.0038610592
2.0,realistic,2024-01-05,2024-01-12,20240105_s097_w03,1000000.0,4.2578192730355715,0.00045558666221490185,1000455.5866622148
2.0,realistic,2024-01-12,2024-01-19,20240112_s097_w03,1000455.5866622148,4.1826551960404865,0.00032191778864443243,1000777.65111231
2.0,realistic,2024-01-19,2024-01-26,20240119_s097_w03,1000777.65111231,4.1356071374548735,0.0004266696368246947,1001204.6525492523
2.0,realistic,2024-01-26,2024-02-02,20240126_s097_w03,1001204.6525492523,4.094094253572294,0.0007033369349827012,1001908.8367608667
2.0,realistic,2024-02-02,2024-02-09,20240202_s097_w03,1001908.8367608667,4.041087580533612,0.0005273655464133054,1002437.2089620215
2.0,realistic,2024-02-09,2024-02-16,20240209_s097_w03,1002437.2089620215,3.9885220306620517,0.0003710254128976853,1002809.1386413807
2.0,realistic,2024-02-16,2024-02-23,20240216_s097_w03,1002809.1386413807,4.006773150139386,0.0005873457175196162,1003398.1342944512
2.0,realistic,2024-02-23,2024-03-01,20240223_s097_w03,1003398.1342944512,3.9435551517282343,0.00042053137913367067,1003820.0946956861
2.0,realistic,2024-03-01,2024-03-08,20240301_s097_w03,1003820.0946956861,3.9081348915318985,0.0004701114180181154,1004292.0019838386
2.0,realistic,2024-03-08,2024-03-15,20240308_s097_w03,1004292.0019838386,3.920190384151935,0.0010617348165502527,1005358.2937683279
2.0,realistic,2024-03-15,2024-03-22,20240315_s097_w03,1005358.2937683279,3.9294142743898464,0.0010337907211970254,1006397.623843904
2.0,realistic,2024-03-22,2024-03-28,20240322_s097_w03,1006397.623843904,3.8454833041496888,0.00023690434000300797,1006636.0438087613
2.0,realistic,2024-03-28,2024-04-05,20240328_s097_w03,1006636.0438087613,3.8316291267221816,0.0003739758416319017,1007012.5013704618
2.0,realistic,2024-04-05,2024-04-12,20240405_s097_w03,1007012.5013704618,3.8698952474435506,0.0018234781518728926,1008848.7666653737
2.0,realistic,2024-04-12,2024-04-19,20240412_s097_w03,1008848.7666653737,3.938192476878661,0.0008539158107736533,1009710.2385779087
2.0,realistic,2024-04-19,2024-04-26,20240419_s097_w03,1009710.2385779087,4.065486166527863,0.002227599697116611,1011959.4687995403
2.0,realistic,2024-04-26,2024-05-03,20240426_s097_w03,1011959.4687995403,3.9684996609797576,0.0013509909985123247,1013326.6169327479
2.0,realistic,2024-05-03,2024-05-10,20240503_s097_w03,1013326.6169327479,3.9522937141085115,0.00037833062298209263,1013709.9894230164
2.0,realistic,2024-05-10,2024-05-17,20240510_s097_w03,1013709.9894230164,3.8819531554844926,0.0005054875870520448,1014222.4072395404
2.0,realistic,2024-05-17,2024-05-24,20240517_s097_w03,1014222.4072395404,3.8248944651292196,0.00021496171151036414,1014440.4262240527
2.0,realistic,2024-05-24,2024-05-31,20240524_s097_w03,1014440.4262240527,3.8246708031289938,0.00021490294564641133,1014658.432459831
2.0,realistic,2024-05-31,2024-06-07,20240531_s097_w03,1014658.432459831,3.845216693179034,0.00035338636645398935,1015016.99891647
2.0,realistic,2024-06-07,2024-06-14,20240607_s097_w03,1015016.99891647,3.7965919308813305,0.0006106238943563991,1015636.7925491864
2.0,realistic,2024-06-14,2024-06-21,20240614_s097_w03,1015636.7925491864,3.7397333172132328,0.00034796376132617546,1015990.197347663
2.0,realistic,2024-06-21,2024-06-28,20240621_s097_w03,1015990.197347663,3.7184293713377725,0.00031841188640480134,1016313.7007029693
2.0,realistic,2024-06-28,2024-07-05,20240628_s097_w03,1016313.7007029693,3.722433574843817,0.00019045944746975962,1016507.2672488613
2.0,realistic,2024-07-05,2024-07-12,20240705_s097_w03,1016507.2672488613,3.65177864577078,0.0003349984497795777,1016847.7956075794
2.0,realistic,2024-07-12,2024-07-19,20240712_s097_w03,1016847.7956075794,3.621671945376991,0.0002564399324989086,1017108.5559876466
2.0,realistic,2024-07-19,2024-07-26,20240719_s097_w03,1017108.5559876466,3.6952172787925397,0.0009791099000908687,1018104.4170442811
2.0,realistic,2024-07-26,2024-08-02,20240726_s097_w03,1018104.4170442811,3.729934966685747,0.002100162992966892,1020242.6022639337
2.0,realistic,2024-08-02,2024-08-09,20240802_s097_w03,1020242.6022639337,3.8164449331268804,0.004524404427313611,1024858.5924105507
2.0,realistic,2024-08-09,2024-08-16,20240809_s097_w03,1024858.5924105507,3.835433678805369,0.0038247356745280126,1028778.4056302898
2.0,realistic,2024-08-16,2024-08-23,20240816_s097_w03,1028778.4056302898,3.7044728113797176,0.0007633793941577149,1029563.7538663023
2.0,realistic,2024-08-23,2024-08-30,20240823_s097_w03,1029563.7538663023,3.6544278267626065,0.0008323557644271951,1030420.7171916781
2.0,realistic,2024-08-30,2024-09-06,20240830_s097_w03,1030420.7171916781,3.6485402415084485,-0.02466542005855321,1005004.9573651097
2.0,realistic,2024-09-06,2024-09-13,20240906_s097_w03,1005004.9573651097,3.7164457341792088,0.003853251097554411,1008877.4938201244
2.0,realistic,2024-09-13,2024-09-20,20240913_s097_w03,1008877.4938201244,3.5864696190831626,0.0017490161723276998,1010642.0368727134
2.0,realistic,2024-09-20,2024-09-27,20240920_s097_w03,1010642.0368727134,3.54452682216634,0.000822439112437845,1011473.2284125114
2.0,realistic,2024-09-27,2024-10-04,20240927_s097_w03,1011473.2284125114,3.5254209693462797,0.0016189830776158765,1013110.7864527728
2.0,realistic,2024-10-04,2024-10-11,20241004_s097_w03,1013110.7864527728,3.523208089689289,0.0019761540630476304,1015112.8494497387
2.0,realistic,2024-10-11,2024-10-18,20241011_s097_w03,1015112.8494497387,3.4913418742616558,0.001154766226157733,1016285.0674840221
2.0,realistic,2024-10-18,2024-10-25,20241018_s097_w03,1016285.0674840221,3.4657877801214925,0.0004970441710840934,1016790.2060529748
2.0,realistic,2024-10-25,2024-11-01,20241025_s097_w03,1016790.2060529748,3.5012712737950094,0.0021461333010508454,1018972.3733743675
2.0,realistic,2024-11-01,2024-11-08,20241101_s097_w03,1018972.3733743675,3.557367714405413,0.005418237861026576,1024493.4080671247
2.0,realistic,2024-11-08,2024-11-15,20241108_s097_w03,1024493.4080671247,3.4175183599551806,0.0007530597695259988,1025264.9128368845
2.0,realistic,2024-11-15,2024-11-22,20241115_s097_w03,1025264.9128368845,3.4928675075915794,0.0012417768233132787,1026538.0630434016
2.0,realistic,2024-11-22,2024-11-29,20241122_s097_w03,1026538.0630434016,3.439368807652003,0.0005553377905715973,1027108.1384232698
2.0,realistic,2024-11-29,2024-12-06,20241129_s097_w03,1027108.1384232698,3.4053165031920942,0.0003713293995928346,1027489.5338716274
2.0,realistic,2024-12-06,2024-12-13,20241206_s097_w03,1027489.5338716274,3.374200259024674,0.000302121251454901,1027799.9602954576
2.0,realistic,2024-12-13,2024-12-20,20241213_s097_w03,1027799.9602954576,3.3970738720960925,0.000564361146203618,1028380.0106591181
2.0,realistic,2024-12-20,2024-12-27,20241220_s097_w03,1028380.0106591181,3.467900869946157,0.0021860272619473875,1030628.0773980607
2.0,realistic,2024-12-27,2025-01-03,20241227_s097_w03,1030628.0773980607,3.4522047295469656,0.0006640606855583542,1031312.4769856934
2.0,realistic,2025-01-03,2025-01-10,20250103_s097_w03,1031312.4769856934,3.4709891331371545,0.0009070302088407534,1032247.9085570739
2.0,realistic,2025-01-10,2025-01-17,20250110_s097_w03,1032247.9085570739,3.5429580083103396,0.002439488986639482,1034766.0659614805
2.0,realistic,2025-01-17,2025-01-24,20250117_s097_w03,1034766.0659614805,3.451141265302483,0.0010072273303174395,1035808.3106236019
2.0,realistic,2025-01-24,2025-01-31,20250124_s097_w03,1035808.3106236019,3.395402478295327,0.0008178665006315367,1036655.4635419366
2.0,realistic,2025-01-31,2025-02-07,20250131_s097_w03,1036655.4635419366,3.4323329257952544,0.0018359316805709458,1038558.6921492901
2.0,realistic,2025-02-07,2025-02-14,20250207_s097_w03,1038558.6921492901,3.4469312154702045,0.001425491855429506,1040039.1491063345
2.0,realistic,2025-02-14,2025-02-21,20250214_s097_w03,1040039.1491063345,3.4018057316265744,0.0004971682764551844,1040556.2235775418
2.0,realistic,2025-02-21,2025-02-28,20250221_s097_w03,1040556.2235775418,3.460947106936084,0.0021519575083495113,1042795.4563557294
2.0,realistic,2025-02-28,2025-03-07,20250228_s097_w03,1042795.4563557294,3.5025458270408243,0.0019296986522798765,1044807.7373424625
2.0,realistic,2025-03-07,2025-03-14,20250307_s097_w03,1044807.7373424625,3.6213916397258665,0.005448684436553997,1050500.5650001117
2.0,realistic,2025-03-14,2025-03-21,20250314_s097_w03,1050500.5650001117,3.7258796011866577,0.005238573261454826,1056003.6891710644
2.0,realistic,2025-03-21,2025-03-28,20250321_s097_w03,1056003.6891710644,3.726484336305676,0.0026669324795385307,1058819.9797082273
2.0,realistic,2025-03-28,2025-04-04,20250328_s097_w03,1058819.9797082273,3.7944145281070076,-0.05361283280977347,1002053.6411604824
2.0,realistic,2025-04-04,2025-04-11,20250404_s097_w03,1002053.6411604824,3.949695809809791,0.01249290492542321,1014572.2020296745
2.0,realistic,2025-04-11,2025-04-17,20250411_s097_w03,1014572.2020296745,3.783345618762823,0.009907968391941857,1024624.5513387274
2.0,realistic,2025-04-17,2025-04-25,20250417_s097_w03,1024624.5513387274,3.879169793689628,0.0068790578030994975,1031673.0028538614
2.0,realistic,2025-04-25,2025-05-02,20250425_s097_w03,1031673.0028538614,3.7344209908678674,0.005690281495595029,1037543.5126515058
2.0,realistic,2025-05-02,2025-05-09,20250502_s097_w03,1037543.5126515058,3.6490372288371136,0.003893315473583847,1041582.9968638285
2.0,realistic,2025-05-09,2025-05-16,20250509_s097_w03,1041582.9968638285,3.680563712530498,0.004075153025977052,1045827.6069653044
2.0,realistic,2025-05-16,2025-05-23,20250516_s097_w03,1045827.6069653044,3.510442863779435,0.0015591486583119707,1047458.2076755299
2.0,realistic,2025-05-23,2025-05-30,20250523_s097_w03,1047458.2076755299,3.6101696740741116,0.0037292214226061215,1051364.411262878
2.0,realistic,2025-05-30,2025-06-06,20250530_s097_w03,1051364.411262878,3.5568997078110747,0.0025314250490682255,1054025.8614692476
2.0,realistic,2025-06-06,2025-06-13,20250606_s097_w03,1054025.8614692476,3.513208825754867,0.001260757716598615,1055354.7327075894
2.0,realistic,2025-06-13,2025-06-20,20250613_s097_w03,1055354.7327075894,3.5314036870607977,0.0030182516143710814,1058540.0588333183
2.0,realistic,2025-06-20,2025-06-27,20250620_s097_w03,1058540.0588333183,3.547481455762947,0.00273800913359179,1061438.3511826766
2.0,realistic,2025-06-27,2025-07-03,20250627_s097_w03,1061438.3511826766,3.4389319460419676,0.000723303012462706,1062206.0927396305
2.0,realistic,2025-07-03,2025-07-11,20250703_s097_w03,1062206.0927396305,3.3831720678740176,0.0013042751037335432,1063591.5017014248
2.0,realistic,2025-07-11,2025-07-18,20250711_s097_w03,1063591.5017014248,3.398191626507208,0.0010407763888335975,1064698.4626237596
2.0,realistic,2025-07-18,2025-07-25,20250718_s097_w03,1064698.4626237596,3.3817181643943703,0.0006376264692158351,1065377.3425452618
2.0,realistic,2025-07-25,2025-08-01,20250725_s097_w03,1065377.3425452618,3.3352241470669126,0.0010197788356485216,1066463.791811169
2.0,realistic,2025-08-01,2025-08-08,20250801_s097_w03,1066463.791811169,3.419243739206675,0.003068286315528468,1069736.0080695897
2.0,realistic,2025-08-08,2025-08-15,20250808_s097_w03,1069736.0080695897,3.3484446247171045,0.0009218320543951108,1070722.125011569
2.0,realistic,2025-08-15,2025-08-22,20250815_s097_w03,1070722.125011569,3.3201716562842885,0.0009287109959050799,1071716.516422626
2.0,realistic,2025-08-22,2025-08-29,20250822_s097_w03,1071716.516422626,3.314462364648306,0.0007406937601213137,1072510.3301589594
2.0,realistic,2025-08-29,2025-09-05,20250829_s097_w03,1072510.3301589594,3.3203319032642615,0.0007878940142753699,1073355.35462834
2.0,realistic,2025-09-05,2025-09-12,20250905_s097_w03,1073355.35462834,3.3120584884003397,0.000874026074211276,1074293.4951951795
2.0,realistic,2025-09-12,2025-09-19,20250912_s097_w03,1074293.4951951795,3.263202224755403,0.0010312425424330307,1075401.3523504839
2.0,realistic,2025-09-19,2025-09-26,20250919_s097_w03,1075401.3523504839,3.227320776225315,0.0008387902386242096,1076303.3885074388
2.0,realistic,2025-09-26,2025-10-03,20250926_s097_w03,1076303.3885074388,3.2400721190484507,0.0007811911807311667,1077144.187222332
2.0,realistic,2025-10-03,2025-10-10,20251003_s097_w03,1077144.187222332,3.207795898791075,0.0011860108719410345,1078421.6919390257
2.0,realistic,2025-10-10,2025-10-17,20251010_s097_w03,1078421.6919390257,3.291629407701195,0.0035391019364301446,1082238.3362372553
2.0,realistic,2025-10-17,2025-10-24,20251017_s097_w03,1082238.3362372553,3.248009454667283,0.002969683523286859,1085452.2415926484
2.0,realistic,2025-10-24,2025-10-31,20251024_s097_w03,1085452.2415926484,3.196412824958557,0.0018979076063843081,1087512.3296583341
2.0,realistic,2025-10-31,2025-11-07,20251031_s097_w03,1087512.3296583341,3.179767546580266,0.001555510028389273,1089203.9659931147
2.0,realistic,2025-11-07,2025-11-14,20251107_s097_w03,1089203.9659931147,3.2374390607797245,0.0021459993489389984,1091541.3969949977
2.0,realistic,2025-11-14,2025-11-21,20251114_s097_w03,1091541.3969949977,3.2418283014561196,0.0030649930605590736,1094886.9638021004
2.0,realistic,2025-11-21,2025-11-28,20251121_s097_w03,1094886.9638021004,3.3163367654313545,0.0034969005224019245,1098715.674597791
2.0,realistic,2025-11-28,2025-12-05,20251128_s097_w03,1098715.674597791,3.2083552695703124,0.0011373774001679493,1099965.3289752887
2.0,realistic,2025-12-05,2025-12-12,20251205_s097_w03,1099965.3289752887,3.202041641273456,0.0012284583313877384,1101316.590547906
2.0,realistic,2025-12-12,2025-12-19,20251212_s097_w03,1101316.590547906,3.2261620888258205,0.0013643533619367432,1102819.1755407767
2.0,realistic,2025-12-19,2025-12-26,20251219_s097_w03,1102819.1755407767,3.227212453115156,0.0004082229863195952,1103269.3716779863
2.0,realistic,2025-12-26,2026-01-02,20251226_s097_w03,1103269.3716779863,3.1840661852954146,0.00024747689222426317,1103542.4053533755
2.0,realistic,2026-01-02,2026-01-09,20260102_s097_w03,1103542.4053533755,3.2180424228277165,0.000548956236895437,1104148.2018394729
2.0,realistic,2026-01-09,2026-01-16,20260109_s097_w03,1104148.2018394729,3.1699794894606215,0.0006301785365201429,1104844.0123374094
2.0,realistic,2026-01-16,2026-01-23,20260116_s097_w03,1104844.0123374094,3.1839840278320124,0.0006325639513857784,1105542.8968315185
2.0,realistic,2026-01-23,2026-01-30,20260123_s097_w03,1105542.8968315185,3.1972390539305855,0.002200095190560747,1107975.1964417961
2.0,realistic,2026-01-30,2026-02-06,20260130_s097_w03,1107975.1964417961,3.193458540304701,0.002343987632794642,1110572.276599699
2.0,realistic,2026-02-06,2026-02-13,20260206_s097_w03,1110572.276599699,3.2040514919702385,0.002685256051305318,1113554.4475258503
2.0,realistic,2026-02-13,2026-02-20,20260213_s097_w03,1113554.4475258503,3.2578313887798407,0.003421506525921103,1117364.4813350283
2.0,realistic,2026-02-20,2026-02-27,20260220_s097_w03,1117364.4813350283,3.2342800552767064,0.0027483860135022464,1120435.4302475136
2.0,realistic,2026-02-27,2026-03-06,20260227_s097_w03,1120435.4302475136,3.257610103200151,0.003800037280097479,1124693.1266523963
2.0,realistic,2026-03-06,2026-03-13,20260306_s097_w03,1124693.1266523963,3.3373584155336546,0.007038554761340299,1132609.3408140421
2.0,realistic,2026-03-13,2026-03-20,20260313_s097_w03,1132609.3408140421,3.415491265540837,0.0071002188441569025,1140651.114998758
2.0,realistic,2026-03-20,2026-03-27,20260320_s097_w03,1140651.114998758,3.5062003369649393,0.005124122428729505,1146495.9509604785
2.0,realistic,2026-03-27,2026-04-02,20260327_s097_w03,1146495.9509604785,3.600323240085024,0.006467415525317266,1153910.8166734336
2.0,realistic,2026-04-02,2026-04-10,20260402_s097_w03,1153910.8166734336,3.5058944806594536,0.005049607424301605,1159737.6133002897
2.0,realistic,2026-04-10,2026-04-17,20260410_s097_w03,1159737.6133002897,3.402541599001093,0.0022612950613605243,1162360.1222377198
2.0,realistic,2026-04-17,2026-04-24,20260417_s097_w03,1162360.1222377198,3.2622798929008714,0.0014018966887534567,1163989.631044224
2.0,realistic,2026-04-24,2026-05-01,20260424_s097_w03,1163989.631044224,3.2490624482980617,0.00276549595872555,1167208.639664875
2.0,realistic,2026-05-01,2026-05-08,20260501_s097_w03,1167208.639664875,3.2287392761018654,0.0015857274587658399,1169059.5144549005
2.0,realistic,2026-05-08,2026-05-15,20260508_s097_w03,1169059.5144549005,3.160077164348858,0.0013197853970785545,1170602.4221303938
2.0,realistic,2026-05-15,2026-05-22,20260515_s097_w03,1170602.4221303938,3.1601604160906898,0.002310184247823477,1173306.7294064634
2.0,realistic,2026-05-22,2026-05-29,20260522_s097_w03,1173306.7294064634,3.1399248158534183,0.0012765154239928744,1174804.4735436256
2.0,realistic,2026-05-29,2026-06-05,20260529_s097_w03,1174804.4735436256,3.099723391272377,0.0009617338046992163,1175934.3227197444
2.0,realistic,2026-06-05,2026-06-12,20260605_s097_w03,1175934.3227197444,3.185199601809345,0.004305406066698048,1180997.1974868204
2.0,realistic,2026-06-12,2026-06-18,20260612_s097_w03,1180997.1974868204,3.1783719583892753,0.0018455323815362856,1183176.766057286
2.0,realistic,2026-06-18,2026-06-26,20260618_s097_w03,1183176.766057286,3.1548940314841816,0.0016885360689551376,1185174.6027027234
2.0,realistic,2026-06-26,2026-07-02,20260626_s097_w03,1185174.6027027234,3.223202002591957,0.0020621374377174373,1187618.5956211886
2.0,realistic,2026-07-02,2026-07-10,20260702_s097_w03,1187618.5956211886,3.174075823907793,0.001391776780352183,1189271.4956064885
2.0,realistic,2026-07-10,2026-07-17,20260710_s097_w03,1189271.4956064885,3.139829036241866,0.0006719125890728428,1190070.582096212
2.0,realistic,2026-07-17,2026-07-24,20260717_s097_w03,1190070.582096212,3.191526039420748,0.0025430126686687426,1193096.9466630928
2.0,realistic,2026-07-24,2026-07-31,20260724_s097_w03,1193096.9466630928,3.219374444634263,0.0029533269190800127,1196620.5519927451
2.0,realistic,2026-07-31,2026-08-07,20260731_s097_w03,1196620.5519927451,3.1953678312874305,0.0012470425773034588,1198112.7887699564
2.0,realistic,2026-08-07,2026-08-14,20260807_s097_w03,1198112.7887699564,3.088858899497038,0.0007656967705791384,1199030.1798631072
2.0,realistic,2026-08-14,2026-08-21,20260814_s097_w03,1199030.1798631072,3.080059534220307,0.0004578872335285755,1199579.200475082
2.0,realistic,2026-08-21,2026-08-28,20260821_s097_w03,1199579.200475082,3.126195849711516,0.000923854321818629,1200687.4369038048
2.0,realistic,2026-08-28,2026-09-04,20260828_s097_w03,1200687.4369038048,3.1139129677141724,0.0005725022736937646,1201374.8331914276
2.0,realistic,2026-09-04,2026-09-11,20260904_s097_w03,1201374.8331914276,3.1129345166002955,0.0006205788535997847,1202120.3810081533
2.0,realistic,2026-09-11,2026-09-18,20260911_s097_w03,1202120.3810081533,3.13993345698825,0.0014287617347708004,1203837.9246091258
2.0,natural,2024-01-05,2024-01-12,20240105_s097_w03,1000000.0,4.2578192730355715,0.0004342975658495618,1000434.2975658496
2.0,natural,2024-01-12,2024-01-19,20240112_s097_w03,1000434.2975658496,4.182566191640173,0.00030101403613502775,1000735.4423316477
2.0,natural,2024-01-19,2024-01-26,20240119_s097_w03,1000735.4423316477,4.135432714160771,0.00040084217696834124,1001136.5793049213
2.0,natural,2024-01-26,2024-02-02,20240126_s097_w03,1001136.5793049213,4.093815890624492,0.000682891093849447,1001820.2465586556
2.0,natural,2024-02-02,2024-02-09,20240202_s097_w03,1001820.2465586556,4.040730261830776,0.0005122403395372288,1002333.4193019081
2.0,natural,2024-02-09,2024-02-16,20240209_s097_w03,1002333.4193019081,3.9881090697880777,0.00034615775787782965,1002680.3847909797
2.0,natural,2024-02-16,2024-02-23,20240216_s097_w03,1002680.3847909797,4.006258707808453,0.000567367972025723,1003249.2735274885
2.0,natural,2024-02-23,2024-03-01,20240223_s097_w03,1003249.2735274885,3.9429700991709473,0.0004008803801085481,1003651.4564776039
2.0,natural,2024-03-01,2024-03-08,20240301_s097_w03,1003651.4564776039,3.907478338721673,0.00045551168453927815,1004108.6314432343
2.0,natural,2024-03-08,2024-03-15,20240308_s097_w03,1004108.6314432343,3.9194746088310186,0.0010422176324225152,1005155.1311637921
2.0,natural,2024-03-15,2024-03-22,20240315_s097_w03,1005155.1311637921,3.9286202191328963,0.001004477184679109,1006164.7865601092
2.0,natural,2024-03-22,2024-03-28,20240322_s097_w03,1006164.7865601092,3.8445936241005683,0.00021779915129305216,1006383.928396683
2.0,natural,2024-03-28,2024-04-05,20240328_s097_w03,1006383.928396683,3.8306694822089966,0.0003501860298233961,1006736.3499890462
2.0,natural,2024-04-05,2024-04-12,20240405_s097_w03,1006736.3499890462,3.868834012436974,0.0017946560525283761,1008543.0954728543
2.0,natural,2024-04-12,2024-04-19,20240412_s097_w03,1008543.0954728543,3.9369992435313503,0.0008002406234250969,1009350.1726283267
2.0,natural,2024-04-19,2024-04-26,20240419_s097_w03,1009350.1726283267,4.064036400960343,0.0021823028212148987,1011552.8803576472
2.0,natural,2024-04-26,2024-05-03,20240426_s097_w03,1011552.8803576472,3.966905183983831,0.001321579002898865,1012889.7274046497
2.0,natural,2024-05-03,2024-05-10,20240503_s097_w03,1012889.7274046497,3.9505897070225346,0.0003588290444778153,1013253.1816576958
2.0,natural,2024-05-10,2024-05-17,20240510_s097_w03,1013253.1816576958,3.8802038323402614,0.0004863403299666391,1013745.967544403
2.0,natural,2024-05-17,2024-05-24,20240517_s097_w03,1013745.967544403,3.823097688071357,0.00019610542102710404,1013944.7686241828
2.0,natural,2024-05-24,2024-05-31,20240524_s097_w03,1013944.7686241828,3.8228020614054135,0.00019605181006343564,1014143.5543313759
2.0,natural,2024-05-31,2024-06-07,20240531_s097_w03,1014143.5543313759,3.8432654769754797,0.0003297009531528783,1014477.9184278727
2.0,natural,2024-06-07,2024-06-14,20240607_s097_w03,1014477.9184278727,3.794575542352578,0.0005872462567471093,1015073.666788022
2.0,natural,2024-06-14,2024-06-21,20240614_s097_w03,1015073.666788022,3.7376598001978425,0.0003387583708149844,1015417.5314896402
2.0,natural,2024-06-21,2024-06-28,20240621_s097_w03,1015417.5314896402,3.716333467704063,0.0003001123527035521,1015722.2708339919
2.0,natural,2024-06-28,2024-07-05,20240628_s097_w03,1015722.2708339919,3.72026735549646,0.000172146039059351,1015897.1233997003
2.0,natural,2024-07-05,2024-07-12,20240705_s097_w03,1015897.1233997003,3.6495867182253483,0.0003125454705719122,1016214.6374441859
2.0,natural,2024-07-12,2024-07-19,20240712_s097_w03,1016214.6374441859,3.6194168476453012,0.00023863160385317883,1016457.1383729782
2.0,natural,2024-07-19,2024-07-26,20240719_s097_w03,1016457.1383729782,3.6928506389572324,0.0009518619436874598,1017424.665240385
2.0,natural,2024-07-26,2024-08-02,20240726_s097_w03,1017424.665240385,3.727444622886453,0.002058947408717815,1019519.4891184472
2.0,natural,2024-08-02,2024-08-09,20240802_s097_w03,1019519.4891184472,3.81373996717658,0.0044028309309203095,1024008.261059814
2.0,natural,2024-08-09,2024-08-16,20240809_s097_w03,1024008.261059814,3.832251396366688,0.003768599632338221,1027867.3382159553
2.0,natural,2024-08-16,2024-08-23,20240816_s097_w03,1027867.3382159553,3.701192197743909,0.0007273709321691246,1028614.9790398995
2.0,natural,2024-08-23,2024-08-30,20240823_s097_w03,1028614.9790398995,3.651060158549815,0.0008057345779315384,1029443.7696958904
2.0,natural,2024-08-30,2024-09-06,20240830_s097_w03,1029443.7696958904,3.6450810406279217,-0.024683124187462102,1004033.8812844775
2.0,natural,2024-09-06,2024-09-13,20240906_s097_w03,1004033.8812844775,3.71285475531788,0.0037977820318506605,1007846.983118189
2.0,natural,2024-09-13,2024-09-20,20240913_s097_w03,1007846.983118189,3.5828062453363296,0.0017134670631342441,1009573.8957284412
2.0,natural,2024-09-20,2024-09-27,20240920_s097_w03,1009573.8957284412,3.540780634300013,0.0007961350896519281,1010377.6529324272
2.0,natural,2024-09-27,2024-10-04,20240927_s097_w03,1010377.6529324272,3.5216024157133257,0.0015928423390105806,1011987.0252364082
2.0,natural,2024-10-04,2024-10-11,20241004_s097_w03,1011987.0252364082,3.5193000821334346,0.0019370309073778458,1013947.2753821566
2.0,natural,2024-10-11,2024-10-18,20241011_s097_w03,1013947.2753821566,3.4873330415964907,0.0011246717973301124,1015087.6332867587
2.0,natural,2024-10-18,2024-10-25,20241018_s097_w03,1015087.6332867587,3.4617042282312247,0.0004842557275741566,1015579.1952871676
2.0,natural,2024-10-25,2024-11-01,20241025_s097_w03,1015579.1952871676,3.4971012127722574,0.0021073944328009464,1017719.4212293841
2.0,natural,2024-11-01,2024-11-08,20241101_s097_w03,1017719.4212293841,3.5529934922726794,0.005365870871390399,1023180.3722270073
2.0,natural,2024-11-08,2024-11-15,20241108_s097_w03,1023180.3722270073,3.413138318018799,0.0007238714063659835,1023921.0232420174
2.0,natural,2024-11-15,2024-11-22,20241115_s097_w03,1023921.0232420174,3.4882891510703233,0.0012162258598706899,1025166.3424689495
2.0,natural,2024-11-22,2024-11-29,20241122_s097_w03,1025166.3424689495,3.4347729206348205,0.0005427735871650352,1025722.7756820923
2.0,natural,2024-11-29,2024-12-06,20241129_s097_w03,1025722.7756820923,3.400723414666205,0.00035475219425373794,1026086.6530874616
2.0,natural,2024-12-06,2024-12-13,20241206_s097_w03,1026086.6530874616,3.3695933014360384,0.00028570161822383255,1026379.8077046865
2.0,natural,2024-12-13,2024-12-20,20241213_s097_w03,1026379.8077046865,3.3923799983396554,0.0005519666847204618,1026946.3351644092
2.0,natural,2024-12-20,2024-12-27,20241220_s097_w03,1026946.3351644092,3.46306623251273,0.002148090036036221,1029152.3083545199
2.0,natural,2024-12-27,2025-01-03,20241227_s097_w03,1029152.3083545199,3.447261475056274,0.0006431256071990354,1029814.1825577307
2.0,natural,2025-01-03,2025-01-10,20250103_s097_w03,1029814.1825577307,3.4659464678017184,0.0008817881807654526,1030722.2605322947
2.0,natural,2025-01-10,2025-01-17,20250110_s097_w03,1030722.2605322947,3.537721565744125,0.002409456586170755,1033205.7410714471
2.0,natural,2025-01-17,2025-01-24,20250117_s097_w03,1033205.7410714471,3.445937285589185,0.0009905513811399036,1034229.1844452672
2.0,natural,2025-01-24,2025-01-31,20250124_s097_w03,1034229.1844452672,3.390226067868353,0.0007932813352817814,1035049.6191536913
2.0,natural,2025-01-31,2025-02-07,20250131_s097_w03,1035049.6191536913,3.4270160266312395,0.001811099421590967,1036924.1969202586
2.0,natural,2025-02-07,2025-02-14,20250207_s097_w03,1036924.1969202586,3.441506396758393,0.0014005996810042554,1038376.5126196906
2.0,natural,2025-02-14,2025-02-21,20250214_s097_w03,1038376.5126196906,3.3963675071763344,0.00048081405683508827,1038875.7786432456
2.0,natural,2025-02-21,2025-02-28,20250221_s097_w03,1038875.7786432456,3.4553578548592263,0.002118696959534372,1041076.8415967909
2.0,natural,2025-02-28,2025-03-07,20250228_s097_w03,1041076.8415967909,3.4967733364574385,0.0018877135989587845,1043042.0965082343
2.0,natural,2025-03-07,2025-03-14,20250307_s097_w03,1043042.0965082343,3.615271779844185,0.005396693172846412,1048671.0746694517
2.0,natural,2025-03-14,2025-03-21,20250314_s097_w03,1048671.0746694517,3.7193908272338576,0.0052031056022707745,1054127.4210130037
2.0,natural,2025-03-21,2025-03-28,20250321_s097_w03,1054127.4210130037,3.719863257256974,0.002636054994661574,1056906.1588661748
2.0,natural,2025-03-28,2025-04-04,20250328_s097_w03,1056906.1588661748,3.7875561104850815,-0.05365762813146191,1000195.0812238817
2.0,natural,2025-04-04,2025-04-11,20250404_s097_w03,1000195.0812238817,3.942370107779138,0.012207138840206966,1012404.6014476736
2.0,natural,2025-04-11,2025-04-17,20250411_s097_w03,1012404.6014476736,3.7752626236356797,0.009796098218152416,1022322.2163599646
2.0,natural,2025-04-17,2025-04-25,20250417_s097_w03,1022322.2163599646,3.8704532854887432,0.00680333895001084,1029277.4209139878
2.0,natural,2025-04-25,2025-05-02,20250425_s097_w03,1029277.4209139878,3.725749530572928,0.005599787197001049,1035041.1554377842
2.0,natural,2025-05-02,2025-05-09,20250502_s097_w03,1035041.1554377842,3.6402364464878665,0.003858145505439614,1039034.4948195814
2.0,natural,2025-05-09,2025-05-16,20250509_s097_w03,1039034.4948195814,3.6715582620060476,0.004017731619801346,1043209.0565634823
2.0,natural,2025-05-16,2025-05-23,20250516_s097_w03,1043209.0565634823,3.5016533926368663,0.0015339740298139226,1044809.3121639173
2.0,natural,2025-05-23,2025-05-30,20250523_s097_w03,1044809.3121639173,3.601039990258815,0.0036775224195200185,1048651.6218335235
2.0,natural,2025-05-30,2025-06-06,20250530_s097_w03,1048651.6218335235,3.5477219956636437,0.0024933648662388563,1051266.2929443277
2.0,natural,2025-06-06,2025-06-13,20250606_s097_w03,1051266.2929443277,3.504010815676148,0.0012232599656090137,1052552.2649136807
2.0,natural,2025-06-13,2025-06-20,20250613_s097_w03,1052552.2649136807,3.522026133908705,0.002968058960030051,1055676.3020944577
2.0,natural,2025-06-20,2025-06-27,20250620_s097_w03,1055676.3020944577,3.5378841582018876,0.0027044961699000947,1058531.3746101265
2.0,natural,2025-06-27,2025-07-03,20250627_s097_w03,1058531.3746101265,3.429513693356261,0.000703053767992845,1059275.5790815847
2.0,natural,2025-07-03,2025-07-11,20250703_s097_w03,1059275.5790815847,3.3738382558951647,0.0012803872813207384,1060631.8620604544
2.0,natural,2025-07-11,2025-07-18,20250711_s097_w03,1060631.8620604544,3.388735531164837,0.0010128200007986088,1061706.0912238336
2.0,natural,2025-07-18,2025-07-25,20250718_s097_w03,1061706.0912238336,3.3722137299718704,0.0006257156385329754,1062370.417328638
2.0,natural,2025-07-25,2025-08-01,20250725_s097_w03,1062370.417328638,3.3258107972701647,0.0009923864647753966,1063424.6993513727
2.0,natural,2025-08-01,2025-08-08,20250801_s097_w03,1063424.6993513727,3.4094999504856522,0.0030362248075292975,1066653.4958044826
2.0,natural,2025-08-08,2025-08-15,20250808_s097_w03,1066653.4958044826,3.3387958688120394,0.0008983558560657912,1067611.7302188317
2.0,natural,2025-08-15,2025-08-22,20250815_s097_w03,1067611.7302188317,3.3105267219082584,0.0009054544601145853,1068578.404021629
2.0,natural,2025-08-22,2025-08-29,20250822_s097_w03,1068578.404021629,3.3047572278049735,0.0007174987571947344,1069345.1076984797
2.0,natural,2025-08-29,2025-09-05,20250829_s097_w03,1069345.1076984797,3.310532846955963,0.0007646751336973789,1070162.8093116777
2.0,natural,2025-09-05,2025-09-12,20250905_s097_w03,1070162.8093116777,3.302207233855366,0.0008547404150271998,1071077.5207154555
2.0,natural,2025-09-12,2025-09-19,20250912_s097_w03,1071077.5207154555,3.253433595303649,0.0010084610429683671,1072157.6606690963
2.0,natural,2025-09-19,2025-09-26,20250919_s097_w03,1072157.6606690963,3.217586332864117,0.0008162824504680533,1073032.8441516354
2.0,natural,2025-09-26,2025-10-03,20250926_s097_w03,1073032.8441516354,3.2302265683473186,0.0007586134009411882,1073846.861246859
2.0,natural,2025-10-03,2025-10-10,20251003_s097_w03,1073846.861246859,3.197976276806784,0.001152507739965003,1075084.4780659832
2.0,natural,2025-10-10,2025-10-17,20251010_s097_w03,1075084.4780659832,3.2814433446737126,0.003439903305180403,1078782.6647154305
2.0,natural,2025-10-17,2025-10-24,20251017_s097_w03,1078782.6647154305,3.237638306834787,0.0029321685722600854,1081945.837341208
2.0,natural,2025-10-24,2025-10-31,20251024_s097_w03,1081945.837341208,3.1860872527322304,0.001875821792501009,1083975.3749211985
2.0,natural,2025-10-31,2025-11-07,20251031_s097_w03,1083975.3749211985,3.1694258763479835,0.001526271118081457,1085629.8152286522
2.0,natural,2025-11-07,2025-11-14,20251107_s097_w03,1085629.8152286522,3.2268156186556993,0.002116276366266767,1087927.307949135
2.0,natural,2025-11-14,2025-11-21,20251114_s097_w03,1087927.307949135,3.2310946213729683,0.0030204437428185127,1091213.3311790715
2.0,natural,2025-11-21,2025-11-28,20251121_s097_w03,1091213.3311790715,3.305209586705861,0.0034438942347083668,1094971.354479156
2.0,natural,2025-11-28,2025-12-05,20251128_s097_w03,1094971.354479156,3.1974214952906483,0.0011008761999056205,1096176.7823828806
2.0,natural,2025-12-05,2025-12-12,20251205_s097_w03,1096176.7823828806,3.1910130355263124,0.0011993479443879185,1097491.4797535173
2.0,natural,2025-12-12,2025-12-19,20251212_s097_w03,1097491.4797535173,3.2149569298948393,0.0013387213878799376,1098960.7150704793
2.0,natural,2025-12-19,2025-12-26,20251219_s097_w03,1098960.7150704793,3.2159213258335777,0.00038627551393655146,1099385.2166854893
2.0,natural,2025-12-26,2026-01-02,20251226_s097_w03,1099385.2166854893,3.1728564056282362,0.0002222241481197873,1099629.5266287227
2.0,natural,2026-01-02,2026-01-09,20260102_s097_w03,1099629.5266287227,3.2066320686172856,0.0005307305982202859,1100213.133665211
2.0,natural,2026-01-09,2026-01-16,20260109_s097_w03,1100213.133665211,3.1586820156421087,0.0006086462402836723,1100882.7742525272
2.0,natural,2026-01-16,2026-01-23,20260116_s097_w03,1100882.7742525272,3.172568372181201,0.0006109501489468538,1101555.3587474297
2.0,natural,2026-01-23,2026-01-30,20260123_s097_w03,1101555.3587474297,3.1857070613430314,0.002174790119358283,1103951.0104575597
2.0,natural,2026-01-30,2026-02-06,20260130_s097_w03,1103951.0104575597,3.181859841037421,0.0023115623504474936,1106502.8620500718
2.0,natural,2026-02-06,2026-02-13,20260206_s097_w03,1106502.8620500718,3.192311046045279,0.0026600119036299663,1109446.1728345256
2.0,natural,2026-02-13,2026-02-20,20260213_s097_w03,1109446.1728345256,3.24581215947959,0.003384936340735889,1113201.5775030435
2.0,natural,2026-02-20,2026-02-27,20260220_s097_w03,1113201.5775030435,3.22223027468968,0.002712203996473317,1116220.8072704277
2.0,natural,2026-02-27,2026-03-06,20260227_s097_w03,1116220.8072704277,3.2453562972059036,0.0037709627791020495,1120430.0343879038
2.0,natural,2026-03-06,2026-03-13,20260306_s097_w03,1120430.0343879038,3.324708327693741,0.006964371005423908,1128233.124833001
2.0,natural,2026-03-13,2026-03-20,20260313_s097_w03,1128233.124833001,3.402294369735066,0.007047445928559881,1136184.2867750719
2.0,natural,2026-03-20,2026-03-27,20260320_s097_w03,1136184.2867750719,3.492469938232922,0.005062645255019538,1141936.3847633414
2.0,natural,2026-03-27,2026-04-02,20260327_s097_w03,1141936.3847633414,3.586004905920384,0.006396759128463714,1149241.076756701
2.0,natural,2026-04-02,2026-04-10,20260402_s097_w03,1149241.076756701,3.4917065424205305,0.005004033350074932,1154991.9174320677
2.0,natural,2026-04-10,2026-04-17,20260410_s097_w03,1154991.9174320677,3.3886182533902853,0.002235623531309461,1157574.044541151
2.0,natural,2026-04-17,2026-04-24,20260417_s097_w03,1157574.044541151,3.248847287345444,0.0013668141890346153,1159156.2331700881
2.0,natural,2026-04-24,2026-05-01,20260424_s097_w03,1159156.2331700881,3.235570909274256,0.0027410719469780354,1162333.5638029955
2.0,natural,2026-05-01,2026-05-08,20260501_s097_w03,1162333.5638029955,3.2152538131140775,0.0015546076438315293,1164140.5364459655
2.0,natural,2026-05-08,2026-05-15,20260508_s097_w03,1164140.5364459655,3.1467807069095484,0.0013028910627586043,1165657.284746696
2.0,natural,2026-05-15,2026-05-22,20260515_s097_w03,1165657.284746696,3.146810514265225,0.0022865627319970105,1168322.6332522787
2.0,natural,2026-05-22,2026-05-29,20260522_s097_w03,1168322.6332522787,3.126586711837735,0.0012631347591711695,1169798.382180266
2.0,natural,2026-05-29,2026-06-05,20260529_s097_w03,1169798.382180266,3.08651481159184,0.0009419450432857079,1170900.2679680043
2.0,natural,2026-06-05,2026-06-12,20260605_s097_w03,1170900.2679680043,3.171564087579567,0.004244461344143247,1175870.1088932415
2.0,natural,2026-06-12,2026-06-18,20260612_s097_w03,1175870.1088932415,3.164573623686461,0.001821983845862185,1178012.5252364771
2.0,natural,2026-06-18,2026-06-26,20260618_s097_w03,1178012.5252364771,3.1411237876709865,0.0016585383890881378,1179966.3042324085
2.0,natural,2026-06-26,2026-07-02,20260626_s097_w03,1179966.3042324085,3.209037509004824,0.00203154192677224,1182363.455251635
2.0,natural,2026-07-02,2026-07-10,20260702_s097_w03,1182363.455251635,3.160030730592698,0.001368391188747431,1183981.3909856984
2.0,natural,2026-07-10,2026-07-17,20260710_s097_w03,1183981.3909856984,3.125862482637852,0.0006521116286877238,1184753.47901891
2.0,natural,2026-07-17,2026-07-24,20260717_s097_w03,1184753.47901891,3.1772666558339338,0.0025128424682758776,1187730.5778754265
2.0,natural,2026-07-24,2026-07-31,20260724_s097_w03,1187730.5778754265,3.2048941875320924,0.002933089411639944,1191214.2978572738
2.0,natural,2026-07-31,2026-08-07,20260731_s097_w03,1191214.2978572738,3.180931366425214,0.0012203393101235527,1192667.9834917302
2.0,natural,2026-08-07,2026-08-14,20260807_s097_w03,1192667.9834917302,3.074821627382662,0.0007528062525556933,1193565.8314069258
2.0,natural,2026-08-14,2026-08-21,20260814_s097_w03,1193565.8314069258,3.0660227577959764,0.00044183228144123454,1194093.1873212666
2.0,natural,2026-08-21,2026-08-28,20260821_s097_w03,1194093.1873212666,3.111898876617844,0.000904308743783,1195173.016231453
2.0,natural,2026-08-28,2026-09-04,20260828_s097_w03,1195173.016231453,3.099611638731047,0.0005498096580887069,1195830.133898864
2.0,natural,2026-09-04,2026-09-11,20260904_s097_w03,1195830.133898864,3.09856740540808,0.0006011452778087456,1196549.0015369188
2.0,natural,2026-09-11,2026-09-18,20260911_s097_w03,1196549.0015369188,3.1253810368815085,0.001402641776182545,1198227.331153724
