sequence_number,trade_id,entry_date,exit_date,expiration_date,actual_dte,exit_dte,holding_calendar_days,spot_entry,short_strike,long_strike,entry_credit_per_spread,max_loss_per_spread,contracts,entry_equity,entry_notional,defined_maximum_loss,realized_pnl_per_spread,dollar_pnl,trade_return,post_trade_equity
1,103/100_dte60_20160922,2016-09-22,2016-11-18,2016-11-18,57,0,57,2174.6682,2240.0,2175.0,3374.5,3125.5,4.464285714285714,1000000.0,1000000.0,13953.125,-2283.649999999978,-10194.866071428472,-0.010194866071428473,989805.1339285715
2,103/100_dte60_20161118,2016-11-18,2016-12-07,2017-01-20,63,44,19,2183.4185,2250.0,2185.0,3287.0,3213.0,4.399133928571429,989805.1339285715,989805.1339285714,14134.4173125,1049.0,4614.691491071429,0.004662222222222222,994419.825419643
3,103/100_dte60_20161207,2016-12-07,2017-01-13,2017-02-03,58,21,37,2238.668,2305.0,2240.0,3531.999999999999,2968.000000000001,4.314185793577627,994419.825419643,994419.825419643,12804.5034353384,903.9999999999995,3900.0239573941726,0.003921908893709325,998319.8493770371
4,103/100_dte60_20170113,2017-01-13,2017-02-13,2017-03-17,63,32,31,2277.6672,2345.0,2280.0,3739.499999999999,2760.500000000001,4.257227502673932,998319.8493770371,998319.8493770371,11752.076521131394,1438.9999999999982,6126.15037634778,0.006136460554370993,1004445.999753385
5,103/100_dte60_20170213,2017-02-13,2017-02-22,2017-04-13,59,50,9,2328.8447,2400.0,2330.0,4254.5,2745.5,4.185191665639104,1004445.999753385,1004445.999753385,11490.44371801216,1136.5,4756.470327998843,0.004735416666666667,1009202.4700813838
6,103/100_dte60_20170222,2017-02-22,2017-04-21,2017-04-21,58,0,58,2362.7239,2435.0,2365.0,4159.5,2840.5,4.144568665631966,1009202.4700813838,1009202.4700813837,11772.6472947276,-2840.5,-11772.6472947276,-0.0116652977412731,997429.8227866562
7,103/100_dte60_20170421,2017-04-21,2017-05-05,2017-06-23,63,49,14,2350.7163,2420.0,2350.0,3729.5000000000027,3270.4999999999973,4.12161083796139,997429.8227866562,997429.8227866562,13479.728245552713,1319.0000000000027,5436.404695271084,0.005450413223140507,1002866.2274819273
8,103/100_dte60_20170505,2017-05-05,2017-06-02,2017-07-07,63,35,28,2400.2295,2470.0,2400.0,4172.0,2828.0,4.060187155797276,1002866.2274819273,1002866.2274819273,11482.209276594698,1328.9999999999995,5395.988730054579,0.005380566801619432,1008262.2162119818
9,103/100_dte60_20170602,2017-06-02,2017-07-31,2017-07-31,59,0,59,2440.2905,2515.0,2440.0,4737.000000000001,2762.999999999999,4.008994895475077,1008262.2162119818,1008262.2162119818,11076.852896197634,259.06999999998607,1038.6103075706724,0.0010300994035784734,1009300.8265195525
10,103/100_dte60_20170731,2017-07-31,2017-09-29,2017-09-29,60,0,60,2470.2207,2545.0,2470.0,4389.500000000002,3110.499999999998,3.965818571786061,1009300.8265195525,1009300.8265195525,12335.678667540535,1855.6399999999976,7359.1315745490765,0.007291316306483291,1016659.9580941016
11,103/100_dte60_20170929,2017-09-29,2017-10-05,2017-11-30,62,56,6,2519.6614,2595.0,2520.0,4677.0,2823.0,3.9177647710755363,1016659.9580941016,1016659.9580941016,11059.84994874624,1336.5,5236.092616542454,0.005150289017341041,1021896.0507106441
12,103/100_dte60_20171005,2017-10-05,2017-11-06,2017-12-01,57,25,32,2553.26,2630.0,2555.0,5024.5,2475.5,3.885536314489141,1021896.0507106441,1021896.0507106441,9618.645146517869,1489.0,5785.563572274331,0.0056615969581749045,1027681.6142829184
13,103/100_dte60_20171106,2017-11-06,2017-11-28,2018-01-05,60,38,22,2590.4958,2670.0,2590.0,4904.5,3095.5,3.8489948100483833,1027681.6142829184,1027681.6142829184,11914.563434504771,1276.5,4913.241875026762,0.0047808988764044946,1032594.8561579451
14,103/100_dte60_20171128,2017-11-28,2017-12-11,2018-01-26,59,46,13,2626.6755,2705.0,2625.0,4709.500000000001,3290.499999999999,3.8173562150016456,1032594.8561579451,1032594.8561579451,12561.010625462912,1474.000000000001,5626.783060912429,0.005449168207024033,1038221.6392188575
15,103/100_dte60_20171211,2017-12-11,2018-01-03,2018-02-09,60,37,23,2659.99,2740.0,2660.0,4584.5,3415.5,3.7891300701418156,1038221.6392188575,1038221.6392188575,12941.77375456937,1824.0,6911.373247938672,0.006656934306569343,1045133.0124667962
16,103/100_dte60_20180103,2018-01-03,2018-01-08,2018-02-28,56,51,5,2712.1094,2800.0,2710.0,5869.5,3130.5,3.7326179016671293,1045133.0124667962,1045133.0124667962,11684.960341168948,1594.0,5949.792935257404,0.005692857142857143,1051082.8054020535
17,103/100_dte60_20180111,2018-01-11,2018-01-17,2018-03-09,57,51,6,2770.659,2855.0,2770.0,5364.5,3135.5,3.6815509821437953,1051082.8054020535,1051082.8054020535,11543.50310451187,1356.500000000001,4994.023907278061,0.004751313485113839,1056076.8293093315
18,103/100_dte60_20180117,2018-01-17,2018-01-26,2018-03-16,58,49,9,2804.806,2890.0,2805.0,5149.5,3350.5,3.6542450841153338,1056076.8293093315,1056076.8293093315,12243.548154328426,2248.999999999999,8218.397194175383,0.007782006920415222,1064295.2265035068
19,103/100_dte60_20180126,2018-01-26,2018-03-29,2018-03-29,62,0,62,2875.4863,2960.0,2875.0,4944.499999999999,3555.500000000001,3.595591981430766,1064295.2265035068,1064295.2265035068,12784.127289977092,-3555.500000000001,-12784.127289977092,-0.012011824324324327,1051511.0992135296
20,103/100_dte60_20180329,2018-03-29,2018-04-17,2018-05-25,57,38,19,2641.2507,2720.0,2640.0,3604.500000000001,4395.499999999999,3.865849629461506,1051511.0992135296,1051511.0992135296,16992.342046298047,994.0000000000014,3842.6545316847423,0.0036544117647058874,1055353.7537452143
21,103/100_dte60_20180417,2018-04-17,2018-06-06,2018-06-15,59,9,50,2706.1775,2785.0,2705.0,4207.0,3793.0,3.789421018833804,1055353.7537452143,1055353.7537452143,14373.273924436618,2271.5,8607.669844280985,0.008156193895870736,1063961.4235894952
22,103/100_dte60_20180606,2018-06-06,2018-07-24,2018-08-03,58,10,48,2772.3647,2850.0,2770.0,4336.999999999998,3663.000000000002,3.7331979775070008,1063961.4235894952,1063961.4235894952,13674.70419160815,1411.4999999999986,5269.408945251126,0.004952631578947363,1069230.8325347463
23,103/100_dte60_20180724,2018-07-24,2018-08-21,2018-09-21,59,31,28,2821.0,2905.0,2820.0,4877.0,3623.0,3.680656910618748,1069230.8325347463,1069230.8325347463,13335.019987171723,1256.5,4624.745408192457,0.004325301204819277,1073855.5779429388
24,103/100_dte60_20180821,2018-08-21,2018-08-29,2018-10-19,59,51,8,2863.8933,2950.0,2865.0,4949.499999999999,3550.500000000001,3.640188399806572,1073855.5779429388,1073855.5779429388,12924.488913513238,1691.499999999999,6157.378678272813,0.0057338983050847425,1080012.9566212115
25,103/100_dte60_20180829,2018-08-29,2018-10-26,2018-10-26,58,0,58,2917.3118,3000.0,2915.0,4909.5,3590.5,3.600043188737372,1080012.9566212115,1080012.9566212115,12925.955069161533,-3590.5000000000036,-12925.955069161546,-0.011968333333333345,1067087.00155205
26,103/100_dte60_20181026,2018-10-26,2018-11-06,2018-12-28,63,52,11,2672.4683,2755.0,2670.0,3976.999999999998,4523.000000000002,3.8732740528205083,1067087.00155205,1067087.00155205,17518.818540907167,1273.9999999999977,4934.551143293319,0.004624319419237742,1072021.5526953433
27,103/100_dte60_20181106,2018-11-06,2019-01-04,2019-01-04,59,0,59,2762.3281,2845.0,2760.0,4141.999999999999,4358.000000000001,3.768089816152349,1072021.5526953433,1072021.5526953433,16421.33541879194,-4358.000000000001,-16421.33541879194,-0.015318101933216172,1055600.2172765513
28,103/100_dte60_20190104,2019-01-04,2019-01-10,2019-03-01,56,50,6,2530.8965,2605.0,2530.0,3679.500000000001,3820.499999999999,4.05220812774108,1055600.2172765513,1055600.2172765513,15481.461152034793,989.0000000000009,4007.633838335932,0.0037965451055662226,1059607.8511148873
29,103/100_dte60_20190110,2019-01-10,2019-01-18,2019-03-08,57,49,8,2593.8003,2670.0,2595.0,3722.000000000001,3777.999999999999,3.9685687307673683,1059607.8511148873,1059607.8511148873,14993.252664839114,1334.000000000001,5294.070686843673,0.004996254681647943,1064901.921801731
30,103/100_dte60_20190118,2019-01-18,2019-02-05,2019-03-15,56,38,18,2671.5,2750.0,2670.0,4132.0,3868.0,3.872370624733567,1064901.921801731,1064901.921801731,14978.329576469438,1281.5,4962.442955596066,0.004659999999999999,1069864.3647573271
31,103/100_dte60_20190205,2019-02-05,2019-02-19,2019-04-05,59,45,14,2732.2212,2815.0,2730.0,4407.000000000002,4092.999999999998,3.8005838890135957,1069864.3647573271,1069864.3647573271,15555.78985773264,1114.0000000000027,4233.850452361156,0.003957371225577275,1074098.2152096883
32,103/100_dte60_20190219,2019-02-19,2019-03-15,2019-04-18,58,34,24,2780.4814,2865.0,2780.0,4504.500000000002,3995.499999999998,3.74903390998146,1074098.2152096883,1074098.215209688,14979.264987330916,1131.5000000000018,4242.031869144029,0.003949389179755678,1078340.2470788322
33,103/100_dte60_20190315,2019-03-15,2019-04-03,2019-05-17,63,44,19,2828.3284,2915.0,2830.0,4662.0,3838.0,3.6992804359479665,1078340.2470788322,1078340.2470788322,14197.838313168295,1329.0,4916.343699374847,0.004559176672384219,1083256.5907782072
34,103/100_dte60_20190403,2019-04-03,2019-04-23,2019-05-31,58,38,20,2878.8264,2965.0,2880.0,4576.999999999998,3923.000000000002,3.65347922690795,1083256.5907782072,1083256.5907782072,14332.599007159895,1643.9999999999977,6006.319849036661,0.005544688026981442,1089262.9106272438
35,103/100_dte60_20190423,2019-04-23,2019-06-21,2019-06-21,59,0,59,2938.0,3025.0,2940.0,4859.499999999999,3640.500000000001,3.6008691260404753,1089262.9106272438,1089262.9106272438,13108.964053350353,-2250.499999999992,-8103.75596815406,-0.007439669421487575,1081159.1546590896
36,103/100_dte60_20190621,2019-06-21,2019-07-03,2019-08-23,63,51,12,2949.4568,3040.0,2950.0,4699.500000000003,4300.499999999997,3.556444587694374,1081159.1546590896,1081159.1546590896,15294.489949379646,1269.0000000000023,4513.128181784169,0.004174342105263166,1085672.2828408738
37,103/100_dte60_20190703,2019-07-03,2019-08-30,2019-08-30,58,0,58,2999.4106,3090.0,3000.0,4927.0,4073.0,3.513502533465611,1085672.2828408738,1085672.2828408738,14310.495818805433,-4073.000000000002,-14310.49581880544,-0.01318122977346279,1071361.7870220684
38,103/100_dte60_20190830,2019-08-30,2019-09-11,2019-10-31,62,50,12,2924.7654,3015.0,2925.0,3984.499999999998,5015.500000000002,3.5534387629256,1071361.7870220684,1071361.7870220684,17822.272115453354,1418.9999999999986,5042.329604591421,0.004706467661691537,1076404.1166266599
39,103/100_dte60_20190912,2019-09-12,2019-11-04,2019-11-08,57,4,53,3013.2234,3105.0,3015.0,4716.999999999998,4283.000000000002,3.4666799247235422,1076404.1166266599,1076404.1166266599,14847.790117590937,1658.9999999999982,5751.221995116351,0.00534299516908212,1082155.3386217763
40,103/100_dte60_20191104,2019-11-04,2019-11-15,2020-01-03,60,49,11,3077.9155,3170.0,3080.0,5032.0,3968.0,3.4137392385544993,1082155.3386217763,1082155.3386217763,13545.717298584254,1296.5000000000005,4425.91292278591,0.004089905362776027,1086581.2515445622
41,103/100_dte60_20191115,2019-11-15,2019-12-12,2020-01-17,63,36,27,3120.6377,3215.0,3120.0,5074.500000000002,4425.499999999998,3.379723955037518,1086581.2515445622,1086581.2515445622,14956.96836301853,1631.5000000000018,5514.019632643717,0.005074650077760503,1092095.271177206
42,103/100_dte60_20191212,2019-12-12,2019-12-20,2020-02-07,57,49,8,3171.3164,3265.0,3170.0,4627.0,4873.0,3.344855348169084,1092095.271177206,1092095.271177206,16299.480111627947,1201.500000000001,4018.8437008251576,0.003679938744257277,1096114.1148780312
43,103/100_dte60_20191220,2019-12-20,2020-01-09,2020-02-21,63,43,20,3225.8572,3325.0,3225.0,5594.5,4405.5,3.2965838041444546,1096114.1148780312,1096114.1148780312,14523.099949158395,1801.500000000001,5938.795723166238,0.005418045112781957,1102052.9106011975
44,103/100_dte60_20200109,2020-01-09,2020-01-17,2020-03-06,57,49,8,3276.167,3375.0,3275.0,5384.5,4615.5,3.2653419573368816,1102052.9106011975,1102052.9106011975,15071.185804088376,1359.000000000001,4437.599720020825,0.00402666666666667,1106490.5103212183
45,103/100_dte60_20200117,2020-01-17,2020-02-12,2020-03-20,63,37,26,3325.0,3425.0,3325.0,5374.5,4625.5,3.230629227215236,1106490.5103212183,1106490.5103212183,14943.275490484073,1618.9999999999986,5230.388718861463,0.004727007299270069,1111720.8990400797
46,103/100_dte60_20200212,2020-02-12,2020-04-09,2020-04-09,57,0,57,3381.679,3485.0,3380.0,5792.000000000002,4707.999999999998,3.1900169269442746,1111720.8990400797,1111720.8990400797,15018.59969205364,-4707.999999999991,-15018.599692053616,-0.013509325681492084,1096702.299348026
47,103/100_dte60_20200409,2020-04-09,2020-04-29,2020-06-05,57,37,20,2781.2915,2875.0,2780.0,3916.999999999998,5583.000000000002,3.8146166933844383,1096702.299348026,1096702.299348026,21297.004999165325,1636.4999999999973,6242.620218723623,0.005692173913043469,1102944.9195667496
48,103/100_dte60_20200429,2020-04-29,2020-05-27,2020-06-30,62,34,28,2941.2578,3030.0,2940.0,3856.999999999998,5143.000000000002,3.640082242794553,1102944.9195667496,1102944.9195667496,18720.942974692392,1118.9999999999982,4073.252029687098,0.003693069306930687,1107018.1715964368
49,103/100_dte60_20200528,2020-05-28,2020-06-05,2020-07-31,64,56,8,3035.339,3125.0,3035.0,3832.0,5168.0,3.542458149108598,1107018.1715964368,1107018.1715964368,18307.423714593235,1516.5,5372.1377831231885,0.0048528,1112390.30937956
50,103/100_dte60_20200605,2020-06-05,2020-06-29,2020-07-31,56,32,24,3183.9932,3280.0,3185.0,4457.0,5043.0,3.391433870059634,1112390.30937956,1112390.30937956,17103.001006710732,4454.0,15105.446457245609,0.013579268292682927,1127495.7558368056
51,103/100_dte60_20200629,2020-06-29,2020-07-06,2020-08-31,63,56,7,3050.4014,3145.0,3050.0,3741.9999999999945,5758.0000000000055,3.5850421489246598,1127495.7558368056,1127495.7558368053,20642.67269350821,971.4999999999936,3482.868447680284,0.003089030206677245,1130978.6242844858
52,103/100_dte60_20200706,2020-07-06,2020-07-21,2020-08-31,56,41,15,3174.8486,3270.0,3175.0,4329.5,5170.5,3.4586502271696813,1130978.6242844858,1130978.6242844858,17882.950999580837,1154.0,3991.2823621538123,0.003529051987767584,1134969.9066466396
53,103/100_dte60_20200721,2020-07-21,2020-08-06,2020-09-18,59,43,16,3251.25,3350.0,3250.0,4572.0,5428.0,3.387969870586984,1134969.9066466396,1134969.9066466396,18389.900457546148,1531.5000000000027,5188.675856803975,0.004571641791044784,1140158.5825034436
54,103/100_dte60_20200813,2020-08-13,2020-08-25,2020-10-16,64,52,12,3366.3623,3470.0,3370.0,4659.5,5340.5,3.2857596037563215,1140158.5825034436,1140158.5825034436,17547.599163860636,1246.5,4095.6993460822546,0.0035922190201729104,1144254.2818495259
55,103/100_dte60_20200827,2020-08-27,2020-10-30,2020-10-30,64,0,64,3482.1262,3585.0,3480.0,4741.999999999998,5758.000000000002,3.191783212969389,1144254.2818495259,1144254.2818495259,18378.287740277745,-5758.000000000002,-18378.287740277745,-0.016061366806136686,1125875.994109248
56,103/100_dte60_20201030,2020-10-30,2020-11-04,2020-12-31,62,57,5,3265.6943,3365.0,3265.0,4027.0,5973.0,3.3458424787793404,1125875.994109248,1125875.994109248,19984.717125749,1326.5,4438.260048100795,0.0039420505200594355,1130314.2541573488
57,103/100_dte60_20201104,2020-11-04,2020-11-09,2020-12-31,57,52,5,3437.2705,3540.0,3435.0,4652.0000000000055,5847.9999999999945,3.192978119088556,1130314.2541573488,1130314.2541573488,18672.53604042986,1399.0000000000073,4466.976388604913,0.003951977401129964,1134781.2305459536
58,103/100_dte60_20201112,2020-11-12,2020-11-16,2021-01-08,57,53,4,3533.6306,3640.0,3530.0,4942.0,6058.0,3.1175308531482244,1134781.2305459536,1134781.2305459536,18886.001908371945,1289.000000000001,4018.4972697080643,0.003541208791208794,1138799.7278156616
59,103/100_dte60_20201116,2020-11-16,2020-12-08,2021-01-15,60,38,22,3623.6985,3730.0,3625.0,5089.499999999998,5410.500000000002,3.053082380202846,1138799.7278156616,1138799.7278156616,16518.702218087503,1388.9999999999982,4240.731426101747,0.0037238605898123273,1143040.4592417632
60,103/100_dte60_20201208,2020-12-08,2021-01-07,2021-02-05,59,29,30,3700.294,3810.0,3700.0,5407.000000000002,5592.999999999998,3.000106192235599,1143040.4592417632,1143040.4592417635,16779.5939331737,2231.5000000000027,6694.736967973748,0.0058569553805774355,1149735.1962097369
61,103/100_dte60_20210107,2021-01-07,2021-02-04,2021-03-05,57,29,28,3797.6428,3900.0,3800.0,4649.5,5350.5,2.948038964640351,1149735.1962097369,1149735.1962097369,15773.4824803082,1181.4999999999982,3483.1080367225695,0.003029487179487175,1153218.3042464594
62,103/100_dte60_20210204,2021-02-04,2021-03-15,2021-04-01,56,17,39,3865.844,3980.0,3870.0,5222.0,5778.0,2.897533427754923,1153218.3042464594,1153218.3042464594,16741.948145567945,2031.5,5886.3391584841265,0.00510427135678392,1159104.6434049434
63,103/100_dte60_20210318,2021-03-18,2021-04-01,2021-05-21,64,50,14,3910.0535,4025.0,3910.0,5331.9999999999945,6168.0000000000055,2.8797630892048285,1159104.6434049434,1159104.6434049434,17762.3787342154,1838.9999999999945,5295.884321047663,0.004568944099378868,1164400.527725991
64,103/100_dte60_20210401,2021-04-01,2021-04-08,2021-05-28,57,50,7,4013.129,4135.0,4015.0,6164.5,5835.5,2.8159625821668466,1164400.527725991,1164400.527725991,16432.54964823463,1881.5,5298.233598346922,0.004550181378476421,1169698.761324338
65,103/100_dte60_20210408,2021-04-08,2021-04-15,2021-06-04,57,50,7,4091.076,4210.0,4090.0,6261.999999999998,5738.000000000002,2.7783818558772873,1169698.761324338,1169698.761324338,15942.355089023878,1711.4999999999982,4755.200546333972,0.004065320665083131,1174453.961870672
66,103/100_dte60_20210415,2021-04-15,2021-05-07,2021-06-11,57,35,22,4163.546,4290.0,4160.0,6982.000000000002,6017.999999999998,2.737654922775459,1174453.961870672,1174453.961870672,16475.20732526271,1939.0000000000018,5308.312895261621,0.004519813519813525,1179762.2747659336
67,103/100_dte60_20210507,2021-05-07,2021-07-01,2021-07-02,56,1,55,4226.432,4350.0,4225.0,6431.999999999998,6068.000000000002,2.7120971833699623,1179762.2747659336,1179762.2747659336,16457.005708688936,3055.249999999998,8286.134919491073,0.0070235632183908,1188048.4096854248
68,103/100_dte60_20210701,2021-07-01,2021-07-12,2021-08-31,61,50,11,4313.288,4445.0,4315.0,6929.500000000002,6070.499999999998,2.672774824939088,1188048.4096854248,1188048.4096854248,16225.07957479273,2086.5,5576.744672235407,0.004694038245219347,1193625.15435766
69,103/100_dte60_20210715,2021-07-15,2021-08-05,2021-09-17,64,43,21,4352.0,4480.0,4350.0,6317.0,6683.0,2.6643418624054913,1193625.15435766,1193625.15435766,17805.7966664559,1786.5,4759.84673718741,0.0039877232142857145,1198385.0010948475
70,103/100_dte60_20210805,2021-08-05,2021-08-25,2021-09-30,56,36,20,4422.968,4555.0,4425.0,6594.5,6405.5,2.6309220660699175,1198385.0010948475,1198385.0010948475,16852.371294210858,1981.5000000000018,5213.172073917546,0.004350164654226129,1203598.173168765
71,103/100_dte60_20210826,2021-08-26,2021-10-25,2021-10-29,64,4,60,4464.0283,4600.0,4465.0,6219.5,7280.5,2.6165177677581846,1203598.173168765,1203598.173168765,19049.557608163464,2535.2500000000005,6633.526670708939,0.0055114130434782615,1210231.699839474
72,103/100_dte60_20211028,2021-10-28,2021-11-04,2021-12-23,56,49,7,4593.859,4730.0,4590.0,7359.500000000002,6640.499999999998,2.558629386552799,1210231.699839474,1210231.699839474,16990.578441403857,2314.000000000001,5920.668400483179,0.00489217758985201,1216152.3682399571
73,103/100_dte60_20211104,2021-11-04,2021-12-27,2021-12-31,57,4,53,4678.2334,4820.0,4680.0,7512.0,6488.0,2.5231376934438945,1216152.3682399571,1216152.3682399571,16370.117355063987,3936.4999999999995,9932.331530241889,0.008167012448132779,1226084.6997701991
74,103/100_dte60_20211227,2021-12-27,2022-02-28,2022-02-28,63,0,63,4785.1685,4930.0,4785.0,7154.5,7345.5,2.486987220629207,1226084.6997701991,1226084.6997701991,18268.16462913184,-7345.5,-18268.16462913184,-0.014899594320486815,1207816.5351410673
75,103/100_dte60_20220228,2022-02-28,2022-03-22,2022-04-29,60,38,22,4365.687,4495.0,4365.0,5739.499999999996,7260.500000000004,2.687022325119171,1207816.5351410673,1207816.5351410673,19509.12559152775,2078.9999999999955,5586.319413922744,0.004625139043381525,1213402.85455499
76,103/100_dte60_20220322,2022-03-22,2022-03-29,2022-05-20,59,52,7,4506.526,4640.0,4505.0,6114.499999999998,7385.500000000002,2.61509235895472,1213402.85455499,1213402.85455499,19313.76461706009,1893.999999999999,4952.984927860237,0.004081896551724136,1218355.8394828504
77,103/100_dte60_20220329,2022-03-29,2022-05-31,2022-05-31,63,0,63,4621.4805,4760.0,4620.0,6601.999999999998,7398.000000000002,2.559571091350526,1218355.8394828504,1218355.8394828504,18935.706933811194,-7398.000000000002,-18935.706933811194,-0.015542016806722691,1199420.132549039
78,103/100_dte60_20220531,2022-05-31,2022-07-29,2022-07-29,59,0,59,4130.04,4255.0,4130.0,6046.999999999998,6453.000000000002,2.818848725144628,1199420.132549039,1199420.1325490393,18190.030823358287,-6453.000000000002,-18190.030823358287,-0.015165687426556995,1181230.1017256808
79,103/100_dte60_20220729,2022-07-29,2022-08-12,2022-09-30,63,49,14,4133.6147,4260.0,4135.0,6417.0000000000055,6082.9999999999945,2.772840614379532,1181230.1017256808,1181230.1017256808,16867.189457270677,2334.0000000000045,6471.8099939618405,0.00547887323943663,1187701.9117196426
80,103/100_dte60_20220812,2022-08-12,2022-10-07,2022-10-07,56,0,56,4281.523,4400.0,4280.0,6089.5,5910.5,2.699322526635551,1187701.9117196426,1187701.9117196426,15954.345793679426,-5910.5,-15954.345793679426,-0.013432954545454545,1171747.5659259632
81,103/100_dte60_20221013,2022-10-13,2022-10-25,2022-12-16,64,52,12,3681.75,3790.0,3680.0,5554.5,5445.5,3.0916822319946258,1171747.5659259632,1171747.5659259632,16835.755594326736,1691.5,5229.58049541891,0.004463060686015831,1176977.1464213822
82,103/100_dte60_20221027,2022-10-27,2022-11-10,2022-12-30,64,50,14,3795.936,3910.0,3795.0,5944.5,5555.5,3.0101717299779596,1176977.1464213822,1176977.1464213822,16723.009045892555,2069.000000000001,6228.045309324401,0.005291560102301793,1183205.1917307067
83,103/100_dte60_20221110,2022-11-10,2022-11-30,2023-01-06,57,37,20,3974.641,4100.0,3975.0,6627.0,5873.0,2.8858663212944067,1183205.1917307067,1183205.1917307067,16948.692904962052,2166.499999999998,6252.229385084327,0.0052841463414634105,1189457.421115791
84,103/100_dte60_20221130,2022-11-30,2023-01-27,2023-01-27,58,0,58,4107.3433,4200.0,4100.0,4774.5,5225.5,2.8320414788471213,1189457.421115791,1189457.421115791,14798.832747715633,-5225.5,-14798.832747715633,-0.012441666666666667,1174658.5883680754
85,103/100_dte60_20230127,2023-01-27,2023-03-31,2023-03-31,63,0,63,4089.3638,4210.0,4090.0,6154.499999999998,5845.500000000002,2.7901629177388965,1174658.5883680754,1174658.5883680754,16309.897335642725,-3675.199999999959,-10254.406755273878,-0.008729691211401328,1164404.1816128015
86,103/100_dte60_20230331,2023-03-31,2023-05-26,2023-05-31,61,5,56,4131.7725,4255.0,4130.0,6187.000000000004,6312.999999999996,2.736555068420215,1164404.1816128015,1164404.1816128015,17275.872146936807,1704.0000000000036,4663.089836588056,0.004004700352526447,1169067.2714493896
87,103/100_dte60_20230526,2023-05-26,2023-06-09,2023-07-21,56,42,14,4236.54,4365.0,4235.0,6549.500000000002,6450.499999999998,2.6782755359665282,1169067.2714493896,1169067.2714493896,17276.216344752087,1959.0000000000018,5246.741774958434,0.004487972508591069,1174314.013224348
88,103/100_dte60_20230609,2023-06-09,2023-06-13,2023-08-04,56,52,4,4333.0034,4450.0,4330.0,6474.499999999996,5525.500000000004,2.638907894886175,1174314.013224348,1174314.013224348,14581.28557319357,1653.9999999999964,4364.753658141724,0.0037168539325842615,1178678.7668824897
89,103/100_dte60_20230615,2023-06-15,2023-07-17,2023-08-18,64,32,32,4452.425,4590.0,4450.0,7694.5,6305.5,2.5679275966938775,1178678.7668824897,1178678.76688249,16192.067460953245,1979.0,5081.9287138571835,0.004311546840958606,1183760.6955963469
90,103/100_dte60_20230717,2023-07-17,2023-09-15,2023-09-15,60,0,60,4549.5186,4685.0,4550.0,7531.999999999998,5968.000000000002,2.526703725926034,1183760.6955963469,1183760.6955963469,15079.367836326575,-5968.000000000002,-15079.367836326575,-0.012738527214514413,1168681.3277600203
91,103/100_dte60_20230915,2023-09-15,2023-11-17,2023-11-17,63,0,63,4487.543,4620.0,4490.0,7094.5,5905.5,2.5296132635498276,1168681.3277600203,1168681.3277600205,14938.631127893506,-3669.0699999999815,-9281.32813689272,-0.007941709956709918,1159399.9996231275
92,103/100_dte60_20231117,2023-11-17,2023-12-01,2024-01-19,63,49,14,4547.083,4680.0,4545.0,7544.500000000004,5955.499999999996,2.4773504265451445,1159399.9996231275,1159399.9996231275,14753.8604652896,1966.5000000000045,4871.709613801037,0.004201923076923087,1164271.7092369285
93,103/100_dte60_20231201,2023-12-01,2023-12-13,2024-01-29,59,47,12,4629.4585,4750.0,4630.0,6659.5,5340.5,2.451098335235639,1164271.7092369285,1164271.7092369285,13090.09065932593,2538.999999999998,6223.338673163283,0.005345263157894733,1170495.0479100917
94,103/100_dte60_20231214,2023-12-14,2024-01-19,2024-02-12,60,24,36,4755.2954,4900.0,4760.0,7577.0,6423.0,2.3887654038981463,1170495.0479100917,1170495.0479100917,15343.040189237794,2111.5,5043.878150330936,0.004309183673469387,1175538.9260604226
95,103/100_dte60_20240119,2024-01-19,2024-02-02,2024-03-15,56,42,14,4871.5327,5020.0,4870.0,8744.5,6255.5,2.3417110080884913,1175538.9260604226,1175538.9260604226,14648.573211097557,3091.5,7239.3995815055705,0.006158366533864542,1182778.3256419282
96,103/100_dte60_20240207,2024-02-07,2024-03-01,2024-04-05,58,35,23,5028.1206,5200.0,5030.0,10511.999999999996,6488.000000000004,2.274573703157554,1182778.3256419282,1182778.3256419282,14757.434186086219,4213.999999999996,9585.053585105925,0.008103846153846146,1192363.3792270343
97,103/100_dte60_20240301,2024-03-01,2024-03-20,2024-04-30,60,41,19,5171.633,5325.0,5170.0,9039.5,6460.5,2.2391800548864493,1192363.3792270343,1192363.3792270343,14466.222744593906,2333.999999999999,5226.246248104971,0.004383098591549294,1197589.6254751394
98,103/100_dte60_20240320,2024-03-20,2024-05-17,2024-05-17,58,0,58,5272.1743,5430.0,5270.0,9022.0,6978.0,2.205505755939483,1197589.6254751394,1197589.6254751394,15390.019164945712,-3403.540000000001,-7506.52706057027,-0.00626802946593002,1190083.0984145692
99,103/100_dte60_20240517,2024-05-17,2024-06-12,2024-07-19,63,37,26,5346.0435,5510.0,5350.0,9434.5,6565.5,2.159860432694318,1190083.0984145692,1190083.098414569,14180.563670854544,2981.5,6439.623880078108,0.0054110707803992734,1196522.7222946472
100,103/100_dte60_20240612,2024-06-12,2024-07-03,2024-08-09,58,37,21,5468.9946,5650.0,5470.0,10949.499999999996,7050.500000000004,2.117739331494951,1196522.7222946472,1196522.7222946472,14931.12115670516,2983.999999999998,6319.33416518093,0.005281415929203536,1202842.0564598283
101,103/100_dte60_20240703,2024-07-03,2024-07-10,2024-08-30,58,51,7,5577.2,5745.0,5575.0,9912.0,7088.0,2.0937198545862983,1202842.0564598283,1202842.0564598283,14840.286329307683,2736.5,5729.464382075405,0.004763272410791993,1208571.5208419038
102,103/100_dte60_20240710,2024-07-10,2024-09-06,2024-09-06,58,0,58,5674.6597,5850.0,5675.0,10137.0,7363.0,2.065934223661374,1208571.5208419038,1208571.5208419038,15211.473688818694,-7363.0,-15211.473688818694,-0.012586324786324784,1193360.047153085
103,103/100_dte60_20240906,2024-09-06,2024-09-11,2024-11-05,60,55,5,5447.04,5600.0,5450.0,6859.499999999996,8140.500000000004,2.1310000842019376,1193360.047153085,1193360.047153085,17347.40618544588,1918.9999999999973,4089.3891615835128,0.00342678571428571,1197449.4363146685
104,103/100_dte60_20240911,2024-09-11,2024-09-19,2024-11-06,56,48,8,5591.01,5750.0,5600.0,6987.0,8013.0,2.082520758808119,1197449.4363146685,1197449.4363146685,16687.238840329457,2128.999999999998,4433.686695502482,0.0037026086956521704,1201883.1230101709
105,103/100_dte60_20240919,2024-09-19,2024-10-14,2024-11-15,57,32,25,5751.6616,5925.0,5750.0,8977.0,8523.0,2.028494722380035,1201883.1230101709,1201883.1230101709,17288.86051884504,3021.5,6129.096803671277,0.00509957805907173,1208012.219813842
106,103/100_dte60_20241017,2024-10-17,2024-11-07,2024-12-20,64,43,21,5888.0674,6060.0,5890.0,8807.000000000005,8192.999999999995,1.9934195046433039,1208012.219813842,1208012.219813842,16332.086001542577,2339.0000000000036,4662.608221360695,0.003859735973597366,1212674.8280352028
107,103/100_dte60_20241107,2024-11-07,2025-01-03,2025-01-03,57,0,57,6019.722,6200.0,6025.0,10024.5,7475.5,1.9559271419922626,1212674.8280352028,1212674.8280352028,14621.53334996316,-7475.5,-14621.53334996316,-0.01205725806451613,1198053.2946852397
108,103/100_dte60_20250103,2025-01-03,2025-01-22,2025-03-07,63,44,19,5977.609,6150.0,5980.0,8519.499999999998,8480.500000000002,1.9480541376995768,1198053.2946852397,1198053.2946852397,16520.473114761266,2553.999999999998,4975.330267684715,0.004152845528455282,1203028.6249529244
109,103/100_dte60_20250122,2025-01-22,2025-03-21,2025-03-21,58,0,58,6118.7783,6300.0,6120.0,9934.500000000004,8065.499999999996,1.9095692459570228,1203028.6249529244,1203028.6249529242,15401.630753266361,-8065.499999999996,-15401.630753266361,-0.012802380952380947,1187626.994199658
110,103/100_dte60_20250321,2025-03-21,2025-03-25,2025-05-16,56,52,4,5699.647,5870.0,5700.0,8624.500000000002,8375.499999999998,2.0232146408852776,1187626.994199658,1187626.9941996578,16945.43422473464,2169.000000000002,4388.352556080171,0.00369505962521295,1192015.3467557381
111,103/100_dte60_20250327,2025-03-27,2025-05-12,2025-05-30,64,18,46,5732.2695,5905.0,5730.0,8647.0,8853.0,2.0186542705431636,1192015.3467557381,1192015.3467557381,17871.146257118628,2281.5,4605.559718244228,0.003863674851820491,1196620.9064739824
112,103/100_dte60_20250512,2025-05-12,2025-06-06,2025-07-11,60,35,25,5876.917,6050.0,5900.0,7484.500000000002,7515.499999999998,1.9778857958247642,1196620.9064739824,1196620.9064739824,14864.800698521012,2301.500000000001,4552.104159090697,0.0038041322314049603,1201173.010633073
113,103/100_dte60_20250606,2025-06-06,2025-06-26,2025-08-01,56,36,20,6035.5054,6200.0,6030.0,8582.000000000002,8417.999999999998,1.9373758236017307,1201173.010633073,1201173.010633073,16308.829683079366,2779.000000000002,5383.967413789213,0.004482258064516132,1206556.9780468622
114,103/100_dte60_20250626,2025-06-26,2025-07-03,2025-08-22,57,50,7,6174.1797,6350.0,6175.0,9134.499999999998,8365.500000000002,1.900089729207657,1206556.9780468622,1206556.9780468622,15895.200629686658,2883.999999999998,5479.858779034879,0.004541732283464564,1212036.836825897
115,103/100_dte60_20250703,2025-07-03,2025-07-30,2025-08-29,57,30,27,6312.017,6500.0,6310.0,10121.999999999996,8878.000000000004,1.8646720566552262,1212036.836825897,1212036.836825897,16554.558518985104,2886.4999999999964,5382.375891535304,0.004440769230769226,1217419.2127174323
116,103/100_dte60_20250730,2025-07-30,2025-09-11,2025-09-26,58,15,43,6436.5063,6625.0,6430.0,10007.0,9493.0,1.837613905988577,1217419.2127174323,1217419.2127174323,17444.468809549562,4781.5,8786.550891484381,0.0072173584905660376,1226205.7636089167
117,103/100_dte60_20250911,2025-09-11,2025-10-01,2025-11-07,57,37,20,6624.955,6800.0,6625.0,9141.999999999996,8358.000000000004,1.8032437700131128,1226205.7636089167,1226205.7636089167,15071.511429769604,2551.4999999999945,4600.976479188447,0.003752205882352933,1230806.7400881052
118,103/100_dte60_20251001,2025-10-01,2025-10-27,2025-11-28,58,32,26,6743.5894,6945.0,6745.0,10331.999999999998,9668.000000000002,1.772219928132621,1230806.7400881052,1230806.7400881052,17133.822265186183,3453.999999999998,6121.247631770069,0.004973362131029515,1236927.9877198753
119,103/100_dte60_20251027,2025-10-27,2025-12-26,2025-12-26,60,0,60,6913.598,7125.0,6910.0,11577.000000000005,9922.999999999995,1.7360392810103513,1236927.9877198753,1236927.9877198753,17226.717785465706,-7082.860000000021,-12296.123181897012,-0.009940856140350906,1224631.8645379783
120,103/100_dte60_20251226,2025-12-26,2026-02-27,2026-02-27,63,0,63,6966.8154,7175.0,6965.0,11307.000000000007,9692.999999999993,1.7068039923874263,1224631.8645379783,1224631.8645379785,16544.051098211312,-9692.999999999993,-16544.051098211312,-0.013509407665505218,1208087.813439767
121,103/100_dte60_20260227,2026-02-27,2026-04-17,2026-04-30,62,13,49,6909.6445,7115.0,6910.0,9589.5,10910.5,1.6979449240193494,1208087.813439767,1208087.813439767,18525.42809351311,4771.5,8101.744204958326,0.006706254392129305,1216189.5576447255
122,103/100_dte60_20260417,2026-04-17,2026-05-06,2026-06-18,62,43,19,7165.169,7380.0,7165.0,10804.5,10695.5,1.6479533301419045,1216189.5576447255,1216189.5576447255,17625.68484253274,4514.000000000003,7438.8613322605615,0.006116531165311656,1223628.418976986
123,103/100_dte60_20260507,2026-05-07,2026-05-14,2026-07-10,64,57,7,7382.245,7600.0,7375.0,11581.999999999996,10918.000000000004,1.6100373933907712,1223628.418976986,1223628.418976986,17578.388261040447,3006.4999999999964,4840.577423229348,0.003955921052631575,1228468.9964002154
124,103/100_dte60_20260514,2026-05-14,2026-07-10,2026-07-10,57,0,57,7540.5,7750.0,7550.0,10827.000000000007,9172.999999999993,1.5851212856776973,1228468.9964002154,1228468.9964002154,14540.317553521505,-5973.299999999963,-9468.404975738531,-0.007707483870967694,1219000.5914244768
125,103/100_dte60_20260710,2026-07-10,2026-08-07,2026-09-04,56,28,28,7614.8867,7850.0,7625.0,12471.999999999998,10028.000000000002,1.5528669954451935,1219000.5914244768,1219000.5914244768,15572.150230324403,3463.9999999999964,5379.131272222145,0.004412738853503181,1224379.722696699
126,103/100_dte60_20260813,2026-08-13,2026-09-22,2026-10-16,64,24,40,7844.6763,8080.0,7845.0,12902.0,10598.0,1.515321438981063,1224379.722696699,1224379.7226966987,16059.376610321306,-5690.999999999996,-8623.694309241224,-0.007043316831683163,1215756.0283874578
