trade_id,variant_id,deep_call_ratio,cap_ratio,entry_date,expiration_date,actual_dte,spot_entry,entry_cash_per_package,max_profit_per_package,min_expiry_pnl_per_package,leg_count,deep_call_strike,deep_call_delta,atm_put_strike,short_95_strike,long_94_strike,cap_call_strike,cap_call_delta,exit_date,exit_reason,exit_spot,package_units,entry_equity,realized_pnl,trade_return,spx_return
call60_cap110_20211015,call60_cap110,0.6,1.1,2021-10-15,2022-01-21,98,4463.639,-186676.49999999997,36823.50000000003,-164176.49999999997,5,2675.0,0.992905,4465.0,4240.0,4195.0,4910.0,0.06455,2022-01-21,expiration,4398.1626,2.2403245423745064,1000000.0,-2224.1045926876054,-0.0022241045926876053,-0.014668838586633148
call60_cap110_20220121,call60_cap110,0.6,1.1,2022-01-21,2022-04-14,83,4383.4404,-181976.50000000003,35023.49999999997,-160476.50000000003,5,2650.0,0.980398,4385.0,4165.0,4120.0,4820.0,0.123861,2022-04-14,expiration,4392.842,2.276239219329439,997775.8954073124,-17509.514946848016,-0.01754854474581216,0.0021447993224681383
call60_cap110_20220414,call60_cap110,0.6,1.1,2022-04-14,2022-07-15,92,4386.1533,-186231.5,36268.5,-164731.5,5,2600.0,0.984742,4390.0,4170.0,4125.0,4825.0,0.103541,2022-07-15,expiration,3860.3147,2.2349113526434756,980266.3804604644,-86491.13639464308,-0.08823227861187614,-0.11988605140636555
call60_cap110_20220715,call60_cap110,0.6,1.1,2022-07-15,2022-10-21,98,3870.74,-162389.0,33611.0,-140889.0,5,2300.0,0.984499,3870.0,3675.0,3640.0,4260.0,0.176205,2022-10-21,expiration,3753.7642,2.3090552299193985,893775.2440658213,14395.989555350854,0.016106945958653866,-0.030220526307631057
call60_cap110_20221021,call60_cap110,0.6,1.1,2022-10-21,2023-01-20,91,3784.4192,-150516.5,35483.5,-134516.5,5,2300.0,0.989982,3780.0,3600.0,3560.0,4160.0,0.223585,2023-01-20,expiration,3968.5784,2.3997638359438938,908171.2336211721,39215.35676286338,0.043180575767082036,0.048662473755550106
call60_cap110_20230120,call60_cap110,0.6,1.1,2023-01-20,2023-04-21,91,4000.1487,-165729.0,34271.0,-145729.0,5,2400.0,0.992693,4000.0,3800.0,3760.0,4400.0,0.100781,2023-04-21,expiration,4133.559,2.368378431491898,947386.5903840355,18063.38545914561,0.0190665412013309,0.03335133516411526
call60_cap110_20230421,call60_cap110,0.6,1.1,2023-04-21,2023-07-21,91,4171.023,-172659.0,37341.0,-150659.0,5,2500.0,0.990042,4170.0,3960.0,3920.0,4600.0,0.046584,2023-07-21,expiration,4537.459,2.3146599187853463,965449.9758431811,71955.60142928817,0.07453063672868741,0.0878527881529303
call60_cap110_20230721,call60_cap110,0.6,1.1,2023-07-21,2023-10-20,91,4584.158,-189829.0,40171.0,-163829.0,5,2750.0,0.994348,4580.0,4350.0,4310.0,5050.0,0.03272,2023-10-20,expiration,4220.681,2.2630231708254147,1037405.5772724693,-37930.30506388788,-0.03656265774434494,-0.07928980632866511
call60_cap110_20231020,call60_cap110,0.6,1.1,2023-10-20,2024-01-19,91,4265.7466,-177911.5,36088.5,-153911.5,5,2550.0,0.990044,4270.0,4050.0,4010.0,4690.0,0.078098,2024-01-19,expiration,4842.912,2.3430254207049743,999475.2722085814,84556.27289511147,0.08460066521532245,0.13530231730126685
call60_cap110_20240119,call60_cap110,0.6,1.1,2024-01-19,2024-04-19,91,4893.112,-203364.0,41636.0,-180364.0,5,2925.0,0.996508,4890.0,4650.0,4600.0,5375.0,0.033026,2024-04-19,expiration,4969.9985,2.215423528224355,1084031.545103693,2516.388814533582,0.0023213243432808747,0.015713210733782512
call60_cap110_20240419,call60_cap110,0.6,1.1,2024-04-19,2024-07-19,91,5022.211,-209956.49999999997,42543.50000000003,-184956.49999999997,5,3000.0,0.994067,5020.0,4770.0,4720.0,5525.0,0.070852,2024-07-19,expiration,5509.5405,2.1634852337311723,1086547.9339182265,88697.59404415553,0.08163247223185176,0.09703485178141658
call60_cap110_20240719,call60_cap110,0.6,1.1,2024-07-19,2024-10-18,91,5568.9185,-229506.50000000003,50493.49999999997,-203506.50000000003,5,3350.0,0.995341,5570.0,5290.0,5230.0,6150.0,0.038197,2024-10-18,expiration,5871.206,2.110365824104594,1175245.527962382,47724.023782883654,0.0406077050687669,0.05428118583527497
call60_cap110_20241018,call60_cap110,0.6,1.1,2024-10-18,2025-01-17,91,5931.007,-246979.00000000003,48020.99999999997,-214479.00000000003,5,3550.0,0.993406,5930.0,5630.0,5575.0,6500.0,0.052993,2025-01-17,expiration,6002.1567,2.061993101247842,1222969.5517452657,-3635.9742952235106,-0.002973070171726445,0.01199622593600047
call60_cap110_20250117,call60_cap110,0.6,1.1,2025-01-17,2025-04-17,90,6049.1436,-251761.49999999997,50738.50000000003,-221761.49999999997,5,3625.0,0.990909,6050.0,5750.0,5690.0,6650.0,0.039429,2025-04-17,expiration,5285.833,2.0157127323775916,1219333.5774500421,-112231.25665586599,-0.0920431116893968,-0.12618490326465392
call60_cap110_20250417,call60_cap110,0.6,1.1,2025-04-17,2025-07-18,92,5340.4307,-220724.00000000003,46775.99999999997,-195224.00000000003,5,3200.0,0.979752,5340.0,5075.0,5020.0,5875.0,0.15991,2025-07-18,expiration,6300.6978,2.073058116444009,1107102.320794176,96969.36645478492,0.08758844113453242,0.179810796908197
call60_cap110_20250718,call60_cap110,0.6,1.1,2025-07-18,2025-10-17,91,6352.298,-264381.5,55618.5,-230381.5,5,3800.0,0.992113,6350.0,6030.0,5970.0,7000.0,0.044693,2025-10-17,expiration,6670.6597,1.8954899270294958,1204071.687248961,42998.184385002845,0.035710651483919734,0.050117563754093375
call60_cap110_20251017,call60_cap110,0.6,1.1,2025-10-17,2026-01-16,91,6732.7363,-281679.0,58321.0,-250679.0,5,4000.0,0.995552,6730.0,6400.0,6330.0,7400.0,0.06574,2026-01-16,expiration,6946.174,1.8522482035037728,1247069.871633964,23965.128156213257,0.01921714949685468,0.03170147923363653
call60_cap110_20260116,call60_cap110,0.6,1.1,2026-01-16,2026-04-17,91,6993.873,-289731.50000000006,60268.49999999994,-252231.50000000006,5,4200.0,0.993491,6990.0,6640.0,6575.0,7700.0,0.040545,2026-04-17,expiration,7131.107,1.817354990275313,1271034.9997901772,6141.205983138253,0.004831657652347925,0.01962203202717583
call60_cap110_20260417,call60_cap110,0.6,1.1,2026-04-17,2026-07-17,91,7183.9497,-298931.5,61068.5,-262931.5,5,4300.0,0.991748,7180.0,6825.0,6755.0,7900.0,0.062132,2026-07-17,expiration,7464.086,1.7778189702153893,1277176.2057733154,31071.119924351442,0.024327982140520885,0.03899474685909898
call60_cap110_20260717,call60_cap110,0.6,1.1,2026-07-17,2026-10-16,91,7510.788,-311849.0,63151.0,-274349.0,5,4500.0,0.995049,7500.0,7125.0,7050.0,8250.0,0.058389,2026-09-22,end_of_sample_liquidation,7785.94,1.7418243274842358,1308247.3256976667,30439.68649103253,0.02326753198199702,0.03663423864446713
