cagr,annualized_volatility,sharpe_zero_cash,max_drawdown,ending_equity,variant_id,deep_call_ratio,cap_ratio,trades,win_rate,average_trade_return,median_trade_return,average_spx_return,average_actual_dte,average_entry_debit_pct_notional,average_min_expiry_pnl_pct_notional,average_max_expiry_pnl_pct_notional,spx_cagr,spx_annualized_volatility,spx_sharpe_zero_cash,spx_max_drawdown,spx_ending_equity
0.07889538508037641,0.1356703267509881,0.6301599591155335,-0.20081982158878486,1452595.717988868,call50_cap120,0.5,1.2,20,0.7,0.020525835565283927,0.018115893139412167,0.023648495975776264,91.35,0.5147376398012102,-0.46419484010902556,0.1852607026946078,0.11923369061600986,0.1684698246019224,0.75610237548477,-0.25112631993316026,1743772.4806881424
0.06305992134609739,0.10682307789653664,0.6285071481162032,-0.153964145106123,1350283.2088885088,call50_cap105,0.5,1.05,20,0.8,0.015899476245208106,0.029100009319767035,0.023648495975776264,91.35,0.5039081546397617,-0.4533653549475769,0.04565693986746239,0.11923369061600986,0.1684698246019224,0.75610237548477,-0.25112631993316026,1743772.4806881424
0.07552721008772423,0.13284748929342874,0.6170552904746897,-0.19956291760023448,1430343.3947023274,call50_cap115,0.5,1.15,20,0.7,0.01957557510357185,0.018538051004143324,0.023648495975776264,91.35,0.514181779504393,-0.4636389798122081,0.13454175021830156,0.11923369061600986,0.1684698246019224,0.75610237548477,-0.25112631993316026,1743772.4806881424
0.0724753435291805,0.13481767472350337,0.5888038981452335,-0.2019671078261469,1410384.346556324,call60_cap120,0.6,1.2,20,0.7,0.019015811058332034,0.016814419090694397,0.023648495975776264,91.35,0.4179704260578861,-0.36742762636570114,0.18375500529687533,0.11923369061600986,0.1684698246019224,0.75610237548477,-0.25112631993316026,1743772.4806881424
0.06757935090234102,0.12486984906193359,0.5885623259190581,-0.1924322791256181,1378897.1335926917,call50_cap110,0.5,1.1,20,0.7,0.017380350149417117,0.020443319397810557,0.023648495975776264,91.35,0.5120916244004838,-0.46154882470829905,0.08727839004442381,0.11923369061600986,0.1684698246019224,0.75610237548477,-0.25112631993316026,1743772.4806881424
0.05669602539831975,0.10585167440801965,0.576301453092859,-0.1539501904035966,1310811.7382042138,call60_cap105,0.6,1.05,20,0.8,0.014389451738256223,0.027798535271049273,0.023648495975776264,91.35,0.40714094089643743,-0.35659814120425254,0.04415124246972994,0.11923369061600986,0.1684698246019224,0.75610237548477,-0.25112631993316026,1743772.4806881424
0.0691211754765364,0.13197611796522513,0.574768742087479,-0.20071108864169074,1388739.9580884113,call60_cap115,0.6,1.15,20,0.7,0.018065550596619965,0.017236576955425555,0.023648495975776264,91.35,0.4174145657610686,-0.3668717660688837,0.1330360528205691,0.11923369061600986,0.1684698246019224,0.75610237548477,-0.25112631993316026,1743772.4806881424
0.06120410431969425,0.123960992032475,0.5434130344296398,-0.1935430808367925,1338687.012188699,call60_cap110,0.6,1.1,20,0.7,0.01587032564246524,0.019141845349092787,0.023648495975776264,91.35,0.4153244106571596,-0.36478161096497475,0.08577269264669136,0.11923369061600986,0.1684698246019224,0.75610237548477,-0.25112631993316026,1743772.4806881424
0.0647662780390521,0.13264871511517942,0.5416071193481401,-0.20287710412163995,1361050.399600208,call70_cap120,0.7,1.2,20,0.65,0.017193646507543882,0.01472123207430225,0.023648495975776264,91.35,0.3190653266714189,-0.26852252697923407,0.1818933974812793,0.11923369061600986,0.1684698246019224,0.75610237548477,-0.25112631993316026,1743772.4806881424
0.06142577704126051,0.12976860173770646,0.5263939602233015,-0.20162158942156216,1340098.0258089583,call70_cap115,0.7,1.15,20,0.7,0.016243386045831802,0.015143389939033407,0.023648495975776264,91.35,0.3185094663746014,-0.2679666666824166,0.13117444500497305,0.11923369061600986,0.1684698246019224,0.75610237548477,-0.25112631993316026,1743772.4806881424
0.04904213362945975,0.10335286457086175,0.5170451214131653,-0.15334335522955644,1264614.0835763337,call70_cap105,0.7,1.05,20,0.75,0.01256728718746806,0.025705348254657125,0.023648495975776264,91.35,0.30823584150997024,-0.25769304181778535,0.042289634654133865,0.11923369061600986,0.1684698246019224,0.75610237548477,-0.25112631993316026,1743772.4806881424
0.05354103577940039,0.12164926833992404,0.4915556628103862,-0.19441379817986992,1291649.0059281995,call70_cap110,0.7,1.1,20,0.7,0.01404816109167708,0.01704865833270064,0.023648495975776264,91.35,0.31641931127069245,-0.26587651157850756,0.08391108483109529,0.11923369061600986,0.1684698246019224,0.75610237548477,-0.25112631993316026,1743772.4806881424
0.05107180170682235,0.12452706713466814,0.4641602227843579,-0.2104092888239354,1277171.482349014,call80_cap120,0.8,1.2,20,0.6,0.013956388723783538,0.011491616354446378,0.023648495975776264,91.35,0.22193423405695487,-0.17139143436477006,0.1786326734513674,0.11923369061600986,0.1684698246019224,0.75610237548477,-0.25112631993316026,1743772.4806881424
0.047759269694698236,0.12148968493199752,0.4465928356078592,-0.20757672116483528,1257421.5302380358,call80_cap115,0.8,1.15,20,0.6,0.013006128262071464,0.011913774219177536,0.023648495975776264,91.35,0.22137837376013744,-0.1708355740679526,0.12791372097506115,0.11923369061600986,0.1684698246019224,0.75610237548477,-0.25112631993316026,1743772.4806881424
0.03548207136238313,0.09374200962825845,0.42059231519831364,-0.14804961945294093,1186294.7654837263,call80_cap105,0.8,1.05,20,0.75,0.00933002940370772,0.02226594074422865,0.023648495975776264,91.35,0.2111047488955063,-0.1605619492033214,0.039028910624221994,0.11923369061600986,0.1684698246019224,0.75610237548477,-0.25112631993316026,1743772.4806881424
0.03994195904490638,0.11294484837724084,0.4048954246685048,-0.1962384015873685,1211765.4496965937,call80_cap110,0.8,1.1,20,0.65,0.010810903307916729,0.013819042612844772,0.023648495975776264,91.35,0.21928821865622847,-0.16874541896404355,0.08065036080118342,0.11923369061600986,0.1684698246019224,0.75610237548477,-0.25112631993316026,1743772.4806881424
