date,Dynamic: 24-month IV/RV z-score,Fixed 99/96
2018-11-16,999815.4421908674,999870.2613420949
2018-11-19,995247.1795885745,996581.1122684439
2018-11-20,990459.6403813714,991903.2113636959
2018-11-21,990532.7325830081,992469.6759263803
2018-11-23,989253.619054366,990532.732583008
2018-11-26,990660.6439358722,993968.0660599323
2018-11-27,991958.0305149235,995429.910092666
2018-11-28,998298.7790069061,1000016.4457453683
2018-11-29,998810.4244183629,1000345.3606527334
2018-11-30,1000637.72945928,1001240.7401227828
2018-12-03,1004164.4281882503,1004073.0629362044
2018-12-04,993986.3391103415,997202.3959823558
2018-12-06,992634.1333800629,996489.7470163981
2018-12-07,988431.3317859534,990624.0978350539
2018-12-10,987645.5906183589,990624.0978350539
2018-12-11,987006.0338540379,989947.9949699146
2018-12-12,987334.948761403,990971.2857928282
2018-12-13,986311.6579384895,989143.980751911
2018-12-14,985343.1862668033,982784.9592095192
2018-12-17,985105.636611484,978600.4306658189
2018-12-18,985105.6366114841,977979.1469519071
2018-12-19,985087.363561075,976517.3029191733
2018-12-20,985087.363561075,976553.8490199917
2018-12-21,984557.5240878762,975967.0103229344
2018-12-24,979992.1504342961,972088.458104567
2018-12-26,988144.6033871176,978350.7038738059
2018-12-27,989673.1883157718,979461.7474780257
2018-12-28,989795.475110064,979603.1530276537
2018-12-31,991589.0147596848,981178.8148663654
2019-01-02,992689.5959083157,982047.4489569373
2019-01-03,987573.9316804202,979037.5308291418
2019-01-04,994197.7997045877,983077.6893899412
2019-01-07,995644.8601037136,983714.014363267
2019-01-08,996806.5846494907,984198.8333905629
2019-01-09,997448.5903195253,984380.6405257989
2019-01-10,998019.2620262229,984623.0500394469
2019-01-11,998396.3129752908,984764.4555890749
2019-01-14,998437.075240055,984744.2547962709
2019-01-15,998620.5054314934,984774.5559854768
2019-01-16,998702.0299610216,984784.6563818789
2019-01-17,998722.4110934037,984794.7567782808
2019-01-18,998402.6805071647,984673.0729284843
2019-01-22,994924.9092182494,981446.6072141821
2019-01-23,995167.9792545715,981833.7830998984
2019-01-24,993784.349817046,981686.2875243875
2019-01-25,996850.7718137241,984267.4600958291
2019-01-28,994401.3737554019,982294.7067733702
2019-01-29,994046.1175484697,982257.8328794924
2019-01-30,999169.2860063342,986018.9700550217
2019-01-31,1002460.0803442326,987973.2864305418
2019-02-01,1001880.4517960801,988305.1514754415
2019-02-04,1004872.0830123513,989623.3931815706
2019-02-05,1006947.5271686396,989890.7289121842
2019-02-06,1007022.3179490463,990056.661434634
2019-02-07,1002142.2195275038,989153.2510346294
2019-02-08,1002011.335661792,989512.7714999374
2019-02-11,1002347.8941736225,989890.7289121842
2019-02-12,1011219.950499377,990665.0806836167
2019-02-13,1012631.6264795549,990775.70236525
2019-02-14,1012220.2771873176,990812.5762591277
2019-02-15,1016333.4910862166,990794.7036766453
2019-02-19,1016589.827001907,991205.2448317371
2019-02-20,1017834.8871638317,992079.8759882372
2019-02-21,1016241.9425448986,991115.9967545433
2019-02-22,1018622.2046191666,992740.311759472
2019-02-25,1019391.2123662378,993133.0032991251
2019-02-26,1018695.443452221,992811.7102212271
2019-02-27,1019592.6191571373,993418.5971461455
2019-02-28,1019006.7084927022,993257.9506071965
2019-03-01,1021606.6870661334,994543.1229187886
2019-03-04,1019684.1676984554,993757.7398394824
2019-03-05,1019720.7871149826,993998.7096479058
2019-03-06,1016058.8454622626,992383.3194506965
2019-03-07,1011518.0378128899,990187.8167517269
2019-03-08,1009961.7126104839,990312.7640597983
2019-03-11,1018649.669181562,994917.9648430028
2019-03-12,1021002.4666934345,995712.2727300285
2019-03-13,1025451.7258014893,996328.0844626663
2019-03-14,1025561.5840510709,996381.6333089826
2019-03-15,1027427.8903666186,996425.1812252408
2019-03-18,1028429.0248325318,996954.7626950283
2019-03-19,1027828.3441529839,996495.7920878791
2019-03-20,1026663.3876835577,995842.6416084745
2019-03-21,1030394.8888746884,997908.0093406457
2019-03-22,1025097.9774277663,994077.3700425163
2019-03-25,1024479.0943033837,993794.9265919629
2019-03-26,1026390.351011036,995471.9345796233
2019-03-27,1024952.3578690881,994395.1189243888
2019-03-28,1026353.9461213665,995719.0725988575
2019-03-29,1028774.8712843927,997431.386017837
2019-04-01,1032670.1944790364,999593.843686136
2019-04-02,1032670.1944790364,999708.5863379233
2019-04-03,1033616.7216104452,1000017.508861966
2019-04-04,1034126.390065819,1000299.9523125193
2019-04-05,1035518.87709568,1000864.839213626
2019-04-08,1036001.2418838018,1001041.3663702218
2019-04-09,1034927.2976385496,1000723.6174883493
2019-04-10,1036310.6834459931,1001209.0671689878
2019-04-11,1036410.7968925844,1001306.1571051156
2019-04-12,1037266.3117998192,1001500.336977371
2019-04-15,1037421.0325809149,1001526.8160508603
2019-04-16,1037512.0448050888,1001535.6424086902
2019-04-17,1037575.7533620106,1001553.2951243498
2019-04-18,1037593.7108766636,1001509.0954607383
2019-04-22,1038040.2105067637,1001957.3020862555
2019-04-23,1041415.7477103204,1003267.444530075
2019-04-24,1040415.5885388962,1002715.8056063615
2019-04-25,1040022.668864408,1002681.3281736294
2019-04-26,1042094.4271480726,1003594.9801410298
2019-04-29,1042237.3070297046,1003732.8898719582
2019-04-30,1043201.7462307209,1004043.1867665469
2019-05-01,1039594.029219512,1002508.941009969
2019-05-02,1039111.8096190039,1002457.2248608709
2019-05-03,1043255.3261863329,1004336.2449447697
2019-05-06,1041183.5679026684,1003198.4896646107
2019-05-07,1035307.632770551,999233.5849004204
2019-05-08,1034825.4131700429,998923.2880058317
2019-05-09,1032735.7949011744,997595.9068456461
2019-05-10,1033700.2341021906,1000009.3271368925
2019-05-13,1019876.6055542914,988631.7743353028
2019-05-14,1021769.7639859158,993786.1505287503
2019-05-15,1023037.8229354001,997389.0422492536
2019-05-16,1028386.8885039993,1002965.7669936691
2019-05-17,1021162.5514414568,1000430.1238147281
2019-05-20,1019269.6578113561,999205.4893779582
2019-05-21,1021305.4113380681,1000919.9775894361
2019-05-22,1020573.2543679349,1000587.5768137415
2019-05-23,1016198.1700342116,997543.4854994847
2019-05-24,1017573.1965390961,998680.6460479139
2019-05-28,1014126.7015333467,996301.3562850466
2019-05-29,1010644.4915534445,993782.1083008341
2019-05-30,1011519.5084201891,994709.3315172456
2019-05-31,1007055.1366510838,990615.5535429004
2019-06-03,1005930.1149652692,989513.3825498074
2019-06-04,1012483.8127223159,996056.4293976926
2019-06-05,1015591.0154736133,998575.677381905
2019-06-06,1017841.0588452424,1000605.0715914096
2019-06-07,1022216.1431789657,1002861.8979106
2019-06-10,1024216.1817315248,1004112.7745138721
2019-06-11,1023984.0343995313,1004095.279736204
2019-06-12,1023680.4571192322,1004243.9853463832
2019-06-13,1025537.63577518,1005162.4611739606
2019-06-14,1025769.7831071735,1005591.0832268301
2019-06-17,1026635.8712303799,1006037.2000573678
2019-06-18,1029519.855393222,1006623.2751092506
2019-06-19,1031225.2454090202,1006894.4441631067
2019-06-20,1031778.8275083894,1006920.6863296089
2019-06-21,1031850.5412533957,1006912.1665431205
2019-06-24,1031972.9567311702,1007168.141207776
2019-06-25,1028213.0527709558,1004847.3042482336
2019-06-26,1027600.9753820837,1004574.2646059344
2019-06-27,1029192.3765931511,1005939.46281743
2019-06-28,1032235.2756121154,1007953.1301793859
2019-07-01,1034281.3628834878,1009813.2127425487
2019-07-02,1036397.4018564457,1011076.021088182
2019-07-03,1039947.450711904,1011954.8674368323
2019-07-05,1038128.7064706839,1011912.2049927231
2019-07-08,1035837.7882437626,1011613.5678839583
2019-07-09,1036677.2086627872,1011843.9450821483
2019-07-10,1039912.4748611113,1012518.0116990742
2019-07-11,1041530.1079602733,1012722.7914307985
2019-07-12,1043619.9150451366,1012901.9736960573
2019-07-15,1044695.4224570119,1013012.8960507413
2019-07-16,1043366.3401268895,1013012.8960507413
2019-07-17,1037831.4117389461,1012953.1686289884
2019-07-18,1041914.8423189928,1013072.6234724943
2019-07-19,1035787.5578822158,1013079.6625524566
2019-07-22,1037162.1790903615,1014117.8004445491
2019-07-23,1039250.2113052662,1015309.1062223602
2019-07-24,1040677.0333187846,1016006.8710350781
2019-07-25,1038954.4067414881,1015241.0316064853
2019-07-26,1040972.8378825628,1016211.0948827028
2019-07-29,1040938.0373456477,1016228.1135366716
2019-07-30,1039511.2153321294,1015496.3114160162
2019-07-31,1036239.9648621118,1013709.3527492996
2019-08-01,1032533.7076806559,1011071.4613841466
2019-08-02,1029401.6593582986,1009778.0436825231
2019-08-05,1019326.9039213831,999447.7207235043
2019-08-06,1020962.5291563917,1003447.1044061558
2019-08-07,1020910.3283510192,1003991.701333155
2019-08-08,1028740.4491569122,1011513.9463873334
2019-08-09,1024442.5828478998,1008654.812520587
2019-08-12,1018596.0926461663,1002000.5188188137
2019-08-13,1024825.3887539657,1010969.3494603342
2019-08-14,1015429.2437868941,994376.1618408229
2019-08-15,1014768.0335855075,992538.1472122001
2019-08-16,1014800.2454394504,999037.9846879266
2019-08-19,1017189.3127797148,1001009.4630404998
2019-08-20,1015046.1788421246,999643.2631295061
2019-08-21,1017523.0795404871,1001441.8047844853
2019-08-22,1017013.646063519,1001009.4630404998
2019-08-23,1011304.4777871517,996962.7443167969
2019-08-26,1013675.9784557965,998847.7543205731
2019-08-27,1012077.4113384137,997619.9037676547
2019-08-28,1014238.1119476234,999504.9137714308
2019-08-29,1017663.6129134438,1001770.3845099141
2019-08-30,1017470.3795256283,1001614.7414820794
2019-09-03,1015696.1456920495,1000801.9390033869
2019-09-04,1018752.7465538585,1002946.3540535542
2019-09-05,1021949.8807886243,1004537.3716714204
2019-09-06,1022986.3144141801,1005194.5311222782
2019-09-09,1023144.4144587565,1005410.7019942708
2019-09-10,1023355.2145181915,1005566.3450221056
2019-09-11,1024778.1149193785,1005955.4525916924
2019-09-12,1025331.4650753957,1006024.6272707301
2019-09-13,1025498.3484557818,1006085.155114888
2019-09-16,1025313.898403776,1006145.682959046
2019-09-17,1025858.4652239834,1006180.2702985648
2019-09-18,1026183.4486489458,1006206.2108032039
2019-09-19,1026561.132088767,1006266.7386473619
2019-09-20,1026631.9335466838,1006241.739711045
2019-09-23,1027404.0204236706,1006998.4919772866
2019-09-24,1025413.7520296599,1005047.7528020862
2019-09-25,1026717.72097746,1006325.823296183
2019-09-26,1026374.5712543548,1005989.4889556313
2019-09-27,1025036.2873342441,1004677.7850274793
2019-09-30,1026426.0437128205,1006039.939106714
2019-10-01,1023028.8614540781,1002710.2291352513
2019-10-02,1016783.5364935618,996588.9441372086
2019-10-03,1020197.8762384595,999935.470825699
2019-10-04,1024229.8854849467,1003887.3993271826
2019-10-07,1022874.4440786807,1002558.878682003
2019-10-08,1016989.4263274249,996790.7447415397
2019-10-09,1019974.8289184411,999716.8535043403
2019-10-10,1023028.8614540781,1002710.2291352513
2019-10-11,1027266.7605344285,1006863.9582410658
2019-10-14,1028321.9459329773,1007898.1863382626
2019-10-15,1031504.6596147788,1011017.6873468804
2019-10-16,1031727.7069347973,1011236.3046682392
2019-10-17,1032396.8488948527,1011892.1566323151
2019-10-18,1032523.2066699819,1012016.0047840406
2019-10-21,1034027.3999547308,1013490.3229094065
2019-10-22,1033283.9481013492,1012761.6369393981
2019-10-23,1034200.2957345869,1013659.7847628968
2019-10-24,1034373.191514443,1013829.2466163872
2019-10-25,1035583.4619734364,1015015.4795908196
2019-10-28,1036257.7555148755,1015676.3808194319
2019-10-29,1036266.4003038683,1015684.8539121064
2019-10-30,1036975.2730012786,1016379.6475114167
2019-10-31,1036525.7439736526,1015939.0466923418
2019-11-01,1037519.8947078256,1016913.4523499112
2019-11-04,1037831.1071115667,1017218.4836861938
2019-11-05,1037865.686267538,1017252.3760568919
2019-11-06,1038090.4507813511,1017472.6764664294
2019-11-07,1038159.6090932935,1017540.4612078255
2019-11-08,1038297.9257171785,1017676.0306906177
2019-11-11,1038289.2809281857,1017667.5575979432
2019-11-12,1038306.5705061712,1017684.5037832923
2019-11-13,1038297.9257171785,1017676.0306906177
2019-11-14,1038323.8600841569,1017701.4499686413
2019-11-15,1038156.1474660777,1017626.7571070561
2019-11-18,1038621.9972206074,1017936.5910542982
2019-11-19,1038472.2597995085,1017757.2135058949
2019-11-20,1037540.5602904492,1017300.6161099591
2019-11-21,1036875.0606411211,1016811.4046143136
2019-11-22,1037973.1350625125,1017659.3712067658
2019-11-25,1040368.9338000936,1019159.6197934118
2019-11-26,1041766.4830636827,1019909.7440867348
2019-11-27,1042515.1701691768,1020301.1132832512
2019-11-29,1041400.4582565522,1019730.3665383315
2019-12-02,1038089.5975011449,1017626.7571070561
2019-12-03,1035111.4865704016,1015653.6040746195
2019-12-04,1037590.4727641488,1017447.3795586528
2019-12-05,1038322.5223784097,1018067.047453137
2019-12-06,1041982.7704497143,1020170.6568844124
2019-12-09,1040718.3211159909,1019469.4537406539
2019-12-10,1040901.3335195561,1019795.594737751
2019-12-11,1041982.7704497143,1020496.7978815094
2019-12-12,1044528.3066083943,1021581.2166968568
2019-12-13,1046050.6370562323,1022339.4945151072
2019-12-16,1047780.9361444854,1022869.4736353898
2019-12-17,1047988.9047849005,1022967.3159345189
2019-12-18,1048230.1484077818,1023024.3906090108
2019-12-19,1048413.1608113471,1023048.8511837932
2019-12-20,1048412.8040260308,1023024.5088892806
2019-12-23,1048542.9995918806,1023246.8354424746
2019-12-24,1048510.4507004182,1023246.8354424746
2019-12-26,1049047.5074095484,1024056.7393148239
2019-12-27,1048608.0973748055,1023373.8791871568
2019-12-30,1047924.5706540942,1022341.6487616135
2019-12-31,1048884.7629522362,1023596.2057403508
2020-01-02,1049820.5435817814,1025033.3881020687
2020-01-03,1048819.6651693115,1023485.0424637538
2020-01-06,1049552.0152272163,1024429.9303148281
2020-01-07,1049511.3291128883,1024255.24516589
2020-01-08,1050243.6791707932,1025517.7423786698
2020-01-09,1050626.128645477,1026160.9013361237
2020-01-10,1050683.0892055363,1026160.9013361237
2020-01-13,1050943.4803372356,1026756.4188893217
2020-01-14,1050951.6175601014,1026764.3591233643
2020-01-15,1050976.0292286982,1026851.7016978334
2020-01-16,1051000.440897295,1026883.462634004
2020-01-17,1050596.8920051653,1026851.9978526984
2020-01-21,1050265.4525279067,1026373.9497449527
2020-01-22,1050517.9778439132,1026435.6333717586
2020-01-23,1051401.8164499362,1026821.1560392955
2020-01-24,1047740.1993678417,1024353.8109670592
2020-01-27,1042200.4252479487,1020082.2198107501
2020-01-28,1045672.6483430384,1022996.7711773292
2020-01-29,1044646.7642467619,1022426.1976293746
2020-01-30,1046319.744465305,1024261.2855268504
2020-01-31,1039722.5205846349,1018108.3437529611
2020-02-03,1040716.8390164105,1020051.3779973472
2020-02-04,1046556.4869490612,1024955.2263284168
2020-02-05,1051543.8619401897,1027900.6195083989
2020-02-06,1053358.8876489867,1028764.1902836816
2020-02-07,1049997.14437965,1027561.3595609664
2020-02-10,1054526.8172355168,1029566.0774321584
2020-02-11,1055110.7820287817,1029866.7851128372
2020-02-12,1059056.4900913837,1031139.009915709
2020-02-13,1058693.4849496242,1031069.6158355523
2020-02-14,1059656.237716899,1031439.7175963878
2020-02-18,1057856.9948403526,1031617.0580234547
2020-02-19,1062047.3368028358,1031948.6075175365
2020-02-20,1058243.6742304876,1031948.6075175365
2020-02-21,1048220.4399471555,1031962.2660232885
2020-02-24,1041122.3141384424,1024974.2340073823
2020-02-25,1033600.1852393858,1017568.7753002605
2020-02-26,1031291.723969738,1015296.1188703087
2020-02-27,1040337.123230399,1024201.2216162423
2020-02-28,1025654.0532499858,1009745.8899019231
2020-03-02,1027664.1419745771,1011724.8016232416
2020-03-03,1025088.7157961945,1009189.3209803023
2020-03-04,1030490.8292435337,1014507.646231346
2020-03-05,1026266.5021582597,1010348.8395670124
2020-03-06,1024303.524888151,1008416.3085891622
2020-03-09,1023486.9263437857,1007612.3757023765
2020-03-10,1023486.9263437857,1007612.3757023765
2020-03-11,1023314.1843440161,1007442.3129763257
2020-03-12,1023235.6652532119,1007365.0117372117
2020-03-13,1023062.9232534423,1007194.9490111609
2020-03-16,1023219.9614350509,1007349.5514893889
2020-03-17,1022890.1812536727,1007024.8862851101
2020-03-18,1023188.5537987292,1007318.6309937433
2020-03-19,1023298.4805258553,1007426.8527285029
2020-03-20,1021954.4700665505,1006431.4605538897
2020-03-23,1018536.3244774225,1004115.202755257
2020-03-24,1025705.5519143598,1009709.1838538416
2020-03-25,1026571.1861869311,1009949.5502291714
2020-03-26,1030344.4637853191,1012746.5407784638
2020-03-27,1028457.8249861251,1011348.0455038176
2020-03-30,1031143.5108061542,1013576.897347785
2020-03-31,1031054.7278038393,1013489.4913931196
2020-04-01,1027303.64595603,1010954.7187078234
2020-04-02,1029900.5487737441,1013096.1645971253
2020-04-03,1029722.9827691141,1013139.867574458
2020-04-06,1033784.8051250259,1015762.0462144195
2020-04-07,1033807.0008756046,1015915.0066350839
2020-04-08,1035294.116164381,1016668.882994073
2020-04-09,1035871.2056794286,1016952.9523467354
2020-04-13,1036215.2398133994,1017105.9127673998
2020-04-14,1036259.6313145568,1017127.7642560662
2020-04-15,1036281.8270651356,1017127.7642560662
2020-04-16,1036292.924940425,1017127.7642560662
2020-04-17,1035984.6932692253,1016951.1539967287
2020-04-20,1033226.8309479654,1014545.0316854814
2020-04-21,1028990.8986244617,1011201.2293558804
2020-04-22,1031442.3317989149,1013642.7358187636
2020-04-23,1030505.0191145651,1013271.2022265857
2020-04-24,1032145.3163121772,1015677.324537833
2020-04-27,1034488.5980230516,1018083.4468490803
2020-04-28,1034560.6989987708,1018048.0626974443
2020-04-29,1040040.373153431,1021214.9442688654
2020-04-30,1037228.4351003816,1019604.9653694278
2020-05-01,1031316.1550914063,1015482.711703835
2020-05-04,1029910.1860648816,1015748.0928411051
2020-05-05,1032559.8969225627,1017906.5260909004
2020-05-06,1029639.8074059346,1016278.8551156449
2020-05-07,1033641.4115583509,1019923.4227341518
2020-05-08,1038940.833273713,1023231.8409121168
2020-05-11,1038129.6972968718,1023957.2160206545
2020-05-12,1027152.3237436218,1019127.279322342
2020-05-13,1021492.3971496637,1014792.7207469332
2020-05-14,1022501.8108097326,1020984.9472832314
2020-05-15,1019294.4540191742,1025731.3872374404
2020-05-18,1023976.0857430722,1029349.6517046386
2020-05-19,1022587.6170188743,1028364.4806863421
2020-05-20,1024723.7227484095,1029976.5787162818
2020-05-21,1023175.0460944965,1028812.2856946586
2020-05-22,1023993.8866241516,1029510.8615076325
2020-05-26,1026076.5897104484,1031122.9595375723
2020-05-27,1027571.8637211231,1032054.3939548709
2020-05-28,1027589.6646022025,1032072.3061552036
2020-05-29,1028159.2927967452,1032555.9355641855
2020-06-01,1028194.8945589041,1032627.5843655162
2020-06-02,1029120.5403750361,1033290.3357778247
2020-06-03,1030170.7923587242,1033988.9115907986
2020-06-04,1030206.3941208832,1034060.5603921294
2020-06-05,1031416.8540342865,1034669.5752034399
2020-06-08,1031719.4690126373,1034794.9606057686
2020-06-09,1031532.5597613029,1034723.3118044379
2020-06-10,1031488.0575586043,1034741.2240047705
2020-06-11,1026414.8064509581,1031714.0621485503
2020-06-12,1028016.8857481095,1033021.6527728348
2020-06-15,1030402.2038127572,1034445.6726992816
2020-06-16,1031657.1659288591,1034893.4777075982
2020-06-17,1032030.9844315278,1034974.0826090951
2020-06-18,1032102.1879558456,1034983.0387092616
2020-06-19,1031923.5279255419,1034818.5234783277
2020-06-22,1034355.9659936841,1037157.4286616916
2020-06-23,1034839.12150037,1037408.0256456234
2020-06-24,1031173.8038634431,1033966.4937329594
2020-06-25,1031823.5647172619,1035503.4885677414
2020-06-26,1027441.8440876631,1032563.150622941
2020-06-29,1028408.1551010347,1034684.871753564
2020-06-30,1032390.0228975143,1036472.4635722779
2020-07-01,1033372.9944455993,1037992.7519414645
2020-07-02,1035822.0930484548,1039529.7467762465
2020-07-06,1039154.1999911156,1041300.6321293649
2020-07-07,1036305.2485551407,1040047.6472097057
2020-07-08,1038937.6130398427,1041517.8161821058
2020-07-09,1037021.6515478127,1040682.492902333
2020-07-10,1040520.3638376065,1042787.5075673605
2020-07-13,1037788.0361446247,1041735.0002348467
2020-07-14,1041136.8036219988,1043271.9950696288
2020-07-15,1044627.1856444359,1044274.3830053562
2020-07-16,1044760.4699221423,1044307.7959365471
2020-07-17,1046095.8535732742,1044293.0592578866
2020-07-20,1048220.9765886767,1046025.7882056275
2020-07-21,1048804.9798600848,1046171.5317619795
2020-07-22,1049859.4302112388,1046916.4432722232
2020-07-23,1047198.9708637121,1045232.295509933
2020-07-24,1045057.625535215,1044163.5094300181
2020-07-27,1047004.303106576,1045993.4007486603
2020-07-28,1045333.4048578244,1044957.0021257126
2020-07-29,1048366.9774065287,1046965.0244576739
2020-07-30,1048042.5311446352,1046624.9561595191
2020-07-31,1049551.20626244,1047386.0613982464
2020-08-03,1051432.9945814223,1048519.6223920956
2020-08-04,1052276.5548623453,1049102.5966175038
2020-08-05,1053882.5638587181,1049977.0579556162
2020-08-06,1056234.799257446,1050900.100479179
2020-08-07,1056413.2447014875,1050997.2628500804
2020-08-10,1057354.1388609787,1051418.299790653
2020-08-11,1055456.1282289017,1050802.9381082775
2020-08-12,1058603.2569692687,1051912.2085094014
2020-08-13,1058911.4809180675,1052082.242658479
2020-08-14,1059041.259422825,1052317.0517214905
2020-08-17,1060996.048150733,1052600.4419699528
2020-08-18,1061401.6059781,1052608.5388341944
2020-08-19,1061215.0493775113,1052576.1513772274
2020-08-20,1061936.9423102243,1052657.1200196452
2020-08-21,1061880.8027563223,1052618.586014943
2020-08-24,1064944.8705411677,1054214.4463225577
2020-08-25,1066211.1434522518,1054818.7041089362
2020-08-26,1068368.4973007655,1055593.393578652
2020-08-27,1068571.7262864949,1055670.8625256238
2020-08-28,1069697.3022074585,1056538.5147317057
2020-08-31,1069478.4402228268,1056228.638943819
2020-09-01,1070932.3091207382,1056972.3408347464
2020-09-02,1072714.470995597,1057762.5240938566
2020-09-03,1066586.3354259063,1054105.9897967975
2020-09-04,1063819.294620204,1052665.0673831261
2020-09-08,1055940.2631734589,1047304.216252692
2020-09-09,1061099.1528112087,1052029.822017959
2020-09-10,1054939.7512437133,1047676.0671981556
2020-09-11,1053345.1853556815,1046947.8590966227
2020-09-14,1057784.957043927,1052587.5984361544
2020-09-15,1060083.007882561,1055399.7212112232
2020-09-16,1056377.9871427224,1055484.9370528918
2020-09-17,1049874.659599377,1053726.391956637
2020-09-18,1044595.7513029198,1045269.7567996188
2020-09-21,1041715.8573598263,1043238.5107567081
2020-09-22,1043352.5183985243,1044624.166972027
2020-09-23,1038253.6897779652,1040939.5811267472
2020-09-24,1038379.586780942,1041317.4873672887
2020-09-25,1041794.5429866867,1044262.0068248415
2020-09-28,1046153.7267147573,1047064.8114421911
2020-09-29,1045052.1279387105,1046545.1903614466
2020-09-30,1045256.7105685478,1046828.6200418527
2020-10-01,1047570.0679982458,1048151.291883748
2020-10-02,1045351.1333207804,1046938.842695344
2020-10-05,1049851.9511771998,1049946.3465263203
2020-10-06,1046311.0979684782,1048544.9442176454
2020-10-07,1051551.560717386,1051269.0183682158
2020-10-08,1054824.882794782,1052599.563256789
2020-10-09,1057500.1941080382,1053308.1374578043
2020-10-12,1059915.8428526549,1053536.455811465
2020-10-13,1059577.494657155,1053544.3288581427
2020-10-14,1059475.203342236,1053560.0749514988
2020-10-15,1060293.5338615852,1053615.1862782442
2020-10-16,1059101.99318618,1052526.1348997054
2020-10-19,1056468.4184493585,1051074.4185398666
2020-10-20,1056909.8847347216,1051391.9814935813
2020-10-21,1056864.2158086495,1051391.9814935813
2020-10-22,1057655.8105272318,1052178.3278551607
2020-10-23,1057716.7024286613,1052344.6703547256
2020-10-26,1054535.1005789752,1049577.3360437828
2020-10-27,1053682.6139589634,1048911.9660455233
2020-10-28,1049892.0930949834,1043815.8367406721
2020-10-29,1049298.3970560469,1044768.5256018164
2020-10-30,1047836.9914217412,1043664.6162865222
2020-11-02,1048126.2279535308,1044526.5728751766
2020-11-03,1050318.3364049892,1046976.3442324047
2020-11-04,1054717.7762832632,1051891.008992276
2020-11-05,1060517.7298944136,1055989.0832997377
2020-11-06,1059254.2229397534,1056125.1817084725
2020-11-09,1063151.304631235,1058181.7798849111
2020-11-10,1062831.6221487308,1058469.098747796
2020-11-11,1065784.8793680565,1060147.6457888596
2020-11-12,1062618.5004937279,1058907.6380648306
2020-11-13,1067139.7241748609,1060767.649650874
2020-11-16,1072117.6371167141,1061962.2912386581
2020-11-17,1071356.4883488466,1062022.779420318
2020-11-18,1065815.3253187714,1061939.6081705356
2020-11-19,1069621.0691581087,1062151.3168063455
2020-11-20,1065259.7296725377,1062143.6102793496
2020-11-23,1067371.3137404302,1064069.5225417344
2020-11-24,1071849.0700262452,1066129.8007759133
2020-11-25,1071519.6030085597,1066204.4485380212
2020-11-27,1072238.440138055,1066413.4622719234
2020-11-30,1071639.409196809,1066383.6031670803
2020-12-01,1073915.7267735442,1067309.2354172186
2020-12-02,1074874.176279538,1067757.1219898663
2020-12-03,1075158.71597663,1067951.2061713468
2020-12-04,1076836.0026121193,1068623.0360303184
2020-12-07,1077330.2031386474,1068966.4157360147
2020-12-08,1078528.2650211395,1069369.5136513975
2020-12-09,1075892.5288796565,1068906.6975263285
2020-12-10,1075697.8438237514,1069041.0634981229
2020-12-11,1075937.45620025,1069085.8521553874
2020-12-14,1074694.4669971643,1069250.0772320249
2020-12-15,1079771.2542242252,1069951.7661958395
2020-12-16,1081044.1949743733,1070153.315153531
2020-12-17,1082788.8725907528,1070145.85037732
2020-12-18,1083143.081554142,1070170.574521479
2020-12-21,1081624.481277901,1068958.743794982
2020-12-22,1080981.996545645,1068655.7861133579
2020-12-23,1081055.0061743106,1069117.435913928
2020-12-24,1082237.7621586907,1070141.7214089432
2020-12-28,1085012.1280479773,1072017.1737237598
2020-12-29,1084442.652944387,1071656.5098170643
2020-12-30,1084355.0413899885,1071743.0691546714
2020-12-31,1086282.4955867562,1072752.9280934187
2021-01-04,1081814.306312431,1070026.3089588007
2021-01-05,1084033.7990238604,1071714.2160421356
2021-01-06,1086530.7283242187,1073156.8716689176
2021-01-07,1090414.84056922,1075450.6941155011
2021-01-08,1091466.1792220024,1075912.3439160713
2021-01-11,1090604.6656037502,1075717.5854064557
2021-01-12,1091415.0724819365,1076200.8750414278
2021-01-13,1092787.6535008468,1076597.6053387928
2021-01-14,1092897.167943845,1076648.0982857302
2021-01-15,1093204.3859375026,1076633.358476933
2021-01-19,1095612.9994640013,1078362.1004551158
2021-01-20,1099138.8614335142,1080176.5651760183
2021-01-21,1099298.4683539446,1080290.8621663114
2021-01-22,1098602.0017920656,1080047.9810619385
2021-01-25,1099603.1724747668,1080448.0205279642
2021-01-26,1099748.2696751582,1080462.307651751
2021-01-27,1093204.3859375026,1074818.8937560308
2021-01-28,1096309.4660258803,1077904.9124939435
2021-01-29,1090650.6752106126,1074747.4581370975
2021-02-01,1093334.9734178549,1077376.288913838
2021-02-02,1098137.6907508129,1080419.446280391
2021-02-03,1098398.8657115176,1081090.9410983627
2021-02-04,1101634.5332802476,1082262.4852488667
2021-02-05,1103041.9761240447,1083019.7028095583
2021-02-08,1105000.7883293298,1083555.469951557
2021-02-09,1105102.356369604,1083662.6233799567
2021-02-10,1105015.298049369,1083676.9105037432
2021-02-11,1105595.6868509348,1083919.7916081161
2021-02-12,1107801.1642968853,1084484.1329976881
2021-02-16,1107953.5163572964,1084569.855740408
2021-02-17,1108795.0801195668,1084612.7171117677
2021-02-18,1108744.29609943,1084634.1477974479
2021-02-19,1109746.1837990885,1084606.209790276
2021-02-22,1107572.9152684617,1083356.8089926573
2021-02-23,1107288.8278788375,1083398.4556859112
2021-02-24,1111337.0731809852,1085994.432898741
2021-02-25,1105371.2379988725,1080649.7739311506
2021-02-26,1102445.1378857412,1079081.081818585
2021-03-01,1108737.6735659218,1085119.852340408
2021-03-02,1106266.1132761894,1083384.5734548266
2021-03-03,1101237.7664798375,1079330.9619781089
2021-03-04,1098041.7833465629,1076360.1645259936
2021-03-05,1102402.5247772976,1081052.3586326055
2021-03-08,1100868.4528733257,1080177.7780742724
2021-03-09,1104561.588938443,1083217.9866818108
2021-03-10,1107558.7108989805,1086161.0196717568
2021-03-11,1111280.2557030604,1088187.8254101158
2021-03-12,1112132.5178719335,1089277.5805502608
2021-03-15,1115839.858306532,1090540.863578964
2021-03-16,1116379.6243468183,1090874.0371249956
2021-03-17,1118396.6448131518,1091505.6786393472
2021-03-18,1107331.440987281,1090742.1559296914
2021-03-19,1103758.6996136329,1091691.2508663442
2021-03-22,1106213.0200339598,1093951.2096452448
2021-03-23,1103970.2789602126,1092542.2229991402
2021-03-24,1101558.2744092017,1091342.4917955264
2021-03-25,1103109.856284121,1092918.8827956235
2021-03-26,1109429.0261019745,1095415.9977426801
2021-03-29,1109555.9737099225,1095346.2459285166
2021-03-30,1107891.549516827,1095178.841574524
2021-03-31,1109189.2361758507,1095792.6575391637
2021-04-01,1114774.9309255604,1097466.70107909
2021-04-05,1118794.9385105788,1098352.5491189675
2021-04-06,1118865.4649594387,1098422.300933131
2021-04-07,1119824.6246639343,1098680.3826455364
2021-04-08,1120889.57404172,1098917.5388136925
2021-04-09,1121792.3125871276,1099057.0424420198
2021-04-12,1122342.4188882352,1099133.7694375997
2021-04-13,1122659.7879081052,1099140.744619016
2021-04-14,1122638.6299734472,1099147.7198004324
2021-04-15,1122772.6302262812,1099161.6701632652
2021-04-16,1122720.4027168879,1099095.1130520361
2021-04-19,1121808.290438279,1098254.7439932316
2021-04-20,1119232.9145927955,1096166.952112764
2021-04-21,1121633.9160320745,1098359.7901255821
2021-04-22,1119474.3560783097,1096534.6135759908
2021-04-23,1122210.692914136,1098950.6746200542
2021-04-26,1122854.5368755069,1099659.7360134206
2021-04-27,1122841.1234596448,1099909.2205777531
2021-04-28,1122519.2014789595,1100132.443608998
2021-04-29,1124933.6163341003,1101025.335733978
2021-04-30,1122921.6039548162,1100158.7051420857
2021-05-03,1122264.3465775836,1100710.1973369264
2021-05-04,1119621.9036527905,1099055.7207524048
2021-05-05,1119621.9036527905,1099594.0821807014
2021-05-06,1122881.3637072307,1101865.7047927827
2021-05-07,1126838.3213864893,1103507.0506107605
2021-05-10,1121311.9940513892,1101130.3818663287
2021-05-11,1117006.2875597212,1098215.3516936002
2021-05-12,1112338.4188397822,1091308.5684915497
2021-05-13,1112968.8493852913,1095562.936851748
2021-05-14,1117261.1424610973,1101983.881691677
2021-05-17,1114430.9117142376,1101537.4356291872
2021-05-18,1111117.7979963499,1098031.5209619866
2021-05-19,1110366.6467080838,1096390.1751440088
2021-05-20,1110836.1162632501,1104032.2812725133
2021-05-21,1109782.1605768327,1106058.6784765874
2021-05-24,1111477.9808838689,1107988.3551240778
2021-05-25,1111090.7463255692,1107456.0305316665
2021-05-26,1111731.6862841342,1108161.3606166113
2021-05-27,1112332.5674952888,1108919.9231607972
2021-05-28,1112546.2141481438,1109119.5448829515
2021-06-01,1112466.0966533232,1108986.4637348487
2021-06-02,1112839.9782958191,1109412.3234087776
2021-06-03,1112345.9204110922,1108733.6095534533
2021-06-04,1113694.564907239,1110450.3563639794
2021-06-07,1114055.0936339318,1110889.5241527185
2021-06-08,1113894.8586442906,1110716.518660185
2021-06-09,1113801.3882336665,1110596.7456268924
2021-06-10,1114522.4456870519,1111614.8164098787
2021-06-11,1114736.0923399068,1111960.827394946
2021-06-14,1114869.6214979412,1112113.8707152642
2021-06-15,1114822.8862926292,1112040.6760838076
2021-06-16,1114669.3277608897,1111741.2435005764
2021-06-17,1114909.6802453515,1112207.0275189362
2021-06-18,1115041.6956296782,1112431.6300984554
2021-06-21,1117570.926736543,1115635.8726650202
2021-06-22,1118320.3285459846,1116530.3903815194
2021-06-23,1118347.0928963218,1116543.7413922134
2021-06-24,1118909.144253403,1117264.6959696906
2021-06-25,1119377.5203843038,1117905.5444830034
2021-06-28,1119497.959960821,1118079.1076220258
2021-06-29,1119564.8708366642,1118199.266718272
2021-06-30,1119698.69258835,1118346.127835906
2021-07-01,1119852.587602789,1118559.7440070105
2021-07-02,1120173.7598068353,1119000.3273599131
2021-07-06,1120106.8489309924,1118926.8968010962
2021-07-07,1120254.052857847,1119133.8374668534
2021-07-08,1119839.2054276203,1118506.3399642345
2021-07-09,1120381.1835219485,1119300.7251005287
2021-07-12,1120474.8587481289,1119454.2617235098
2021-07-13,1120461.4765729601,1119440.9107128158
2021-07-14,1120508.3141860503,1119500.9902609389
2021-07-15,1120528.3874488033,1119534.367787674
2021-07-16,1120469.2620938213,1119468.807447296
2021-07-19,1118229.297323105,1116829.8048868643
2021-07-20,1120896.5386107787,1120012.1315038558
2021-07-21,1122074.7859757221,1121383.3779323155
2021-07-22,1122398.4803067504,1121758.5302570828
2021-07-23,1123434.3021660412,1123013.3501019941
2021-07-26,1123719.153177346,1123362.6298526395
2021-07-27,1122890.4956899136,1122366.5357489472
2021-07-28,1123304.8244336299,1122793.433221958
2021-07-29,1123835.6831365165,1123427.3112879442
2021-07-30,1123641.4665378993,1123181.5218337865
2021-08-02,1123447.2499392824,1122896.9235184458
2021-08-03,1124314.7507464383,1123970.635344504
2021-08-04,1124275.907426715,1123841.2724738945
2021-08-05,1124832.6616760837,1124565.7045493072
2021-08-06,1125382.942038832,1125212.5189023542
2021-08-09,1125473.57645152,1125380.6906341466
2021-08-10,1125538.3153177255,1125458.308356512
2021-08-11,1125849.0618755128,1125924.014690706
2021-08-12,1125991.4873811654,1126150.3997142725
2021-08-13,1126088.5956804738,1126318.5714460646
2021-08-16,1126127.4390001972,1126357.3803072476
2021-08-17,1126030.3307008888,1126189.2085754552
2021-08-18,1125687.2147099986,1125561.7986529996
2021-08-19,1126114.491226956,1126318.5714460646
2021-08-20,1126140.7384198685,1126428.53840018
2021-08-23,1127852.250560403,1128508.2166507728
2021-08-24,1127940.9956343567,1128609.664370314
2021-08-25,1128359.3652687098,1129104.2220030767
2021-08-26,1127484.592396881,1128064.3828777804
2021-08-27,1128929.8693155546,1129750.9512151515
2021-08-30,1129411.628288446,1130334.2756025128
2021-08-31,1129449.661891569,1130372.3184973407
2021-09-01,1129525.729097815,1130435.723322054
2021-09-02,1129677.863510307,1130663.9806910213
2021-09-03,1129931.4208644603,1130930.2809548168
2021-09-07,1129728.5749811376,1130613.2568312509
2021-09-08,1129829.9979227989,1130740.066480677
2021-09-09,1129487.6954946918,1130144.0611283733
2021-09-10,1128790.4127707705,1129180.3077927327
2021-09-13,1129715.8971134298,1130359.637532398
2021-09-14,1129665.1856425994,1129985.5490665901
2021-09-15,1130647.7203899433,1131741.8627111455
2021-09-16,1130692.0929269202,1131919.3962203425
2021-09-17,1130734.6913536692,1132038.014380095
2021-09-20,1127354.726757184,1128245.5368102652
2021-09-21,1127086.8805061416,1127811.3811288704
2021-09-22,1129727.079266415,1130671.7009121766
2021-09-23,1132214.223026093,1133595.8671192173
2021-09-24,1132762.6701115605,1134247.1006413093
2021-09-27,1132443.8055269863,1133838.4835294085
2021-09-28,1127813.8917589705,1128309.3832339996
2021-09-29,1128489.8846782676,1129088.3096035607
2021-09-30,1125390.5209162075,1125142.600616768
2021-10-01,1128273.0567607572,1128271.075379759
2021-10-04,1124510.4546627828,1123316.592897961
2021-10-05,1127915.9284260343,1127096.301183044
2021-10-06,1129114.859264033,1128577.5382136847
2021-10-07,1131857.09469137,1132127.3993733234
2021-10-08,1131895.3584415189,1131680.4744071818
2021-10-11,1130058.6984343722,1128551.9996441908
2021-10-12,1129331.687181543,1126227.9898202547
2021-10-13,1132915.725112156,1130269.468442649
2021-10-14,1136276.557833567,1138543.964958642
2021-10-15,1136332.918182102,1138919.5495661006
2021-10-18,1136853.9252287152,1139556.3703142332
2021-10-19,1137857.816855116,1140880.9574703495
2021-10-20,1138213.626545486,1141263.0499192292
2021-10-21,1138569.436235856,1141747.0336878102
2021-10-22,1138391.5313906712,1141505.0418035197
2021-10-25,1139001.4908598769,1142269.2267012792
2021-10-26,1139001.4908598769,1142281.9631162416
2021-10-27,1138518.606280089,1141696.0880279595
2021-10-28,1139268.3481276543,1142613.1099052709
2021-10-29,1139535.2053954317,1142931.5202793372
2021-11-01,1139776.6476853257,1143173.5121636277
2021-11-02,1140107.042397812,1143581.0774424328
2021-11-03,1140602.6344665415,1144230.634605528
2021-11-04,1140793.2468006683,1144485.3629047812
2021-11-05,1140844.0767564354,1144561.781394557
2021-11-08,1140958.4441569115,1144727.3547890717
2021-11-09,1140933.029179028,1144663.6727142583
2021-11-10,1140818.661778552,1144459.8900748559
2021-11-11,1141060.1040684457,1144810.141486329
2021-11-12,1141199.8864468054,1145077.6062005449
2021-11-15,1141276.1313804563,1145166.7611052834
2021-11-16,1141263.4238915143,1145147.6564828393
2021-11-17,1141276.1313804563,1145166.7611052834
2021-11-18,1141288.838869398,1145179.497520246
2021-11-19,1141251.7445679992,1145142.5361734857
2021-11-22,1140778.0202208562,1144533.1234647436
2021-11-23,1140535.0846582188,1144264.9818728971
2021-11-24,1141494.6801306366,1145435.0542736817
2021-11-26,1136016.483193163,1140133.1637076258
2021-11-29,1139478.314960746,1143021.7799470632
2021-11-30,1135895.0154118445,1138926.5265443164
2021-12-01,1132263.1287504153,1134880.026158269
2021-12-02,1135567.052402284,1138341.4903439241
2021-12-03,1133647.8614574485,1136171.9811008023
2021-12-06,1136745.2898810753,1139316.5506779114
2021-12-07,1142077.7254809663,1145678.8193571786
2021-12-08,1143013.0273971204,1146544.1854035924
2021-12-09,1141555.414021296,1144594.0647356177
2021-12-10,1144227.7052103074,1148116.470192147
2021-12-13,1142909.7797829993,1145654.4428488289
2021-12-14,1140863.0476677793,1142436.743746671
2021-12-15,1145418.0894672305,1149682.660853614
2021-12-16,1145138.7135701976,1148512.5884528293
2021-12-17,1145918.7784466236,1143997.6591151927
2021-12-20,1144269.4249213135,1142140.6045247153
2021-12-21,1146786.8592494184,1144963.327502241
2021-12-22,1148647.0323982642,1147055.6090075122
2021-12-23,1149552.316664036,1148107.9399421162
2021-12-27,1150866.8390225535,1149680.2461620537
2021-12-28,1151090.059800415,1149915.4730768474
2021-12-29,1151288.4782696255,1150113.5588998317
2021-12-30,1151201.670189346,1150014.5159883397
2021-12-31,1151214.0713436715,1149989.7552604666
2022-01-03,1151710.1175166972,1150571.6323654829
2022-01-04,1151710.1175166972,1150584.0127294194
2022-01-05,1150097.967454364,1148454.5901323385
2022-01-06,1150035.9616827357,1148318.4061290368
2022-01-07,1150023.5605284101,1148145.0810339255
2022-01-10,1150035.9616827357,1148145.0810339255
2022-01-11,1151214.0713436715,1149742.147981736
2022-01-12,1151877.5331000932,1150565.4421835146
2022-01-13,1150209.5778432947,1148132.700669989
2022-01-14,1151183.0684578575,1149308.835243958
2022-01-18,1148101.3816079362,1144270.027121796
2022-01-19,1145937.380178112,1139887.3782882693
2022-01-20,1139135.347030499,1130317.3569653423
2022-01-21,1118889.1527323164,1116846.3753428678
2022-01-24,1120557.1847941815,1117989.6348383063
2022-01-25,1117348.4513621966,1115576.0870146025
2022-01-26,1117488.5151231166,1115436.3552984935
2022-01-27,1116380.7381049313,1115156.891866275
2022-01-28,1120544.451725007,1118828.0251349616
2022-01-31,1124580.8346533373,1122016.448838907
2022-02-01,1127458.508286784,1124074.3159306967
2022-02-02,1127496.7074943075,1124201.3447635232
2022-02-03,1125204.7550428899,1122829.433368997
2022-02-04,1124529.902376639,1122676.998769605
2022-02-07,1124580.8346533373,1123312.1429337377
2022-02-08,1127101.9823498968,1124785.6773945254
2022-02-09,1130387.114196929,1126202.048880541
2022-02-10,1125319.3526654607,1123959.9899811528
2022-02-11,1119283.8778767271,1120542.9143781194
2022-02-14,1117310.252154673,1120860.4864601858
2022-02-15,1123855.0497103883,1124919.057668993
2022-02-16,1125841.408501617,1126379.889246498
2022-02-17,1111032.8490516231,1123356.6030252269
2022-02-18,1100635.8436479412,1125593.849357387
2022-02-22,1098636.224728885,1124364.2975829695
2022-02-23,1093801.703038509,1120377.9613038052
2022-02-24,1095712.7312459615,1122629.9824485278
2022-02-25,1101825.4903466203,1127302.2791913145
2022-02-28,1101445.8158683185,1126939.884984118
2022-03-01,1098686.8479926588,1124610.207937853
2022-03-02,1101964.7043219975,1127276.3938908004
2022-03-03,1101319.2577088845,1126978.712934889
2022-03-04,1098724.815440489,1124998.4874455638
2022-03-07,1090473.2234453966,1118281.251962167
2022-03-08,1087473.7950668125,1115666.8366102476
2022-03-09,1094029.5077254903,1122785.2942516122
2022-03-10,1091397.0980092643,1121918.1366843914
2022-03-11,1086891.6275334165,1117116.4134390345
2022-03-14,1084828.7295346435,1114683.1951907135
2022-03-15,1088144.5533118125,1121232.176220769
2022-03-16,1097674.3827171873,1130900.335962768
2022-03-17,1105065.3792281288,1134446.6221331933
2022-03-18,1114367.349972858,1134977.5851759277
2022-03-21,1114454.7461414326,1135041.1655770564
2022-03-22,1116165.2140121066,1137088.4544934009
2022-03-23,1114279.9538042834,1134774.1278923159
2022-03-24,1116589.7096880404,1137558.9494617532
2022-03-25,1117426.2158729685,1138550.803719361
2022-03-28,1118749.6435685265,1140114.8815871272
2022-03-29,1119711.001422847,1141335.6252887985
2022-03-30,1119548.694252637,1141017.723283155
2022-03-31,1118699.7029007697,1139733.399180355
2022-04-01,1119236.5650791563,1140292.9067102876
2022-04-04,1120397.6856045045,1142054.0838215528
2022-04-05,1119261.5354130347,1140267.4745498362
2022-04-06,1118075.4445538083,1138321.9142752977
2022-04-07,1119086.7430758856,1139809.6956617094
2022-04-08,1119523.7239187586,1140038.5851057728
2022-04-11,1116002.9068418967,1134329.065084415
2022-04-12,1116876.8685276425,1134259.1266431734
2022-04-13,1120647.388943289,1141132.1680051866
2022-04-14,1120993.4890021686,1136250.253862482
2022-04-18,1121631.5504276783,1136961.6617275171
2022-04-19,1123201.1815344323,1138268.0652614909
2022-04-20,1124834.6187837373,1139587.4034839196
2022-04-21,1120789.3093460056,1136547.7516969512
2022-04-22,1113949.290864541,1130921.162218946
2022-04-25,1115633.7730278866,1132757.8879795822
2022-04-26,1107977.0359217697,1125372.1808716718
2022-04-27,1110452.7142527476,1128541.179543192
2022-04-28,1112800.7802986235,1130804.7500228493
2022-04-29,1106790.2416703217,1123755.3448147736
2022-05-02,1106675.3906137298,1123664.8019955873
2022-05-03,1106815.764127342,1124712.5117604574
2022-05-04,1112086.1515020526,1131593.7660186156
2022-05-05,1106139.4190163016,1123315.5654072973
2022-05-06,1104148.6673687112,1119499.832313018
2022-05-09,1102642.8424045083,1114726.9322730547
2022-05-10,1102247.2443206923,1114351.8263078544
2022-05-11,1102374.8566057943,1112696.186185591
2022-05-12,1102043.0646645292,1111079.3501286928
2022-05-13,1102017.5422075088,1112101.1905166523
2022-05-16,1101928.2136079373,1111338.0438977964
2022-05-17,1101966.4972934679,1111971.8436321006
2022-05-18,1101940.9748364475,1111053.4807517824
2022-05-19,1101889.9299224068,1111118.1541940584
2022-05-20,1101565.3157185558,1110905.156164449
2022-05-23,1105265.416804558,1113710.2348218185
2022-05-24,1103683.694202908,1112613.833519192
2022-05-25,1104714.6383986264,1113653.2789099938
2022-05-26,1108457.1070543157,1116344.445743714
2022-05-27,1113287.009998639,1118864.7448419598
2022-05-31,1112411.41355844,1118608.4432387482
2022-06-01,1111451.081978867,1118295.1857237122
2022-06-02,1114628.6497053956,1119861.473298893
2022-06-03,1112792.7216856235,1119348.8700924702
2022-06-06,1113131.66224312,1119690.605563419
2022-06-07,1115235.9182042433,1120573.4221967028
2022-06-08,1113979.013636861,1120431.0324171407
2022-06-09,1107835.716032239,1118010.4061645882
2022-06-10,1099574.0399432646,1113226.1095713081
2022-06-13,1089321.0880789987,1102290.5745009533
2022-06-14,1087767.610523807,1099343.1060640216
2022-06-15,1088897.4123821282,1103600.5604729229
2022-06-16,1085620.9869929964,1090956.348047825
2022-06-17,1085465.0647499205,1088672.6053911755
2022-06-21,1089527.0358913718,1092050.1854886862
2022-06-22,1089556.5774996732,1092198.3249666472
2022-06-23,1090782.554244184,1093057.5339388212
2022-06-24,1096144.3561508993,1096420.3000885358
2022-06-27,1096587.4802754212,1096923.974313603
2022-06-28,1092983.4040626427,1095012.9750479062
2022-06-29,1092776.6128045325,1094924.0913611297
2022-06-30,1091063.1995230478,1093990.8126499753
2022-07-01,1093515.1530120692,1095783.3003333034
2022-07-05,1094179.839198852,1096405.4861407396
2022-07-06,1095789.8568512818,1097368.392747486
2022-07-07,1098832.6425063324,1098486.8458060916
2022-07-08,1100036.4630446169,1098975.706083363
2022-07-11,1098670.1636606744,1099034.9618745474
2022-07-12,1096159.12695505,1098449.8109366014
2022-07-13,1095391.045139212,1098931.2642399746
2022-07-14,1097481.1139265404,1099249.7641175909
2022-07-15,1102451.9007057864,1099273.7811341477
2022-07-18,1101081.767584815,1098292.002090739
2022-07-19,1106505.2111886602,1102019.916719334
2022-07-20,1106804.9278088727,1102304.4903551044
2022-07-21,1108517.594210087,1103812.7306246886
2022-07-22,1107290.1832892168,1103215.1259895705
2022-07-25,1107946.7054096824,1103713.129852169
2022-07-26,1105648.877988053,1102261.804309739
2022-07-27,1110258.8050513216,1105249.8274853302
2022-07-28,1113470.0545535986,1106928.8119363766
2022-07-29,1115268.3542748736,1107825.218889054
2022-08-01,1114911.5487746205,1107640.246025803
2022-08-02,1113655.5934137302,1107042.641390685
2022-08-03,1116181.7763555213,1108252.0793427099
2022-08-04,1116510.037415754,1108486.8525922205
2022-08-05,1116495.7651957439,1108557.9960011633
2022-08-08,1117109.470656179,1108792.769250674
2022-08-09,1116724.1207159057,1108721.6258417314
2022-08-10,1118822.1370573933,1109112.914590916
2022-08-11,1118957.7231474894,1109141.371954493
2022-08-12,1119307.3925377375,1109198.2866816472
2022-08-15,1119378.753637788,1109219.62970433
2022-08-16,1119371.617527783,1109219.62970433
2022-08-17,1119393.025857798,1109219.62970433
2022-08-18,1119393.025857798,1109226.7440452243
2022-08-19,1119207.426607693,1109173.523753199
2022-08-22,1113740.7433522257,1104805.8209788129
2022-08-23,1112602.4025290536,1103966.38260776
2022-08-24,1112946.5520802452,1105002.5643470285
2022-08-25,1115699.7484897783,1107756.9715020468
2022-08-26,1108459.3713935541,1099480.6338124445
2022-08-29,1107069.536667588,1097486.9676811933
2022-08-30,1105454.6810812273,1094221.0277688145
2022-08-31,1104514.88807605,1091768.2937783937
2022-09-01,1105150.2410936346,1091256.7610210332
2022-09-02,1104792.8550212432,1089131.9326443048
2022-09-06,1104700.1993728455,1087584.2181476755
2022-09-07,1104832.5645848422,1089905.7898926195
2022-09-08,1104819.3280636426,1091374.8070419624
2022-09-09,1105348.7889116297,1095676.9286936098
2022-09-12,1106487.129734802,1100962.7671863353
2022-09-13,1104422.2324276522,1086285.7119174527
2022-09-14,1103839.8254948664,1086311.944366548
2022-09-15,1104223.6846096572,1085183.9490554454
2022-09-16,1104294.538862686,1084901.76987591
2022-09-19,1105192.6927953216,1085924.1984376076
2022-09-20,1103439.1541649378,1084425.5702718315
2022-09-21,1099789.512787879,1081316.2669746133
2022-09-22,1097708.0766900252,1079929.6857745023
2022-09-23,1094956.589245602,1077198.5409864055
2022-09-26,1093416.8967896553,1075321.754311508
2022-09-27,1093060.486498927,1075153.6838630098
2022-09-28,1095213.2046549264,1078417.051738018
2022-09-29,1092019.76845,1074383.3609740592
2022-09-30,1090423.0503475368,1071470.1398667558
2022-10-03,1092205.101801179,1075475.818889298
2022-10-04,1097080.7945783432,1081764.4548372752
2022-10-05,1096866.948403906,1081666.413742318
2022-10-06,1094528.8968967278,1078795.210247139
2022-10-07,1089909.819528888,1071750.2572809197
2022-10-10,1089382.33229861,1069915.4882181466
2022-10-11,1089139.9733009145,1068738.9950786587
2022-10-12,1088812.0758334445,1068094.725026082
2022-10-13,1089881.3067056297,1071778.269022336
2022-10-14,1087643.0500798554,1065979.8385491455
2022-10-17,1088070.7424287293,1070867.8874263037
2022-10-18,1088997.4091846233,1075027.631026636
2022-10-19,1088298.8450147957,1069089.1418463634
2022-10-20,1087614.537256597,1064621.269090451
2022-10-21,1087967.5717736662,1072209.3367006527
2022-10-24,1089620.2490085978,1073580.87041165
2022-10-25,1091620.858292989,1075352.434788355
2022-10-26,1091591.863955534,1075552.4501212086
2022-10-27,1088431.4811729451,1073166.552936453
2022-10-28,1094911.715594125,1078024.0681629016
2022-10-31,1093418.5072151953,1077381.1617358716
2022-11-01,1092099.2648609953,1076623.9608329253
2022-11-02,1086720.8152631037,1073023.6848415574
2022-11-03,1084386.7710979807,1071266.4072743421
2022-11-04,1086996.2614689255,1074152.3427912323
2022-11-07,1089678.2376835078,1076795.4025467997
2022-11-08,1090664.0451569757,1077281.1540694446
2022-11-09,1085590.0361023608,1073866.606601441
2022-11-10,1100087.204829832,1082017.2314152322
2022-11-11,1103044.6272502362,1082574.4169853248
2022-11-14,1103153.3560156922,1082702.9982707307
2022-11-15,1103979.6946331582,1082753.0021039443
2022-11-16,1104545.0842135295,1082853.009770371
2022-11-17,1104835.027588079,1082838.7229608817
2022-11-18,1104996.506084323,1082825.6006187242
2022-11-21,1104118.503842614,1082689.0572757337
2022-11-22,1107198.479960355,1085174.14611816
2022-11-23,1109107.786422484,1086676.1228910552
2022-11-25,1109052.0402484073,1086867.283571242
2022-11-28,1104815.3310185734,1083740.4410167602
2022-11-29,1103463.486297212,1082962.1439617146
2022-11-30,1112062.3336485522,1088724.273035912
2022-12-01,1111546.6815383423,1088915.4337160988
2022-12-02,1111212.2044938817,1089065.6313933881
2022-12-05,1106069.6199353004,1085966.0975075047
2022-12-06,1101846.847248986,1082334.0445839586
2022-12-07,1100843.4161156043,1081719.5995405014
2022-12-08,1102919.9610999636,1083822.3670225546
2022-12-09,1100439.2563535478,1082142.8839037719
2022-12-12,1104132.440386133,1084750.8617548896
2022-12-13,1106627.0816760683,1089529.8787595558
2022-12-14,1104076.6942120562,1091072.818535348
2022-12-15,1090572.183541961,1081767.389710548
2022-12-16,1089725.4134939006,1072795.5554338025
2022-12-19,1087207.5048869224,1071570.1177149785
2022-12-20,1087631.871506076,1071960.0297164225
2022-12-21,1091309.7155387409,1075023.6240134826
2022-12-22,1087207.5048869224,1071876.4771446844
2022-12-23,1088706.933607932,1073241.1691497385
2022-12-27,1087561.143736217,1072684.1520048184
2022-12-28,1084293.520768734,1069996.5442805793
2022-12-29,1088310.8580967218,1073561.4540080675
2022-12-30,1087928.9281394836,1073394.3488645914
2023-01-03,1085566.6206261949,1071890.4025733075
2023-01-04,1087646.0170600477,1074034.9185812497
2023-01-05,1084109.6285671007,1071416.9380001253
2023-01-06,1090432.69119249,1077014.9603065716
2023-01-09,1090220.507882913,1077084.5874496866
2023-01-10,1092780.8531518069,1078992.3711710377
2023-01-11,1096939.6460195126,1080579.8700340597
2023-01-12,1100787.2366998391,1082250.92146882
2023-01-13,1103255.635867916,1082536.3927555913
2023-01-17,1103474.8919544788,1082682.6097561328
2023-01-18,1094952.1956864763,1082606.0198987063
2023-01-19,1088721.0791619036,1082661.7216131983
2023-01-20,1107452.2669182268,1082731.9153170988
2023-01-23,1110575.263516372,1085089.6622065979
2023-01-24,1110937.7541929425,1085539.4058329184
2023-01-25,1110240.6567379993,1085089.6622065979
2023-01-26,1113196.349946958,1086752.3507645105
2023-01-27,1114018.924943791,1087338.380338201
2023-01-30,1110840.1605492504,1085430.3770750226
2023-01-31,1114158.3444347796,1087392.894717149
2023-02-01,1118117.8579788564,1089559.8412803302
2023-02-02,1119623.5884815336,1089995.9563119137
2023-02-03,1118564.00035002,1089886.9275540179
2023-02-06,1117058.269847343,1089573.4698750672
2023-02-07,1120153.3825472903,1090643.3145619207
2023-02-08,1117434.7024730123,1089975.5134198084
2023-02-09,1114660.2546023387,1088878.4115434808
2023-02-10,1115385.2359554796,1089641.6128487522
2023-02-13,1119790.8918707198,1090956.7722408716
2023-02-14,1122042.5166501862,1091379.2586777182
2023-02-15,1124112.8960913671,1091508.7303277196
2023-02-16,1120313.7149619272,1091324.74429877
2023-02-17,1121959.98499395,1091468.2468165692
2023-02-21,1116580.8417515375,1087347.211584132
2023-02-22,1115466.4923841835,1086825.3921878168
2023-02-23,1115810.4273741075,1087922.5509185307
2023-02-24,1112990.1604567303,1084952.1943548908
2023-02-27,1113141.4918522967,1085902.1732558748
2023-02-28,1111435.5743022733,1083975.455484865
2023-03-01,1110871.520918798,1082971.9566457977
2023-03-02,1111848.2962901823,1085126.1341536625
2023-03-03,1116044.303167256,1090732.3476679197
2023-03-06,1115727.8829765257,1091133.7472035466
2023-03-07,1110816.49132041,1085474.013751206
2023-03-08,1110720.1895232315,1086303.5727915016
2023-03-09,1108188.8279973902,1078743.8815371932
2023-03-10,1107157.023027618,1073498.9276050003
2023-03-13,1107129.508228424,1073659.4874192511
2023-03-14,1106950.6620336636,1075345.3654688846
2023-03-15,1106799.330638097,1072080.649245785
2023-03-16,1106771.8158389032,1080028.3600511996
2023-03-17,1106615.7294398725,1066709.2961446114
2023-03-20,1108523.110316571,1068166.5362976955
2023-03-21,1111038.0273243662,1069991.4912557635
2023-03-22,1107378.681790552,1067894.1549606705
2023-03-23,1107802.5442075962,1067962.2502949268
2023-03-24,1109497.9938757727,1069187.9663115395
2023-03-27,1109794.6975677034,1069868.919654102
2023-03-28,1109074.1314587286,1069759.9671192921
2023-03-29,1112747.6057397774,1071653.0174116162
2023-03-30,1114400.6691662495,1072483.7804895428
2023-03-31,1117141.6461298014,1073600.5439713455
2023-04-03,1118413.2333809338,1074199.7829128006
2023-04-04,1117508.9935579062,1074022.7350437343
2023-04-05,1116972.1011629838,1074036.3541105855
2023-04-06,1118102.4009417682,1074431.3070492719
2023-04-10,1119176.185731613,1074717.307453148
2023-04-11,1119430.5031818396,1074785.4027874044
2023-04-12,1119049.0270065,1074805.8313876814
2023-04-13,1121676.9739921736,1075098.6413249832
2023-04-14,1122058.4501675132,1075166.7366592395
2023-04-17,1122517.6344526443,1075207.5938597932
2023-04-18,1122552.9563207312,1075207.5938597932
2023-04-19,1122694.2437930794,1075234.8319934958
2023-04-20,1122786.0806501056,1075248.451060347
2023-04-21,1122671.7325987793,1075156.1052634662
2023-04-24,1123038.4532228126,1075494.2729703537
2023-04-25,1118950.1973771069,1072958.0151686976
2023-04-26,1116749.8736329065,1071371.2282363793
2023-04-27,1122712.4793347828,1075585.3181222081
2023-04-28,1125564.7508550428,1077367.2018084999
2023-05-01,1125279.5237030168,1077510.2727614138
2023-05-02,1121177.6856119763,1074921.9891586981
2023-05-03,1118977.361867776,1073894.4795877705
2023-05-04,1114929.852758074,1071072.0798802865
2023-05-05,1122603.8213721064,1076560.801892076
2023-05-08,1123024.870977478,1077289.1631069104
2023-05-09,1120878.8762146158,1076196.6212846586
2023-05-10,1123323.6803748386,1078056.5436725398
2023-05-11,1121924.7091053778,1077887.4598190961
2023-05-12,1120471.4088545789,1077939.4856201557
2023-05-15,1123364.4271108422,1079578.2983535335
2023-05-16,1118651.3879797463,1078492.2597564142
2023-05-17,1127235.367031195,1080898.4530554214
2023-05-18,1132844.8343543727,1081347.1755895605
2023-05-19,1133767.4238780958,1081327.0771794196
2023-05-22,1134105.524824961,1081701.136146465
2023-05-23,1132009.2989543967,1079276.202153205
2023-05-24,1130494.6067124407,1077573.5889238946
2023-05-25,1132063.3951058951,1079250.404983064
2023-05-26,1134808.7747944405,1082371.8625701326
2023-05-30,1135038.683438309,1082462.1526656265
2023-05-31,1134294.8613552055,1081430.2658599839
2023-06-01,1136485.7554908919,1084022.8814591607
2023-06-02,1137865.2073541018,1085906.0748794584
2023-06-05,1137973.3996570988,1086002.8142674875
2023-06-06,1138216.8323388416,1086376.873234533
2023-06-07,1138203.308300967,1086305.931016645
2023-06-08,1138473.7890584592,1086744.482909043
2023-06-09,1138527.8852099576,1086892.8166373542
2023-06-12,1138588.7433803934,1087002.4546104537
2023-06-13,1138656.3635697665,1087118.5418760886
2023-06-14,1138696.9356833904,1087176.5855089058
2023-06-15,1138696.9356833904,1087176.5855089058
2023-06-16,1138535.7748752204,1087158.2880846332
2023-06-20,1135604.7553422132,1085826.8881357315
2023-06-21,1133280.5988843222,1085309.1214889362
2023-06-22,1133939.1098807247,1086122.7547910428
2023-06-23,1130698.2028199986,1084236.604863432
2023-06-26,1129200.413102691,1083509.2660024578
2023-06-27,1132376.760261809,1086406.2936690496
2023-06-28,1132957.7993762817,1086924.0603158448
2023-06-29,1134171.5255265138,1087774.6769498654
2023-06-30,1139362.1416158038,1089969.0213100924
2023-07-03,1140601.6917266792,1090351.1824065365
2023-07-05,1139633.2932025578,1090190.921301576
2023-07-06,1135359.4277161025,1088575.9824746675
2023-07-07,1133241.8629433573,1088649.9491384954
2023-07-10,1133809.9900775084,1089266.3380037276
2023-07-11,1137076.7210988777,1090388.1657384504
2023-07-12,1142512.6648142785,1092027.7601199683
2023-07-13,1147509.6011987445,1092286.6434433658
2023-07-14,1147231.9936218297,1092434.5767710216
2023-07-17,1149782.1097353492,1092527.0351008065
2023-07-18,1154669.2942870813,1092545.5267667635
2023-07-19,1155973.4042995647,1092576.346210025
2023-07-20,1154385.2307200057,1092564.0184327203
2023-07-21,1156417.1019785253,1092551.4841860929
2023-07-24,1158533.2679550145,1093599.1983584138
2023-07-25,1160623.9379558833,1094225.4183234791
2023-07-26,1159922.7986263237,1094514.44292274
2023-07-27,1156633.817771298,1093213.832226066
2023-07-28,1160585.693992453,1094972.065204903
2023-07-31,1161669.2729563178,1095465.8155619737
2023-08-01,1159502.1150285879,1094923.8944383597
2023-08-02,1153204.6090503607,1091792.794613033
2023-08-03,1152414.2338061298,1091961.3922959352
2023-08-04,1148934.0331339517,1089745.5370349349
2023-08-07,1151458.1347203667,1093021.1491598918
2023-08-08,1148946.781121762,1091443.5565555927
2023-08-09,1146983.5909989947,1089083.1889949618
2023-08-10,1145976.4999619909,1088721.9082458857
2023-08-11,1144931.1649615564,1089324.0428276793
2023-08-14,1145173.3767299498,1092461.1639988238
2023-08-15,1143541.6342902472,1084928.460380586
2023-08-16,1143299.4225218538,1079147.9683953677
2023-08-17,1143210.1866071825,1071139.5784575131
2023-08-18,1143181.7148497985,1068701.2705139369
2023-08-21,1145000.0452798486,1069985.3321689523
2023-08-22,1144123.5838495367,1069740.7489965684
2023-08-23,1148126.5270984238,1071783.0184859738
2023-08-24,1142750.024891585,1069251.5826518007
2023-08-25,1145601.7949185702,1071183.7897136335
2023-08-28,1148100.3640706534,1072553.4554789832
2023-08-29,1152888.198152656,1074131.0169408591
2023-08-30,1154340.2461939189,1074559.0374925311
2023-08-31,1154287.920138378,1074681.329078723
2023-09-01,1155033.5664298374,1074828.0789821534
2023-09-05,1154209.4310550664,1074742.474871819
2023-09-06,1152090.2258056554,1074516.2354373639
2023-09-07,1151043.7046948352,1074559.0374925311
2023-09-08,1152731.219986033,1074913.6830924877
2023-09-11,1155334.441249198,1075152.151685562
2023-09-12,1153529.1923330333,1075097.1204717755
2023-09-13,1155419.4710894523,1075249.9849545155
2023-09-14,1157715.276776314,1075249.9849545155
2023-09-15,1156548.6729238569,1075231.0260144616
2023-09-18,1156587.6564856754,1075279.349757488
2023-09-19,1156210.8153880963,1074747.788584199
2023-09-20,1153988.7523644394,1072077.9017819983
2023-09-21,1149687.5660437937,1067281.770286642
2023-09-22,1149440.6701522763,1066931.4231497017
2023-09-25,1150441.2482389521,1067909.9789459836
2023-09-26,1146386.957809824,1063331.3042942456
2023-09-27,1146114.0728770944,1063282.9805512193
2023-09-28,1147374.5413758939,1064321.9410262837
2023-09-29,1146763.7989074034,1063693.7323669423
2023-10-02,1146399.9523304303,1063138.0093221404
2023-10-03,1141410.056417657,1058353.9587625407
2023-10-04,1143190.3057407038,1059827.8329248417
2023-10-05,1142709.508478275,1059223.7861370135
2023-10-06,1147777.3715146852,1064080.3223111525
2023-10-09,1150480.2318007709,1066701.885370327
2023-10-10,1152819.2455098832,1069045.5869071006
2023-10-11,1155587.0783989995,1072210.7920753206
2023-10-12,1152728.28386564,1068260.326082924
2023-10-13,1149375.6975492456,1064599.8025486846
2023-10-16,1155924.9359347601,1071582.5834159793
2023-10-17,1155437.6414120283,1070555.7038766711
2023-10-18,1149616.0961804597,1062594.367213095
2023-10-19,1139045.0536673323,1052881.294864817
2023-10-20,1126851.7535556569,1048010.1387234884
2023-10-23,1126611.6405409737,1048419.5220301116
2023-10-24,1128425.8277630245,1049672.4830594736
2023-10-25,1123716.9447528487,1047005.2887890496
2023-10-26,1119621.6838913078,1044400.1222923564
2023-10-27,1117660.7609380619,1042688.1557373868
2023-10-30,1120181.9475922352,1045814.3555334185
2023-10-31,1121022.3431436263,1047228.5887744805
2023-11-01,1124864.1513785573,1050342.383015766
2023-11-02,1132881.25814659,1053605.0439140054
2023-11-03,1137390.0469778632,1054802.1799470098
2023-11-06,1138083.7067980592,1054994.4660455752
2023-11-07,1139270.9322595482,1055230.1715857522
2023-11-08,1139671.1206173536,1055354.2271332138
2023-11-09,1137029.8774558385,1055205.3604762598
2023-11-10,1142552.4767935518,1055546.5132317792
2023-11-13,1142459.0995100639,1055577.5271186447
2023-11-14,1144166.5698366999,1055602.338228137
2023-11-15,1144259.9471201878,1055620.9465602562
2023-11-16,1144306.6357619315,1055633.3521150022
2023-11-17,1144267.6751998172,1055597.4604579115
2023-11-20,1145547.8605264472,1057257.852039541
2023-11-21,1145294.35848157,1056848.6005933646
2023-11-22,1146080.2148206893,1057889.2685564985
2023-11-24,1146435.1176835175,1058345.2915965235
2023-11-27,1146460.4678880053,1058275.1342057504
2023-11-28,1146587.2189104438,1058450.527682683
2023-11-29,1146473.142990249,1058333.5986980612
2023-11-30,1146764.670341858,1058731.1572457752
2023-12-01,1147335.0499428317,1059567.199485821
2023-12-04,1147119.573204686,1059093.6370981028
2023-12-05,1147271.6744316122,1059327.4950673464
2023-12-06,1147043.5225912228,1058871.4720273213
2023-12-07,1147537.8515787334,1059771.825208909
2023-12-08,1147899.0919926835,1060450.0133197154
2023-12-11,1148006.8303617563,1060683.871288959
2023-12-12,1148051.1932196098,1060800.8002735807
2023-12-13,1148063.8683218537,1060830.0325197363
2023-12-14,1148057.5307707316,1060824.186070505
2023-12-15,1147784.1546865413,1060801.9415566388
2023-12-18,1149499.2951599793,1061498.8119436346
2023-12-19,1151992.939110722,1062409.2393847099
2023-12-20,1145509.4648387907,1059632.9976816783
2023-12-21,1150253.4704036184,1061566.251013344
2023-12-22,1150508.9168571092,1061880.9666719872
2023-12-26,1152917.4119900218,1063027.4308570446
2023-12-27,1153829.7207524886,1063544.4637248158
2023-12-28,1153610.7666494965,1063668.1020192828
2023-12-29,1151457.7179700746,1063330.9066707364
2024-01-02,1148282.88347669,1062780.1542681106
2024-01-03,1143624.0267296925,1060880.6204712996
2024-01-04,1141629.1115690982,1060003.9125650793
2024-01-05,1141604.7833354324,1061049.2181455728
2024-01-08,1148903.2534351675,1064168.2751196264
2024-01-09,1147443.5594152205,1064308.7731815209
2024-01-10,1151591.5232552364,1064915.724808904
2024-01-11,1150630.558025438,1065050.6029483227
2024-01-12,1150448.0962729447,1065213.5807001202
2024-01-16,1147200.2770785626,1065297.8795372567
2024-01-17,1141118.2186621167,1065134.9017854594
2024-01-18,1148732.955799507,1065517.056513812
2024-01-19,1163197.77631901,1065522.2704084907
2024-01-22,1163750.5749902257,1066171.7569234695
2024-01-23,1164567.7556346317,1067151.4908189457
2024-01-24,1164375.477835948,1066909.3094065809
2024-01-25,1165000.3806816703,1067800.9773339245
2024-01-26,1165036.4327689235,1067756.944349858
2024-01-29,1165733.4397891522,1068747.6864913509
2024-01-30,1165757.4745139878,1068736.6782453344
2024-01-31,1164123.1132251755,1066325.8723677017
2024-02-01,1165943.7436314626,1068978.8596576992
2024-02-02,1166334.307910039,1069606.329680645
2024-02-05,1166418.4294469631,1069672.3791567443
2024-02-06,1166628.7332892735,1069991.6182912255
2024-02-07,1166784.959000704,1070316.3615487148
2024-02-08,1166808.9937255397,1070360.394532781
2024-02-09,1166821.0110879573,1070398.9233938393
2024-02-12,1166827.0197691661,1070398.9233938393
2024-02-13,1166808.9937255397,1070316.3615487148
2024-02-14,1166857.0631752105,1070426.4440088808
2024-02-15,1166869.0805376281,1070442.9563779056
2024-02-16,1166606.199708949,1070421.1326425232
2024-02-20,1164135.151703602,1069031.0766512973
2024-02-21,1165207.493290828,1069565.7135709997
2024-02-22,1173506.4847050125,1073532.7195151902
2024-02-23,1173867.8171963606,1073960.4290509522
2024-02-26,1171886.3164373557,1073767.9597598594
2024-02-27,1173366.6140632005,1074270.5184643795
2024-02-28,1171175.3073414776,1073757.2670214653
2024-02-29,1174415.6438767912,1074591.3006162008
2024-03-01,1179264.492792944,1075264.9431350257
2024-03-04,1178658.386678425,1075254.2503966314
2024-03-05,1173483.172931377,1074473.6804938663
2024-03-06,1176210.6504467132,1074933.4682448101
2024-03-07,1180779.7580792417,1075510.8761180886
2024-03-08,1179159.589811585,1075425.3342109362
2024-03-11,1178227.118866171,1075489.4906413006
2024-03-12,1185698.5423163006,1075853.043746698
2024-03-13,1185739.3379201624,1075863.7364850922
2024-03-14,1185208.9950699583,1075842.351008304
2024-03-15,1179290.0330263365,1075852.8917766856
2024-03-18,1181572.6035654861,1077082.8981398148
2024-03-19,1183301.8236709028,1078113.1598798716
2024-03-20,1187647.9302025163,1079563.9366158703
2024-03-21,1188754.631069983,1079973.9387369133
2024-03-22,1187682.5146046246,1079784.7069887395
2024-03-25,1186806.3764178802,1079763.6812389425
2024-03-26,1186472.060530833,1079847.7842381308
2024-03-27,1189953.5570097384,1080583.6854810286
2024-03-28,1189953.5570097384,1080520.6082316374
2024-04-01,1189135.0594931745,1080499.5824818404
2024-04-02,1185941.7663651719,1079816.2456134353
2024-04-03,1186621.9262733024,1080100.0932356957
2024-04-04,1180085.474274828,1077829.3122576112
2024-04-05,1185077.1563124638,1079437.7821170879
2024-04-08,1185745.7880865582,1080199.965547232
2024-04-09,1186748.7357476996,1080441.7616698984
2024-04-10,1178886.5483350726,1078701.88087419
2024-04-11,1184108.7930534305,1080588.9419184779
2024-04-12,1174920.8702266507,1077944.9538814952
2024-04-15,1167784.9552582984,1073760.829671876
2024-04-16,1165986.5663486652,1073939.5485451513
2024-04-17,1163899.9740881294,1071148.380259589
2024-04-18,1163438.848726685,1070123.3749569813
2024-04-19,1163058.9217717026,1061091.8668799198
2024-04-22,1165236.9786000017,1063099.9933132222
2024-04-23,1170084.9115404098,1065428.5654539668
2024-04-24,1168504.0638424507,1064798.3555626643
2024-04-25,1171384.7196476206,1065984.0046801995
2024-04-26,1171923.3788632215,1066357.8580055484
2024-04-29,1173316.8668340151,1066913.297231781
2024-04-30,1166501.6567583692,1064841.08165699
2024-05-01,1165166.7187023147,1064616.7696617807
2024-05-02,1168820.2333820425,1066176.2721046647
2024-05-03,1175295.853952201,1067853.2713069438
2024-05-06,1178340.449518641,1068189.7392997579
2024-05-07,1179359.2180351035,1068280.5322502
2024-05-08,1179318.233094786,1068344.6213916882
2024-05-09,1180998.615647802,1068419.392056758
2024-05-10,1181291.365221498,1068446.0958657116
2024-05-13,1181291.365221498,1068462.1181510836
2024-05-14,1181923.7043006816,1068462.1181510836
2024-05-15,1182234.0188487996,1068478.1404364556
2024-05-16,1182257.4388146952,1068478.1404364556
2024-05-17,1182228.7395010206,1068447.2154554296
2024-05-20,1182485.1101521226,1068739.3561614528
2024-05-21,1183053.5842045662,1069484.8186526843
2024-05-22,1182607.7222026498,1068920.6848755362
2024-05-23,1181403.8947974748,1067278.6526313368
2024-05-24,1182841.799753656,1069112.0874070686
2024-05-28,1182841.799753656,1069152.382676865
2024-05-29,1181069.4982960375,1066915.9952031702
2024-05-30,1179408.6623388983,1064719.9029992716
2024-05-31,1182150.7136506853,1068014.0413051194
2024-06-03,1182228.7395010206,1068034.1889400175
2024-06-04,1182362.4981015956,1068175.2223843045
2024-06-05,1184190.5323094535,1070723.8981989208
2024-06-06,1184430.1831354836,1071005.9650874948
2024-06-07,1184591.8081111785,1071111.74017071
2024-06-10,1184937.351162664,1071680.910856583
2024-06-11,1185204.8683638137,1072194.6755464857
2024-06-12,1185634.0105406584,1073111.3929343515
2024-06-13,1185706.46311597,1073262.5001960876
2024-06-14,1185689.743290898,1073237.315652465
2024-06-17,1185739.9027661136,1073322.943100782
2024-06-18,1185767.7691412333,1073363.2383705785
2024-06-20,1185773.3424162574,1073368.275279303
2024-06-21,1185750.8550463167,1073352.940261534
2024-06-24,1185284.3200271195,1072626.1708900037
2024-06-25,1186087.1942462032,1073598.4704546186
2024-06-26,1186315.0369299971,1073824.3582322565
2024-06-27,1186922.6174201143,1074639.5184732971
2024-06-28,1186618.8271750556,1074187.7429180215
2024-07-01,1187183.009058736,1074767.194173701
2024-07-02,1187964.183974601,1076004.6663468473
2024-07-03,1188381.8955615568,1076692.1508874842
2024-07-05,1188712.8099356387,1077212.6748968235
2024-07-08,1188918.953316214,1077517.1323362482
2024-07-09,1188973.2015742604,1077634.9868289288
2024-07-10,1189032.874658111,1077782.3049447795
2024-07-11,1189070.8484387435,1077797.0367563646
2024-07-12,1189108.8222193758,1077909.9806451835
2024-07-15,1189152.2208258128,1077959.0866838004
2024-07-16,1189168.4953032266,1077998.371514694
2024-07-17,1189146.796000008,1077968.9078915238
2024-07-18,1189135.946348399,1077959.0866838004
2024-07-19,1189151.3110033516,1077972.974122111
2024-07-22,1191289.9091734886,1080362.0422002124
2024-07-23,1191138.6951614588,1080107.469372218
2024-07-24,1186721.0858100143,1075094.3429132514
2024-07-25,1184766.1046544851,1072969.6389257596
2024-07-26,1187736.3798907863,1076073.4691747683
2024-07-29,1187811.9868968013,1076034.3041243076
2024-07-30,1184712.0996501886,1072666.1097846893
2024-07-31,1190512.2371116206,1079226.2557368528
2024-08-01,1185932.612747287,1073958.5564498918
2024-08-02,1180823.7393408488,1068749.6047386215
2024-08-05,1175336.830904336,1063716.8957544246
2024-08-06,1174235.1288166896,1062228.6238369187
2024-08-07,1171815.7046242114,1060113.7111120422
2024-08-08,1180056.86827984,1067378.8279724978
2024-08-09,1181687.819409591,1067956.512466793
2024-08-12,1181936.2424293542,1068348.1629713997
2024-08-13,1189437.5375261225,1076396.5808410689
2024-08-14,1192434.815264572,1080058.513059142
2024-08-15,1194054.9653934636,1083921.1661608263
2024-08-16,1194119.0012600818,1084111.3391931509
2024-08-19,1195505.7754463814,1085682.6861992618
2024-08-20,1195366.0230090022,1085643.6465220912
2024-08-21,1195645.5278837604,1085975.4837780402
2024-08-22,1194581.2593221816,1084735.9740278781
2024-08-23,1196097.0357583696,1086492.759500549
2024-08-26,1195914.2825710278,1086199.9619217704
2024-08-27,1196376.5406331276,1086726.9975635717
2024-08-28,1195247.7709466047,1085438.6882169463
2024-08-29,1196054.0350084067,1086317.0809532818
2024-08-30,1197064.552632532,1087527.310945566
2024-09-03,1193957.7484477214,1083662.3829056905
2024-09-04,1192732.2270737821,1082344.7938011875
2024-09-05,1192882.729698652,1082354.55372048
2024-09-06,1187303.3823909815,1076361.9632748147
2024-09-09,1191452.9547623897,1080578.2484092242
2024-09-10,1192517.2233239682,1081739.6788050453
2024-09-11,1195441.274321437,1085048.2914452418
2024-09-12,1197182.8046949296,1087195.4736896171
2024-09-13,1198155.6966628374,1088478.9030765959
2024-09-16,1198526.5781312664,1088908.339525471
2024-09-17,1198639.4550999186,1089113.297830616
2024-09-18,1198859.8339434778,1089581.7739566613
2024-09-19,1199074.8376932917,1090118.5695177552
2024-09-20,1199069.474621405,1090123.5000172085
2024-09-23,1199921.0984409293,1091022.0120418533
2024-09-24,1200425.7644080548,1091585.9717168962
2024-09-25,1200289.0840419582,1091413.9162228154
2024-09-26,1200846.3193806594,1092016.1104520985
2024-09-27,1200162.9175501768,1091318.329837215
2024-09-30,1200856.8332549743,1092063.9036448987
2024-10-01,1199321.8076049678,1090362.4659812097
2024-10-02,1199668.7654573666,1090668.3424151314
2024-10-03,1199227.1827361318,1090161.7345714488
2024-10-04,1201203.791107373,1092369.7800788204
2024-10-07,1199731.8487032573,1090505.8455596105
2024-10-08,1201550.7489597718,1092675.656512742
2024-10-09,1202433.9144022416,1093813.1345013878
2024-10-10,1202712.532071592,1094119.0109353096
2024-10-11,1203217.1980387175,1094888.4813393936
2024-10-14,1203485.301833753,1095366.4132673962
2024-10-15,1203501.0726452256,1095356.854628836
2024-10-16,1203579.926702589,1095505.0135265167
2024-10-17,1203611.4683255344,1095557.5860385972
2024-10-18,1203590.4230052652,1095533.8459765334
2024-10-21,1203282.5712816112,1095141.5440833012
2024-10-22,1203036.2899026878,1094861.328445278
2024-10-23,1201209.7030090073,1092918.5000216519
2024-10-24,1201804.8830080717,1093581.6770316397
2024-10-25,1201353.3671467125,1093123.9914895354
2024-10-28,1202194.8285247001,1093927.2763185347
2024-10-29,1202882.364040861,1094637.1559348598
2024-10-30,1201507.2930085394,1093030.5862768611
2024-10-31,1197012.6578431905,1088229.5583454005
2024-11-01,1198079.8771518578,1089285.0372486205
2024-11-04,1197146.0602567738,1088182.8557390634
2024-11-05,1201086.5623195455,1092255.3230116642
2024-11-06,1207479.616447428,1099783.7831532154
2024-11-07,1208367.2555839638,1101152.1695188945
2024-11-08,1208464.7419631209,1101352.9907261443
2024-11-11,1208613.536962887,1101567.8227152952
2024-11-12,1208664.845583496,1101633.2063641672
2024-11-13,1208690.4998938006,1101698.5900130393
2024-11-14,1208685.3690317397,1101693.9197524055
2024-11-15,1208673.96286464,1101702.1282837112
2024-11-18,1209301.9320650997,1102321.4426649977
2024-11-19,1209765.188032652,1102865.6886364312
2024-11-20,1209621.063953858,1102762.4695728833
2024-11-21,1210413.7463872253,1103606.9891837286
2024-11-22,1211299.0800141029,1104573.4949605847
2024-11-25,1212019.7004080731,1105371.096815272
2024-11-26,1212513.8401067955,1105962.2605428635
2024-11-27,1212390.305182115,1105783.973069463
2024-11-29,1212822.6774184972,1106318.835489665
2024-12-02,1213121.220153142,1106675.410436466
2024-12-03,1213244.7550778226,1106816.1637049404
2024-12-04,1213388.8791566165,1107050.7524857307
2024-12-05,1213419.7628877868,1107069.5195881939
2024-12-06,1213563.8869665808,1107261.882388442
2024-12-09,1213481.530350127,1107125.8208955836
2024-12-10,1213491.8249271838,1107135.2044468152
2024-12-11,1213666.832737148,1107397.9438813003
2024-12-12,1213661.6854486195,1107369.7932276055
2024-12-13,1213708.011045375,1107430.786310611
2024-12-16,1213713.1583339032,1107444.8616374584
2024-12-17,1213713.1583339032,1107444.8616374584
2024-12-18,1211577.0335946344,1104235.6871162467
2024-12-19,1213167.5457498971,1105849.6579280843
2024-12-20,1213753.7128434882,1107533.3704707082
2024-12-23,1215237.514310006,1109046.0574109918
2024-12-24,1217048.7754105139,1111165.6866421294
2024-12-26,1216997.6098427027,1111090.9860524859
2024-12-27,1215738.9368745533,1109410.2227855043
2024-12-30,1213610.4492536176,1106692.9888372174
2024-12-31,1213282.9896196274,1106039.358677836
2025-01-02,1212556.438556712,1105198.977044345
2025-01-03,1215779.869328802,1108971.356821348
2025-01-06,1217059.008524076,1110708.1455305624
2025-01-07,1215094.2507201352,1107832.1728292827
2025-01-08,1215431.9434676876,1108187.00063009
2025-01-10,1211052.1708630696,1102351.0170641819
2025-01-13,1212280.1444905326,1103574.2392195961
2025-01-14,1213364.854528125,1104741.4359327778
2025-01-15,1218506.9940931262,1112496.2908951566
2025-01-16,1218660.490796559,1112762.411745762
2025-01-17,1218741.6584730477,1113429.3604790836
2025-01-21,1220967.186130761,1115462.5787738948
2025-01-22,1221942.7598985254,1116353.852546963
2025-01-23,1222684.6024510965,1117031.5919785667
2025-01-24,1222379.7356486702,1116753.068924483
2025-01-27,1219605.4477465893,1114218.5091323208
2025-01-28,1221170.4306657119,1115648.2608099508
2025-01-29,1220316.8036189177,1114868.3962585162
2025-01-30,1221678.5420030893,1116112.4659000903
2025-01-31,1220509.8859271212,1115044.7941927693
2025-02-03,1218660.3606590673,1113355.0876646612
2025-02-04,1220459.0747933835,1114998.3736837553
2025-02-05,1222298.4378346899,1116678.7961100605
2025-02-06,1222857.360305805,1117189.421709214
2025-02-07,1221597.244189109,1116038.193085668
2025-02-10,1223416.2827769201,1117700.0473083677
2025-02-11,1223782.1229398318,1118034.2749732682
2025-02-12,1223609.3650851236,1117876.4452426208
2025-02-13,1225042.2390565278,1119185.5035968143
2025-02-14,1225377.592539197,1119491.8789563065
2025-02-18,1225611.3237543907,1119705.4132977705
2025-02-19,1225662.1348881284,1119751.8338067846
2025-02-20,1225692.621568371,1119779.686112193
2025-02-21,1225686.3866298925,1119769.33422374
2025-02-24,1224636.5961770052,1118642.6511305296
2025-02-25,1223515.460741883,1117422.8537320953
2025-02-26,1223270.8493742198,1117162.1336774682
2025-02-27,1218847.460475646,1112571.5984299255
2025-02-28,1222914.1244630443,1116650.0049987363
2025-03-03,1218694.5783708566,1112310.8783752983
2025-03-04,1215361.7484864471,1109806.103564773
2025-03-05,1217308.4472874324,1110923.4752274607
2025-03-06,1212202.1849874659,1106239.825674694
2025-03-07,1212844.2898275815,1106398.119993575
2025-03-10,1204445.9662044828,1098818.615548342
2025-03-11,1201979.4682472134,1097235.6723595343
2025-03-12,1200195.843691337,1095960.0063779654
2025-03-13,1196801.8609650119,1093902.1802325153
2025-03-14,1198952.402572383,1094553.9803690834
2025-03-17,1200695.2585669823,1095280.2719498305
2025-03-18,1196791.6688246925,1093501.7887200522
2025-03-19,1197984.14924205,1093492.4772895298
2025-03-20,1195109.965672009,1092701.0056951258
2025-03-21,1193318.3442343853,1092512.5043610237
2025-03-24,1198077.0634613982,1095905.3075078102
2025-03-25,1198719.2799942472,1096367.962482372
2025-03-26,1195466.0847704709,1094266.737806237
2025-03-27,1194781.7556780905,1093765.528250462
2025-03-28,1187812.1270756954,1088502.8279148212
2025-03-31,1189654.5515551807,1090189.590842911
2025-04-01,1191444.3353352519,1091471.5306682596
2025-04-02,1196192.526422382,1094594.4517465518
2025-04-03,1178936.9051545188,1080724.4411550006
2025-04-04,1173030.6186802837,1071760.5010228655
2025-04-07,1172241.0081890759,1072242.433288034
2025-04-08,1171756.7137544681,1070237.595064933
2025-04-09,1180758.2733542384,1083452.1777758547
2025-04-10,1174936.2119990655,1075982.2276657422
2025-04-11,1175757.4069099217,1077958.1499529332
2025-04-14,1172893.7528618076,1076155.7232812028
2025-04-15,1170851.29372455,1072541.2312924387
2025-04-16,1170693.3716263082,1068097.8158075844
2025-04-17,1170378.1315006907,1067377.0318315364
2025-04-21,1164772.081847671,1062698.9173363114
2025-04-22,1169403.1663436438,1066952.6672336974
2025-04-23,1172726.9111972128,1069327.0881977964
2025-04-24,1177003.4629088046,1072186.4972737115
2025-04-25,1178166.773607554,1073095.8499833664
2025-04-28,1178089.2195609706,1073136.2656593511
2025-04-29,1179496.2715489813,1074015.3066120176
2025-04-30,1179950.5166789691,1074166.8653969602
2025-05-01,1180227.4954167665,1074449.7751288528
2025-05-02,1182797.8581035265,1075702.6610843774
2025-05-05,1182543.037664753,1075732.9728413657
2025-05-06,1181833.9720959915,1075500.582704454
2025-05-07,1182808.9372530384,1075924.947302293
2025-05-08,1183728.506662526,1076202.8050746876
2025-05-09,1184088.5790216625,1076313.9481836455
2025-05-12,1184858.5799127393,1076460.4550090898
2025-05-13,1184853.0403379833,1076455.4030495917
2025-05-14,1184886.277786519,1076475.610887584
2025-05-15,1184902.8965107868,1076475.610887584
2025-05-16,1184424.6303508314,1076421.0428453828
2025-05-19,1184494.2324946919,1076412.0095117919
2025-05-20,1183539.6888074626,1075851.9428291603
2025-05-21,1177762.7108670447,1072202.4760584636
2025-05-22,1178090.8352595298,1072401.209397462
2025-05-23,1175207.317871025,1070594.5426792954
2025-05-27,1182097.9301132103,1075969.376165841
2025-05-28,1179323.7875222007,1074352.409453082
2025-05-29,1180268.388046021,1075093.1428075302
2025-05-30,1180288.2743728384,1075210.576144211
2025-06-02,1182396.2250154694,1076773.342855425
2025-06-03,1183967.244834034,1077938.6428886426
2025-06-04,1184016.9606510773,1078083.176226096
2025-06-05,1181630.6014330045,1077170.8095334219
2025-06-06,1185906.1616987183,1079817.5762755359
2025-06-09,1186055.3091498478,1080242.142954305
2025-06-10,1188879.1675579008,1081226.7763157059
2025-06-11,1188839.394904266,1081154.5096469792
2025-06-12,1190847.9139128109,1081606.176326521
2025-06-13,1185120.651789436,1079537.54293422
2025-06-16,1190589.3916641863,1082238.5096778793
2025-06-17,1184315.2555533363,1080251.176287896
2025-06-18,1183301.0528856553,1082224.959677493
2025-06-20,1178277.032178191,1083298.8245295489
2025-06-23,1179965.1831607656,1085086.892734576
2025-06-24,1181495.378495848,1086775.1195677489
2025-06-25,1181673.078599277,1086929.4198697056
2025-06-26,1182364.134557056,1087746.3038212408
2025-06-27,1182739.2792198504,1088181.9752620596
2025-06-30,1183124.296110613,1088644.8761679295
2025-07-01,1183173.6572504544,1088690.2586096814
2025-07-02,1183430.3351776295,1089044.2416553467
2025-07-03,1183637.6519649632,1089352.84225926
2025-07-07,1183583.3547111377,1089221.2331781792
2025-07-08,1183830.1604103446,1089570.6779796693
2025-07-09,1183958.4993739321,1089770.360723378
2025-07-10,1183983.1799438528,1089811.2049209548
2025-07-11,1184002.9243997892,1089820.281409305
2025-07-14,1184052.2855396306,1089888.355071933
2025-07-15,1184042.4133116624,1089879.2785835827
2025-07-16,1184072.0299955672,1089924.6610253346
2025-07-17,1184081.9022235356,1089929.1992695099
2025-07-18,1184053.224839359,1089903.002154147
2025-07-21,1184636.1701937425,1090491.5251229324
2025-07-22,1184636.1701937425,1090456.9061247685
2025-07-23,1186187.5570239567,1092283.0582779113
2025-07-24,1186337.9945347654,1092482.1175173533
2025-07-25,1186883.3305114466,1093139.8784824663
2025-07-28,1187108.9867776595,1093390.866219154
2025-07-29,1186704.6859673613,1092914.8549944013
2025-07-30,1187306.4360105959,1093641.853955842
2025-07-31,1186168.7523351056,1092083.999038469
2025-08-01,1182924.9435082942,1088232.6354927416
2025-08-04,1186685.8812785102,1092629.2482595497
2025-08-05,1185971.3031021692,1091538.7498173886
2025-08-06,1187381.6547660003,1093364.9019705313
2025-08-07,1187701.3344764686,1093711.0919521698
2025-08-08,1188561.6489914055,1095130.4708768872
2025-08-11,1188345.395069618,1094753.9892718554
2025-08-12,1188843.7193241718,1095753.6128438364
2025-08-13,1188890.7310462995,1095835.8329644755
2025-08-14,1188923.6392517888,1095874.77933741
2025-08-15,1188937.4693677183,1095896.1228842102
2025-08-18,1189195.5485270363,1096117.0141929837
2025-08-19,1188338.3570335873,1095089.0200252298
2025-08-20,1187647.073571128,1094281.9171662494
2025-08-21,1186725.3622878494,1093245.4271789272
2025-08-22,1189942.1346664922,1096907.1254128278
2025-08-25,1189628.7528301775,1096363.392960462
2025-08-26,1190347.6876311349,1097306.4289325338
2025-08-27,1190449.0758722955,1097433.866226057
2025-08-28,1191168.0106732529,1098257.9607241738
2025-08-29,1190154.1282616463,1097026.0668867826
2025-09-02,1189213.982752702,1095853.6437863691
2025-09-03,1190043.522907653,1096796.679758441
2025-09-04,1191610.4320892268,1098725.2308004256
2025-09-05,1191435.3069454038,1098334.4231002878
2025-09-08,1192117.37329503,1099184.0050571093
2025-09-09,1192522.9262596727,1099744.7291486114
2025-09-10,1192624.3145008334,1099965.6204573852
2025-09-11,1193287.946624794,1100993.6146251392
2025-09-12,1193306.3808504597,1101044.5895425484
2025-09-15,1193435.4204301187,1101223.0017534809
2025-09-16,1193435.4204301187,1101223.0017534809
2025-09-17,1193541.4172276957,1101414.1576937658
2025-09-18,1193628.9797996073,1101541.594987289
2025-09-19,1193675.21446749,1101601.27720098
2025-09-22,1194149.8792049151,1102212.8986443288
2025-09-23,1193442.3600679988,1101311.9967885853
2025-09-24,1193290.109114485,1100981.3906029915
2025-09-25,1192224.3524398892,1099642.435551336
2025-09-26,1193943.8926207495,1101659.133283459
2025-09-29,1194454.3811119425,1102270.7547268078
2025-09-30,1194866.3542802737,1102816.2549330378
2025-10-01,1195591.785294074,1103783.2780259
2025-10-02,1195806.7278166816,1104072.5584382946
2025-10-03,1195967.9347086374,1104237.8615310916
2025-10-06,1196747.1013530896,1105180.0891600342
2025-10-07,1196353.0400616424,1104609.7934898848
2025-10-08,1197203.8542136308,1105849.566685862
2025-10-09,1197033.691383233,1105560.2862734674
2025-10-10,1191257.1110881553,1097625.7378192132
2025-10-13,1196093.317846825,1103692.3613248616
2025-10-14,1195708.2124938199,1103122.065654712
2025-10-15,1197047.125290896,1105047.8466857967
2025-10-16,1196303.7824002116,1102973.292871195
2025-10-17,1197941.6080458222,1107084.1055828228
2025-10-20,1200107.858058528,1109086.0570483014
2025-10-21,1200035.9493444134,1109019.6022278706
2025-10-22,1199307.8736140018,1108346.7471710085
2025-10-23,1200350.5499686652,1109310.3420672554
2025-10-24,1201581.9866978796,1110448.3808671331
2025-10-27,1202912.2979090018,1111677.7950451034
2025-10-28,1202894.3207304731,1111661.1813399957
2025-10-29,1202669.6059988646,1111453.5100261495
2025-10-30,1202202.199357119,1111021.553693349
2025-10-31,1202229.165124912,1111046.4742510107
2025-11-03,1202822.4120163585,1111594.7265195649
2025-11-04,1201177.5001809844,1110074.5725022098
2025-11-05,1202067.370518154,1110896.9509050413
2025-11-06,1200386.5043257226,1109343.5694774708
2025-11-07,1200710.0935392387,1109642.6161694096
2025-11-10,1203649.3622286776,1112358.9569545195
2025-11-11,1204152.7232274807,1112824.1406975351
2025-11-12,1204296.54065571,1112957.0503383968
2025-11-13,1202292.0852497623,1111104.6222188876
2025-11-14,1202220.1765356476,1111038.1673984567
2025-11-17,1200377.5157364581,1109335.2626249169
2025-11-18,1197429.258457755,1106610.6149872532
2025-11-19,1199748.3144879544,1108753.7829461473
2025-11-20,1193716.971091583,1103179.8848825118
2025-11-21,1205192.9656721926,1113793.9209396204
2025-11-24,1208989.7486463697,1116476.14175713
2025-11-25,1211180.2003622411,1117935.3373591083
2025-11-26,1212512.7251560627,1118770.368368333
2025-11-28,1213279.383256618,1119251.1437978866
2025-12-01,1212731.77032765,1119014.9734114392
2025-12-02,1213361.525195963,1119495.7488409928
2025-12-03,1214246.832764461,1119968.0896138875
2025-12-04,1214557.1467575429,1120170.5213736997
2025-12-05,1215104.7596865105,1120465.7343567589
2025-12-08,1214703.1768719342,1120347.649163535
2025-12-09,1214684.9231076352,1120381.3877901705
2025-12-10,1215990.0672550087,1120857.9458913945
2025-12-11,1216638.0758876207,1121051.9429945478
2025-12-12,1215866.8543459908,1120946.5097863125
2025-12-15,1216186.295221222,1121077.2469645243
2025-12-16,1216332.3253356135,1121119.4202478186
2025-12-17,1214995.2371007171,1120954.9444429711
2025-12-18,1216847.9941770583,1121207.9841427363
2025-12-19,1217299.8788960853,1121220.8586016477
2025-12-22,1218591.2273681236,1122763.0095659578
2025-12-23,1219125.5784600014,1123427.446949517
2025-12-24,1219588.682739629,1123985.2462344803
2025-12-26,1219775.7056217862,1124149.3048477047
2025-12-29,1219642.1178488168,1123903.2169278678
2025-12-30,1219624.3061457542,1123829.390551917
2025-12-31,1218707.0034380304,1122533.3275074435
2026-01-02,1219268.072084502,1123074.7209310844
2026-01-05,1220327.8684167266,1124543.0455194435
2026-01-06,1220871.125360136,1125428.9620308555
2026-01-07,1220737.5375871663,1125113.1492003985
2026-01-08,1220862.2195086046,1125281.3092789536
2026-01-09,1221383.2118231854,1126232.8492356555
2026-01-12,1221485.6291157955,1126413.3137102025
2026-01-13,1221490.0820415611,1126417.4151755332
2026-01-14,1221521.2525219205,1126425.6181061943
2026-01-15,1221596.9522599366,1126634.7928380554
2026-01-16,1221569.825449889,1126617.9187035952
2026-01-20,1217415.6521397477,1121942.485149703
2026-01-21,1220170.4323221084,1124897.0994094543
2026-01-22,1221147.3671471628,1125936.0846436524
2026-01-23,1221041.7525714813,1125854.9139222307
2026-01-26,1222335.5311235804,1127307.86983568
2026-01-27,1222951.6161483894,1128078.9916891863
2026-01-28,1223039.6282947906,1128168.2794827502
2026-01-29,1222529.1578456631,1127600.0844327982
2026-01-30,1221930.6752501344,1126837.0796514337
2026-02-02,1223479.6890267972,1128590.3672341434
2026-02-03,1221649.0363816503,1126333.821178619
2026-02-04,1220892.1319225992,1125505.8798201173
2026-02-05,1216605.9403928558,1120692.4560398082
2026-02-06,1222353.1335528605,1127015.6552385616
2026-02-09,1223893.3461148832,1128817.6452541242
2026-02-10,1223620.5084610393,1128403.6745748734
2026-02-11,1223884.5449002432,1128647.1867391386
2026-02-12,1219703.9679461815,1123403.5581352944
2026-02-13,1220196.8359660287,1123598.3678667063
2026-02-17,1221851.4643183732,1124726.6408944686
2026-02-18,1224359.81049081,1128034.3477924045
2026-02-19,1225169.522237702,1128233.2160598878
2026-02-20,1226660.0237873094,1132797.8058376645
2026-02-23,1224680.4602571926,1130609.0161721113
2026-02-24,1226180.66759616,1132166.5818517185
2026-02-25,1228080.3384277518,1134191.417235208
2026-02-26,1227166.0108779669,1133133.9121158957
2026-02-27,1226233.9293951765,1132133.7909953059
2026-03-02,1226083.0209646295,1132019.022997861
2026-03-03,1224130.0883340212,1129912.2104733398
2026-03-04,1226296.068160696,1132174.7795658216
2026-03-05,1224724.8450897064,1130428.666461841
2026-03-06,1221475.8753496942,1127092.1968218405
2026-03-09,1223473.1928128165,1128813.7167835115
2026-03-10,1223899.2872049492,1129272.7887732906
2026-03-11,1223064.8523536893,1127944.7590885728
2026-03-12,1217534.502222466,1122255.545500955
2026-03-13,1214631.7341760616,1119050.2392866055
2026-03-16,1219664.9741831298,1122476.8837817414
2026-03-17,1221502.5062492024,1122993.3397702426
2026-03-18,1210024.5885611263,1112172.3571540243
2026-03-19,1208018.3941315012,1109549.0886410018
2026-03-20,1195927.2424361773,1105638.2837913234
2026-03-23,1198298.5820829144,1107397.217100821
2026-03-24,1197655.1953570554,1106972.3539825848
2026-03-25,1198592.7017290213,1107720.1130706805
2026-03-26,1194916.2061526848,1105366.3713956524
2026-03-27,1189245.2117261856,1100811.8387681611
2026-03-30,1187296.6690707274,1099911.1289575007
2026-03-31,1195614.7403121886,1106708.9388492785
2026-04-01,1198133.1397819791,1108314.921436211
2026-04-02,1198234.2434103284,1108646.3146684351
2026-04-06,1199530.2081009871,1109725.466988755
2026-04-07,1199870.2839417981,1109657.4888898372
2026-04-08,1206322.5336782688,1113073.3883604554
2026-04-09,1208087.2515549103,1113765.9152431802
2026-04-10,1208468.6879709552,1113884.8769162865
2026-04-13,1209622.1884580308,1114050.5735323986
2026-04-14,1209999.0292546053,1114127.048893681
2026-04-15,1210155.2803165996,1114152.5406807752
2026-04-16,1210210.4277502447,1114178.0324678693
2026-04-17,1210160.0285080578,1114131.0241331998
2026-04-20,1209370.3124628256,1113583.7858525803
2026-04-21,1208707.969973276,1113005.2768130684
2026-04-22,1210635.556449273,1114240.4717893237
2026-04-23,1209166.5147737332,1113403.9789889483
2026-04-24,1212214.9885397376,1114975.3346232984
2026-04-27,1212656.5501994374,1115686.7443881037
2026-04-28,1210822.3709976075,1114990.9700027446
2026-04-29,1208640.037410245,1113966.852649014
2026-04-30,1215356.8695799094,1117516.0837833174
2026-05-01,1215968.262647186,1117883.5152003046
2026-05-04,1214405.813697479,1117265.917712177
2026-05-05,1218736.5145906885,1119079.6217279444
2026-05-06,1223160.6227580656,1120041.19756389
2026-05-07,1222770.0105206387,1120131.100995706
2026-05-08,1224782.5127004243,1120467.2616538007
2026-05-11,1225292.006923155,1120549.3473958937
2026-05-12,1225657.1444494452,1120643.1596725713
2026-05-13,1226497.8099169505,1120713.5188800795
2026-05-14,1226769.5401690735,1120748.6984838336
2026-05-15,1226587.6165324992,1120698.9031813506
2026-05-18,1226297.8249422265,1121046.8455444276
2026-05-19,1223871.8553436561,1119851.7391669024
2026-05-20,1227208.5985116556,1121863.7537012172
2026-05-21,1227978.616165809,1122657.9699647625
2026-05-22,1229353.0562796749,1123353.8546909166
2026-05-26,1231381.597411585,1124435.501602221
2026-05-27,1231820.4246768556,1124942.2872180073
2026-05-28,1234403.7097101451,1125970.9863784087
2026-05-29,1235430.3999156835,1126205.469275265
2026-06-01,1236664.0841142738,1126523.155780683
2026-06-02,1237359.5839309287,1126840.8422861013
2026-06-03,1234138.7573990386,1126167.6494531913
2026-06-04,1235860.9474212318,1126855.9702149306
2026-06-05,1221628.0404589719,1120835.0545408155
2026-06-08,1222894.8436964506,1122756.3015021537
2026-06-09,1221346.528628421,1121621.706839946
2026-06-10,1215699.7324979608,1115994.1173153964
2026-06-11,1221702.5582964707,1122627.7141071036
2026-06-12,1222679.5699436762,1125275.1016522548
2026-06-15,1235008.1321698572,1127835.5036066365
2026-06-16,1228748.6338199629,1127718.2621582085
2026-06-17,1217165.2499687695,1127128.2729338605
2026-06-18,1225147.4687372935,1128368.2200632556
2026-06-22,1224624.7635489858,1127721.3169896244
2026-06-23,1221341.5215849285,1124065.562410732
2026-06-24,1222256.2556644669,1124975.7399910735
2026-06-25,1221472.1978820055,1123990.3411231006
2026-06-26,1220655.4710252748,1122952.2873537855
2026-06-29,1224232.7346577551,1126848.7500530987
2026-06-30,1226315.388142418,1129135.4771970971
2026-07-01,1226364.391753822,1129090.3444245183
2026-07-02,1226372.5590223894,1128985.0346218343
2026-07-06,1228798.2377868793,1132099.1959297797
2026-07-07,1227957.009124447,1130918.2217139646
2026-07-08,1227238.2894905237,1129850.079429597
2026-07-09,1229186.1830438264,1132625.7449432004
2026-07-10,1229843.6481634947,1133686.365098805
2026-07-13,1229047.3394781821,1132178.1782817927
2026-07-14,1229896.735409182,1133701.4093563312
2026-07-15,1230154.0043690524,1134306.940721765
2026-07-16,1230211.1752490234,1134250.5247560414
2026-07-17,1230222.0741204384,1134538.81540915
2026-07-20,1230230.3224957602,1134546.422248731
2026-07-21,1232069.7101925078,1136242.7474752462
2026-07-22,1232498.6257092385,1136638.303133447
2026-07-23,1229603.4459713078,1133968.3024405912
2026-07-24,1229487.9687168035,1133861.80668646
2026-07-27,1229661.18459856,1134021.5503176565
2026-07-28,1230345.7997502645,1134652.9180028618
2026-07-29,1225355.5326806123,1130050.7800564864
2026-07-30,1231418.0885420905,1135641.807148364
2026-07-31,1232968.7831025776,1137071.8929895519
2026-08-03,1235657.7534574645,1139551.722692888
2026-08-04,1236960.9967582994,1140753.6033466524
2026-08-05,1237068.225637482,1140852.4922612025
2026-08-06,1237158.9577660211,1140936.167496591
2026-08-07,1237567.2523444472,1141312.70605584
2026-08-10,1237633.239347021,1141373.5607724863
2026-08-11,1237666.232848308,1141403.9881308095
2026-08-12,1237888.938981995,1141609.3727994906
2026-08-13,1237979.671110534,1141693.0480348794
2026-08-14,1238053.9064884298,1141761.5095911063
2026-08-17,1238070.4032390732,1141776.723270268
2026-08-18,1238053.9064884298,1141761.5095911063
2026-08-19,1238103.3967403602,1141807.1506285912
2026-08-20,1238111.645115682,1141814.7574681719
2026-08-21,1238103.4074988407,1141810.880208611
2026-08-24,1237845.2723303726,1141401.7177951594
2026-08-25,1238426.0764594257,1142093.574239723
2026-08-26,1238781.0123160693,1142502.7366531745
2026-08-27,1239845.8198860004,1143804.617059611
2026-08-28,1239845.8198860004,1143745.1025267453
2026-08-31,1239636.08506162,1143395.4546461594
2026-09-01,1237966.273190592,1141319.8853124692
2026-09-02,1239321.4828250497,1142748.2341012454
2026-09-03,1241015.4948681216,1145180.8906321297
2026-09-04,1240741.2262516243,1144682.4564193797
2026-09-08,1240120.0885024979,1143678.1486772716
2026-09-09,1239329.5495490641,1142480.4187033498
2026-09-10,1237958.2064665772,1140635.468184514
2026-09-11,1240741.2262516243,1144221.2187896706
2026-09-14,1240071.6881584101,1142897.0204334096
2026-09-15,1239482.817305342,1141461.2323280252
2026-09-16,1238829.4126601573,1139117.8475964393
2026-09-17,1242495.7387248059,1146590.6411293852
2026-09-18,1242749.8405312668,1147933.437777167
