portfolio,entry_date,expiration_date,spread,contracts,settled_equity_before_new_entry,original_monthly_equity,reconciliation_error_dollars
Dynamic: 24-month IV/RV z-score,2018-11-16,2018-12-21,103/100,3.6546100818343574,985069.0905106657,985069.0905106657,0.0
Dynamic: 24-month IV/RV z-score,2018-12-21,2019-01-18,102/99,4.0762264764108,998722.4110934037,998722.4110934037,0.0
Dynamic: 24-month IV/RV z-score,2019-01-18,2019-02-15,103/100,3.7395390203390786,1016408.5608900974,1016408.5608900973,1.1641532182693481e-10
Dynamic: 24-month IV/RV z-score,2019-02-15,2019-03-15,101/98,3.6619416527199466,1027520.722835276,1027520.7228352758,2.3283064365386963e-10
Dynamic: 24-month IV/RV z-score,2019-03-15,2019-04-18,101/98,3.6404889669567404,1037675.8668086019,1037675.8668086017,2.3283064365386963e-10
Dynamic: 24-month IV/RV z-score,2019-04-18,2019-05-17,101/98,3.5719970408008415,1021280.4108561612,1021280.4108561608,3.4924596548080444e-10
Dynamic: 24-month IV/RV z-score,2019-05-17,2019-06-21,101/98,3.5714974152842944,1031948.4736356153,1031948.4736356151,2.3283064365386963e-10
Dynamic: 24-month IV/RV z-score,2019-06-21,2019-07-19,102/99,3.4975850792691885,1035876.2992513493,1035876.2992513491,2.3283064365386963e-10
Dynamic: 24-month IV/RV z-score,2019-07-19,2019-08-16,101/98,3.4800536915079907,1014889.8354647104,1014889.8354647103,1.1641532182693481e-10
Dynamic: 24-month IV/RV z-score,2019-08-16,2019-09-20,102/99,3.513334323918344,1026728.0154691532,1026728.015469153,2.3283064365386963e-10
Dynamic: 24-month IV/RV z-score,2019-09-20,2019-10-18,99/96,3.431497231052925,1032602.7387287158,1032602.7387287156,2.3283064365386963e-10
Dynamic: 24-month IV/RV z-score,2019-10-18,2019-11-15,99/96,3.4579155971236664,1038332.5048731497,1038332.5048731493,3.4924596548080444e-10
Dynamic: 24-month IV/RV z-score,2019-11-15,2019-12-20,101/98,3.3274982466405265,1048471.3920306633,1048471.392030663,3.4924596548080444e-10
Dynamic: 24-month IV/RV z-score,2019-12-20,2020-01-17,98/95,3.2548891462441913,1051016.7153430262,1051016.715343026,2.3283064365386963e-10
Dynamic: 24-month IV/RV z-score,2020-01-17,2020-02-21,102/99,3.15656645008143,1048308.3813288563,1048308.3813288561,2.3283064365386963e-10
Dynamic: 24-month IV/RV z-score,2020-02-21,2020-03-20,99/96,3.1407636321739387,1023188.5537987292,1023188.5537987289,3.4924596548080444e-10
Dynamic: 24-month IV/RV z-score,2020-03-20,2020-04-17,103/100,4.43915011575061,1036292.924940425,1036292.9249404247,2.3283064365386963e-10
Dynamic: 24-month IV/RV z-score,2020-04-17,2020-05-15,103/100,3.605048785960607,1019527.6455613151,1019527.6455613149,2.3283064365386963e-10
Dynamic: 24-month IV/RV z-score,2020-05-15,2020-06-19,102/99,3.560176215891986,1032200.0928017827,1032200.0928017825,1.1641532182693481e-10
Dynamic: 24-month IV/RV z-score,2020-06-19,2020-07-17,102/99,3.332106942660757,1046251.587778983,1046251.5877789828,2.3283064365386963e-10
Dynamic: 24-month IV/RV z-score,2020-07-17,2020-08-21,103/100,3.2444626189349934,1062155.9435370024,1062155.9435370022,2.3283064365386963e-10
Dynamic: 24-month IV/RV z-score,2020-08-21,2020-09-18,102/99,3.126599780454507,1044778.3019572361,1044778.3019572361,0.0
Dynamic: 24-month IV/RV z-score,2020-09-18,2020-10-16,103/100,3.147425074419133,1060679.0934332015,1060679.0934332015,0.0
Dynamic: 24-month IV/RV z-score,2020-10-16,2020-11-20,103/100,3.0445950714699634,1065538.279060217,1065538.279060217,0.0
Dynamic: 24-month IV/RV z-score,2020-11-20,2020-12-18,103/100,2.9951547062306934,1083290.5610040464,1083290.5610040464,0.0
Dynamic: 24-month IV/RV z-score,2020-12-18,2021-01-15,101/98,2.92038514661764,1093525.0507503678,1093525.050750368,-2.3283064365386963e-10
Dynamic: 24-month IV/RV z-score,2021-01-15,2021-02-19,103/100,2.9019440078295435,1109847.034822405,1109847.0348224053,-2.3283064365386963e-10
Dynamic: 24-month IV/RV z-score,2021-02-19,2021-03-19,102/99,2.8408738962440743,1103908.215685216,1103908.215685216,0.0
Dynamic: 24-month IV/RV z-score,2021-03-19,2021-04-16,103/100,2.8210579543988703,1122829.0513853692,1122829.0513853694,-2.3283064365386963e-10
Dynamic: 24-month IV/RV z-score,2021-04-16,2021-05-21,103/100,2.682683172378724,1109856.936905332,1109856.9369053321,-2.3283064365386963e-10
Dynamic: 24-month IV/RV z-score,2021-05-21,2021-06-18,98/95,2.670583160686864,1115123.3268982065,1115123.3268982067,-2.3283064365386963e-10
Dynamic: 24-month IV/RV z-score,2021-06-18,2021-07-16,98/95,2.6764350337195566,1120541.7696239718,1120541.769623972,-2.3283064365386963e-10
Dynamic: 24-month IV/RV z-score,2021-07-16,2021-08-20,98/95,2.5895546482269673,1126218.0734128852,1126218.0734128854,-2.3283064365386963e-10
Dynamic: 24-month IV/RV z-score,2021-08-20,2021-09-17,98/95,2.5355735415329224,1130818.8716039967,1130818.8716039972,-4.656612873077393e-10
Dynamic: 24-month IV/RV z-score,2021-09-17,2021-10-15,98/95,2.5509166765927445,1136397.726375705,1136397.7263757056,-4.656612873077393e-10
Dynamic: 24-month IV/RV z-score,2021-10-15,2021-11-19,98/95,2.5414977883568746,1141301.5463583397,1141301.54635834,-2.3283064365386963e-10
Dynamic: 24-month IV/RV z-score,2021-11-19,2021-12-17,98/95,2.429355626374022,1146025.428373824,1146025.4283738243,-2.3283064365386963e-10
Dynamic: 24-month IV/RV z-score,2021-12-17,2022-01-21,98/95,2.480230865127813,1119985.4699882446,1119985.4699882446,0.0
Dynamic: 24-month IV/RV z-score,2022-01-21,2022-02-18,102/99,2.546613834908639,1100769.9952969414,1100769.9952969414,0.0
Dynamic: 24-month IV/RV z-score,2022-02-18,2022-03-18,102/99,2.5311631886786055,1114455.9946581265,1114455.9946581265,0.0
Dynamic: 24-month IV/RV z-score,2022-03-18,2022-04-14,98/95,2.497033387845311,1121096.8549531011,1121096.8549531014,-2.3283064365386963e-10
Dynamic: 24-month IV/RV z-score,2022-04-14,2022-05-20,102/99,2.55224570203898,1101940.9748364475,1101940.9748364477,-2.3283064365386963e-10
Dynamic: 24-month IV/RV z-score,2022-05-20,2022-06-17,103/100,2.82450464580323,1085606.8644697675,1085606.8644697675,0.0
Dynamic: 24-month IV/RV z-score,2022-06-17,2022-07-15,103/100,2.9541608301462468,1102717.3639979747,1102717.3639979747,0.0
Dynamic: 24-month IV/RV z-score,2022-07-15,2022-08-19,103/100,2.854444002023891,1119407.2980778082,1119407.2980778082,0.0
Dynamic: 24-month IV/RV z-score,2022-08-19,2022-09-16,103/100,2.6473042399356843,1104395.7593852528,1104395.7593852528,0.0
Dynamic: 24-month IV/RV z-score,2022-09-16,2022-10-21,103/100,2.851282325827156,1088084.9988403586,1088084.9988403588,-2.3283064365386963e-10
Dynamic: 24-month IV/RV z-score,2022-10-21,2022-11-18,103/100,2.8994337454942603,1105262.6940655394,1105262.6940655394,0.0
Dynamic: 24-month IV/RV z-score,2022-11-18,2022-12-16,103/100,2.787308703838029,1089875.3563660015,1089875.3563660018,-2.3283064365386963e-10
Dynamic: 24-month IV/RV z-score,2022-12-16,2023-01-20,103/100,2.829110794357648,1107718.5581460153,1107718.5581460153,0.0
Dynamic: 24-month IV/RV z-score,2023-01-20,2023-02-17,103/100,2.788389819772414,1122353.4466224231,1122353.4466224234,-2.3283064365386963e-10
Dynamic: 24-month IV/RV z-score,2023-02-17,2023-03-17,103/100,2.7514799193925463,1106744.3010397092,1106744.3010397095,-2.3283064365386963e-10
Dynamic: 24-month IV/RV z-score,2023-03-17,2023-04-21,103/100,2.8257494469607614,1122849.6600126622,1122849.6600126624,-2.3283064365386963e-10
Dynamic: 24-month IV/RV z-score,2023-04-21,2023-05-19,101/98,2.7164490669141497,1133849.920509131,1133849.9205091314,-4.656612873077393e-10
Dynamic: 24-month IV/RV z-score,2023-05-19,2023-06-16,98/95,2.7048075749215363,1138730.7457780768,1138730.7457780775,-6.984919309616089e-10
Dynamic: 24-month IV/RV z-score,2023-06-16,2023-07-21,103/100,2.582396064323475,1156584.1006188386,1156584.1006188393,-6.984919309616089e-10
Dynamic: 24-month IV/RV z-score,2023-07-21,2023-08-18,103/100,2.5495975620352542,1143248.4305706131,1143248.4305706138,-6.984919309616089e-10
Dynamic: 24-month IV/RV z-score,2023-08-18,2023-09-15,102/99,2.616302777050527,1156595.4531980392,1156595.4531980401,-9.313225746154785e-10
Dynamic: 24-month IV/RV z-score,2023-09-15,2023-10-20,98/95,2.5989041212360027,1126973.1440241912,1126973.1440241921,-9.313225746154785e-10
Dynamic: 24-month IV/RV z-score,2023-10-20,2023-11-17,103/100,2.6679223853686977,1144313.305567895,1144313.305567896,-9.313225746154785e-10
Dynamic: 24-month IV/RV z-score,2023-11-17,2023-12-15,98/95,2.5350204487722325,1148095.5560774633,1148095.5560774643,-9.313225746154785e-10
Dynamic: 24-month IV/RV z-score,2023-12-15,2024-01-19,103/100,2.4328233665783485,1163235.030142505,1163235.0301425057,-6.984919309616089e-10
Dynamic: 24-month IV/RV z-score,2024-01-19,2024-02-16,98/95,2.403472483547202,1166887.1065812549,1166887.1065812556,-6.984919309616089e-10
Dynamic: 24-month IV/RV z-score,2024-02-16,2024-03-15,103/100,2.331177363534986,1179809.9518713648,1179809.9518713655,-6.984919309616089e-10
Dynamic: 24-month IV/RV z-score,2024-03-15,2024-04-19,103/100,2.305626807222042,1163323.5673863238,1163323.5673863243,-4.656612873077393e-10
Dynamic: 24-month IV/RV z-score,2024-04-19,2024-05-17,103/100,2.3419965895691077,1182263.2938061692,1182263.2938061696,-4.656612873077393e-10
Dynamic: 24-month IV/RV z-score,2024-05-17,2024-06-21,98/95,2.2293100095828575,1185784.4889663053,1185784.4889663057,-4.656612873077393e-10
Dynamic: 24-month IV/RV z-score,2024-06-21,2024-07-19,98/95,2.169930321847511,1189190.194606445,1189190.1946064455,-4.656612873077393e-10
Dynamic: 24-month IV/RV z-score,2024-07-19,2024-08-16,98/95,2.160200171855486,1194184.577403775,1194184.5774037756,-6.984919309616089e-10
Dynamic: 24-month IV/RV z-score,2024-08-16,2024-09-20,98/95,2.1500374981388575,1199117.8384432546,1199117.8384432553,-6.984919309616089e-10
Dynamic: 24-month IV/RV z-score,2024-09-20,2024-10-18,98/95,2.1027748630228165,1203632.4960741645,1203632.4960741655,-9.313225746154785e-10
Dynamic: 24-month IV/RV z-score,2024-10-18,2024-11-15,98/95,2.052344824360294,1208711.023342044,1208711.0233420448,-6.984919309616089e-10
Dynamic: 24-month IV/RV z-score,2024-11-15,2024-12-20,98/95,2.0589154113434853,1213821.2513929987,1213821.2513929997,-9.313225746154785e-10
Dynamic: 24-month IV/RV z-score,2024-12-20,2025-01-17,98/95,2.046622712438266,1218788.4047160863,1218788.4047160873,-9.313225746154785e-10
Dynamic: 24-month IV/RV z-score,2025-01-17,2025-02-21,99/96,2.032445349509773,1225733.2704753613,1225733.2704753622,-9.313225746154785e-10
Dynamic: 24-month IV/RV z-score,2025-02-21,2025-03-21,98/95,2.038428063858906,1193377.301817729,1193377.3018177298,-9.313225746154785e-10
Dynamic: 24-month IV/RV z-score,2025-03-21,2025-04-17,101/98,2.105627976554399,1170556.505807832,1170556.5058078333,-1.1641532182693481e-09
Dynamic: 24-month IV/RV z-score,2025-04-17,2025-05-16,102/99,2.215829902379284,1184902.8965107868,1184902.8965107882,-1.3969838619232178e-09
Dynamic: 24-month IV/RV z-score,2025-05-16,2025-06-20,102/99,1.9886326817273756,1178317.508312861,1178317.5083128624,-1.3969838619232178e-09
Dynamic: 24-month IV/RV z-score,2025-06-20,2025-07-18,98/95,1.974445593654611,1184091.7744515038,1184091.7744515052,-1.3969838619232178e-09
Dynamic: 24-month IV/RV z-score,2025-07-18,2025-08-15,98/95,1.880468885108003,1188970.6509739165,1188970.650973918,-1.3969838619232178e-09
Dynamic: 24-month IV/RV z-score,2025-08-15,2025-09-19,98/95,1.843422566557511,1193711.9338151023,1193711.933815104,-1.6298145055770874e-09
Dynamic: 24-month IV/RV z-score,2025-09-19,2025-10-17,98/95,1.79118768839618,1198000.932734967,1198000.9327349686,-1.6298145055770874e-09
Dynamic: 24-month IV/RV z-score,2025-10-17,2025-11-21,99/96,1.7977178528678366,1205294.2740640517,1205294.2740640533,-1.6298145055770874e-09
Dynamic: 24-month IV/RV z-score,2025-11-21,2025-12-19,101/98,1.8253764298928086,1217340.8458131293,1217340.845813131,-1.6298145055770874e-09
Dynamic: 24-month IV/RV z-score,2025-12-19,2026-01-16,98/95,1.7811703062596083,1221610.3110372336,1221610.3110372352,-1.6298145055770874e-09
Dynamic: 24-month IV/RV z-score,2026-01-16,2026-02-20,98/95,1.7602429280259353,1226709.7347997248,1226709.7347997262,-1.3969838619232178e-09
Dynamic: 24-month IV/RV z-score,2026-02-20,2026-03-20,98/95,1.7753933005531584,1196052.2432857729,1196052.243285774,-1.1641532182693481e-09
Dynamic: 24-month IV/RV z-score,2026-03-20,2026-04-17,102/99,1.8382477881682577,1210228.8102281264,1210228.8102281275,-1.1641532182693481e-09
Dynamic: 24-month IV/RV z-score,2026-04-17,2026-05-15,102/99,1.6983140757684714,1226811.9980209677,1226811.9980209689,-1.1641532182693481e-09
Dynamic: 24-month IV/RV z-score,2026-05-15,2026-06-18,103/100,1.655951944416505,1225185.038172703,1225185.0381727042,-1.1641532182693481e-09
Dynamic: 24-month IV/RV z-score,2026-06-18,2026-07-17,98/95,1.6334537134612868,1230276.5133975619,1230276.5133975628,-9.313225746154785e-10
Dynamic: 24-month IV/RV z-score,2026-07-17,2026-08-21,99/96,1.6496750643478433,1238140.514429308,1238140.5144293092,-1.1641532182693481e-09
Dynamic: 24-month IV/RV z-score,2026-08-21,2026-09-18,98/95,1.6133448029257431,1242749.8405312668,1242749.840531268,-1.1641532182693481e-09
Fixed 99/96,2018-11-16,2018-12-21,99/96,3.6546100818343574,976352.8454654907,976352.8454654908,-1.1641532182693481e-10
Fixed 99/96,2018-12-21,2019-01-18,99/96,4.040158560799309,984794.7567782808,984794.7567782811,-2.3283064365386963e-10
Fixed 99/96,2019-01-18,2019-02-15,99/96,3.687389387773834,990867.8870999443,990867.8870999446,-3.4924596548080444e-10
Fixed 99/96,2019-02-15,2019-03-15,99/96,3.569923087755491,996488.7310016153,996488.7310016156,-3.4924596548080444e-10
Fixed 99/96,2019-03-15,2019-04-18,99/96,3.5305431319166383,1001579.7741978391,1001579.7741978394,-3.4924596548080444e-10
Fixed 99/96,2019-04-18,2019-05-17,99/96,3.447743273208981,1000536.8419585038,1000536.8419585042,-3.4924596548080444e-10
Fixed 99/96,2019-05-17,2019-06-21,99/96,3.498955533628455,1006990.6654402815,1006990.6654402819,-3.4924596548080444e-10
Fixed 99/96,2019-06-21,2019-07-19,99/96,3.4129955287388927,1013157.9483607127,1013157.9483607132,-4.656612873077393e-10
Fixed 99/96,2019-07-19,2019-08-16,99/96,3.4037307937459,999117.53556882,999117.5355688204,-4.656612873077393e-10
Fixed 99/96,2019-08-16,2019-09-20,99/96,3.4587339518828983,1006335.9133263995,1006335.9133264001,-5.820766091346741e-10
Fixed 99/96,2019-09-20,2019-10-18,99/96,3.3633434055178997,1012093.9572366462,1012093.9572366468,-5.820766091346741e-10
Fixed 99/96,2019-10-18,2019-11-15,99/96,3.389237069806628,1017709.9230613158,1017709.9230613163,-4.656612873077393e-10
Fixed 99/96,2019-11-15,2019-12-20,99/96,3.26140997096966,1023089.6188084303,1023089.6188084306,-3.4924596548080444e-10
Fixed 99/96,2019-12-20,2020-01-17,99/96,3.176093617056246,1026915.2235701745,1026915.2235701749,-3.4924596548080444e-10
Fixed 99/96,2020-01-17,2020-02-21,99/96,3.0841813402953626,1032048.8434110961,1032048.8434110966,-4.656612873077393e-10
Fixed 99/96,2020-02-21,2020-03-20,99/96,3.092049564560246,1007318.6309937433,1007318.6309937437,-3.4924596548080444e-10
Fixed 99/96,2020-03-20,2020-04-17,99/96,4.3702977332692425,1017138.6900003994,1017138.6900003998,-4.656612873077393e-10
Fixed 99/96,2020-04-17,2020-05-15,99/96,3.538415163598944,1025903.344360634,1025903.3443606345,-4.656612873077393e-10
Fixed 99/96,2020-05-15,2020-06-19,99/96,3.582440066532867,1035045.7314104259,1035045.7314104262,-3.4924596548080444e-10
Fixed 99/96,2020-06-19,2020-07-17,99/96,3.3412931190913615,1044408.0347301199,1044408.0347301203,-4.656612873077393e-10
Fixed 99/96,2020-07-17,2020-08-21,99/96,3.2387456967119572,1052697.604340854,1052697.6043408548,-6.984919309616089e-10
Fixed 99/96,2020-08-21,2020-09-18,99/96,3.098757878863612,1045373.6810157677,1045373.6810157683,-5.820766091346741e-10
Fixed 99/96,2020-09-18,2020-10-16,99/96,3.149218671179418,1053646.678464956,1053646.6784649566,-4.656612873077393e-10
Fixed 99/96,2020-10-16,2020-11-20,99/96,3.0244090829976638,1062249.610101543,1062249.6101015436,-6.984919309616089e-10
Fixed 99/96,2020-11-20,2020-12-18,99/96,2.9859104843173374,1070280.2163491144,1070280.216349115,-4.656612873077393e-10
Fixed 99/96,2020-12-18,2021-01-15,99/96,2.8853112535640313,1076749.084179605,1076749.0841796054,-4.656612873077393e-10
Fixed 99/96,2021-01-15,2021-02-19,99/96,2.8574247573266236,1084677.0091688076,1084677.009168808,-4.656612873077393e-10
Fixed 99/96,2021-02-19,2021-03-19,99/96,2.776446216930104,1091783.3232610403,1091783.3232610407,-4.656612873077393e-10
Fixed 99/96,2021-03-19,2021-04-16,99/96,2.7900725665437576,1099168.6453446816,1099168.6453446823,-6.984919309616089e-10
Fixed 99/96,2021-04-16,2021-05-21,99/96,2.6261533087644136,1106133.2039195248,1106133.2039195255,-6.984919309616089e-10
Fixed 99/96,2021-05-21,2021-06-18,99/96,2.6616229620557506,1112526.4222743828,1112526.4222743835,-6.984919309616089e-10
Fixed 99/96,2021-06-18,2021-07-16,99/96,2.670202138804011,1119547.718798368,1119547.718798369,-9.313225746154785e-10
Fixed 99/96,2021-07-16,2021-08-20,99/96,2.5872574121882965,1126493.2113213874,1126493.2113213884,-9.313225746154785e-10
Fixed 99/96,2021-08-20,2021-09-17,99/96,2.5361929885277275,1132122.2916594248,1132122.2916594255,-6.984919309616089e-10
Fixed 99/96,2021-09-17,2021-10-15,99/96,2.5538569493804464,1138984.50528241,1138984.505282411,-9.313225746154785e-10
Fixed 99/96,2021-10-15,2021-11-19,99/96,2.547282992531232,1145198.60214269,1145198.6021426904,-4.656612873077393e-10
Fixed 99/96,2021-11-19,2021-12-17,99/96,2.4376508349682915,1144104.1302450467,1144104.1302450472,-4.656612873077393e-10
Fixed 99/96,2021-12-17,2022-01-21,99/96,2.4760727873032504,1117330.3551959367,1117330.355195937,-2.3283064365386963e-10
Fixed 99/96,2022-01-21,2022-02-18,99/96,2.5405766565303938,1125718.0987998545,1125718.0987998547,-2.3283064365386963e-10
Fixed 99/96,2022-02-18,2022-03-18,99/96,2.588530051405349,1135067.8693455306,1135067.8693455306,0.0
Fixed 99/96,2022-03-18,2022-04-14,99/96,2.5432160451482764,1136335.6228062862,1136335.6228062864,-2.3283064365386963e-10
Fixed 99/96,2022-04-14,2022-05-20,99/96,2.5869376910369226,1111027.611374872,1111027.6113748723,-2.3283064365386963e-10
Fixed 99/96,2022-05-20,2022-06-17,99/96,2.847795591238229,1088777.7844205278,1088777.784420528,-2.3283064365386963e-10
Fixed 99/96,2022-06-17,2022-07-15,99/96,2.962789559219953,1099353.4617521635,1099353.4617521635,0.0
Fixed 99/96,2022-07-15,2022-08-19,99/96,2.8457363577059147,1109233.8583861184,1109233.8583861184,0.0
Fixed 99/96,2022-08-19,2022-09-16,99/96,2.6232449095411203,1084987.2056872298,1084987.2056872298,0.0
Fixed 99/96,2022-09-16,2022-10-21,99/96,2.8011741416379623,1072296.486238539,1072296.4862385392,-2.3283064365386963e-10
Fixed 99/96,2022-10-21,2022-11-18,99/96,2.857361897910969,1082881.5833893502,1082881.5833893504,-2.3283064365386963e-10
Fixed 99/96,2022-11-18,2022-12-16,99/96,2.7308668598092236,1072915.3141199604,1072915.3141199604,0.0
Fixed 99/96,2022-12-16,2023-01-20,99/96,2.7850857246001084,1082821.864042363,1082821.8640423631,-2.3283064365386963e-10
Fixed 99/96,2023-01-20,2023-02-17,99/96,2.7257189473977532,1091563.2447066675,1091563.2447066677,-2.3283064365386963e-10
Fixed 99/96,2023-02-17,2023-03-17,99/96,2.6759969041800096,1066819.6105861065,1066819.6105861068,-2.3283064365386963e-10
Fixed 99/96,2023-03-17,2023-04-21,99/96,2.723813370250573,1075248.451060347,1075248.4510603473,-2.3283064365386963e-10
Fixed 99/96,2023-04-21,2023-05-19,99/96,2.601290052980758,1081412.207840885,1081412.2078408853,-2.3283064365386963e-10
Fixed 99/96,2023-05-19,2023-06-16,99/96,2.579717014106448,1087208.8319715823,1087208.8319715823,0.0
Fixed 99/96,2023-06-16,2023-07-21,99/96,2.4655554609292163,1092594.837875982,1092594.837875982,0.0
Fixed 99/96,2023-07-21,2023-08-18,99/96,2.4085383271743153,1068757.524643585,1068757.524643585,0.0
Fixed 99/96,2023-08-18,2023-09-15,99/96,2.445831723838917,1075280.5578510636,1075280.5578510633,2.3283064365386963e-10
Fixed 99/96,2023-09-15,2023-10-20,99/96,2.416187151312947,1048061.0014979476,1048061.0014979473,3.4924596548080444e-10
Fixed 99/96,2023-10-20,2023-11-17,99/96,2.481110949231537,1055639.5548923754,1055639.5548923751,2.3283064365386963e-10
Fixed 99/96,2023-11-17,2023-12-15,99/96,2.338579692435649,1060859.2647658917,1060859.2647658915,2.3283064365386963e-10
Fixed 99/96,2023-12-15,2024-01-19,99/96,2.247968990308898,1065556.3959711422,1065556.3959711418,4.656612873077393e-10
Fixed 99/96,2024-01-19,2024-02-16,99/96,2.201649203317597,1070464.9728699387,1070464.9728699382,4.656612873077393e-10
Fixed 99/96,2024-02-16,2024-03-15,99/96,2.138547678809001,1075906.5074386683,1075906.5074386678,4.656612873077393e-10
Fixed 99/96,2024-03-15,2024-04-19,99/96,2.102574979708003,1061151.6834119754,1061151.6834119752,2.3283064365386963e-10
Fixed 99/96,2024-04-19,2024-05-17,99/96,2.136304716279386,1068483.4811982464,1068483.481198246,4.656612873077393e-10
Fixed 99/96,2024-05-17,2024-06-21,99/96,2.014763489815079,1073383.3860054766,1073383.3860054761,4.656612873077393e-10
Fixed 99/96,2024-06-21,2024-07-19,99/96,1.964241544676521,1078018.0139301408,1078018.0139301405,2.3283064365386963e-10
Fixed 99/96,2024-07-19,2024-08-16,99/96,1.9582525230338614,1084180.6346201284,1084180.634620128,4.656612873077393e-10
Fixed 99/96,2024-08-16,2024-09-20,99/96,1.951983858522984,1090172.2490738647,1090172.2490738642,4.656612873077393e-10
Fixed 99/96,2024-09-20,2024-10-18,99/96,1.9117277120100595,1095581.4826349972,1095581.4826349968,4.656612873077393e-10
Fixed 99/96,2024-10-18,2024-11-15,99/96,1.8681042534866612,1101745.2926193764,1101745.292619376,4.656612873077393e-10
Fixed 99/96,2024-11-15,2024-12-20,99/96,1.8767102463226681,1107594.9984571643,1107594.9984571636,6.984919309616089e-10
Fixed 99/96,2024-12-20,2025-01-17,99/96,1.8675147410905952,1113472.0673473764,1113472.0673473754,9.313225746154785e-10
Fixed 99/96,2025-01-17,2025-02-21,99/96,1.8568203605583078,1119816.822519404,1119816.8225194032,9.313225746154785e-10
Fixed 99/96,2025-02-21,2025-03-21,99/96,1.8622861044798122,1092552.0228067674,1092552.0228067664,9.313225746154785e-10
Fixed 99/96,2025-03-21,2025-04-17,99/96,1.927729060674223,1067519.4970893823,1067519.4970893813,9.313225746154785e-10
Fixed 99/96,2025-04-17,2025-05-16,99/96,2.0207837992332496,1076480.6628470821,1076480.6628470812,9.313225746154785e-10
Fixed 99/96,2025-05-16,2025-06-20,99/96,1.806666718166612,1083340.5763759608,1083340.57637596,9.313225746154785e-10
Fixed 99/96,2025-06-20,2025-07-18,99/96,1.8152976700782644,1089942.8140020354,1089942.8140020345,9.313225746154785e-10
Fixed 99/96,2025-07-18,2025-08-15,99/96,1.7309499081921302,1095926.7078346557,1095926.7078346547,9.313225746154785e-10
Fixed 99/96,2025-08-15,2025-09-19,99/96,1.6991639136429826,1101639.2969123235,1101639.2969123223,1.1641532182693481e-09
Fixed 99/96,2025-09-19,2025-10-17,99/96,1.653030927969611,1107138.9308096783,1107138.930809677,1.1641532182693481e-09
Fixed 99/96,2025-10-17,2025-11-21,99/96,1.6613705107706165,1113879.1109718746,1113879.1109718736,9.313225746154785e-10
Fixed 99/96,2025-11-21,2025-12-19,99/96,1.6869313317670047,1121258.5920826893,1121258.5920826884,9.313225746154785e-10
Fixed 99/96,2025-12-19,2026-01-16,99/96,1.640586132244772,1126651.198699378,1126651.1986993768,1.1641532182693481e-09
Fixed 99/96,2026-01-16,2026-02-20,99/96,1.6234144284347625,1132843.7130366424,1132843.7130366412,1.1641532182693481e-09
Fixed 99/96,2026-02-20,2026-03-20,99/96,1.6395428206391296,1105745.349297119,1105745.349297118,1.1641532182693481e-09
Fixed 99/96,2026-03-20,2026-04-17,99/96,1.6994524729444527,1114186.529730234,1114186.5297302331,9.313225746154785e-10
Fixed 99/96,2026-04-17,2026-05-15,99/96,1.5635379446270155,1120752.6073286952,1120752.6073286943,9.313225746154785e-10
Fixed 99/96,2026-05-15,2026-06-18,99/96,1.5127928829435044,1128406.5829199478,1128406.582919947,6.984919309616089e-10
Fixed 99/96,2026-06-18,2026-07-17,99/96,1.5044257526306253,1134589.0205503833,1134589.0205503826,6.984919309616089e-10
Fixed 99/96,2026-07-17,2026-08-21,99/96,1.5213679161572127,1141841.3814067047,1141841.3814067042,4.656612873077393e-10
Fixed 99/96,2026-08-21,2026-09-18,99/96,1.4878633216417847,1147933.437777167,1147933.4377771665,4.656612873077393e-10
