strategy_id,strategy,sizing,hedge,source,cagr,annualized_volatility,sharpe_zero_cash,max_drawdown,train_cagr,validation_cagr,test_cagr,train_sharpe,validation_sharpe,test_sharpe,selection_score,positive_all_splits,trades,win_rate,mean_trade_return_spx_down_5,mean_trade_return_spx_down_10
101/98_dte21_profit_90_put_d20_b5,"101/98, sequential 21 DTE, profit 90; + 20-delta put; 5% credit budget",One position; short-strike notional capped at equity,20-delta put; 5% credit budget,Sequential unlevered hedge grid,0.0353720812267568,0.0480921783852233,0.746915144626234,-0.0951407409063592,0.0377479735155419,0.0148894200798768,0.0490394036201369,0.8107355540983777,0.3084159086030053,1.111971233460607,0.8301620041800991,True,184.0,0.6739130434782609,-0.0151159259365552,-0.0125173349064934
101/98_dte15_profit_80_put_d5_b5,"101/98, sequential 15 DTE, profit 80; + 5-delta put; 5% credit budget",One position; short-strike notional capped at equity,5-delta put; 5% credit budget,Sequential unlevered hedge grid,0.0370713863912275,0.0554930778560846,0.683735881243636,-0.1343861408369804,0.0348653539613692,0.0316489321485635,0.0491947451464314,0.6392185665359439,0.574823462322,1.0203015526571202,0.8189409939448716,True,257.0,0.6809338521400778,-0.013985121004375,3.7832188222821965e-05
101/98_dte15_profit_80_put_d10_b5,"101/98, sequential 15 DTE, profit 80; + 10-delta put; 5% credit budget",One position; short-strike notional capped at equity,10-delta put; 5% credit budget,Sequential unlevered hedge grid,0.0380624704757972,0.0536383664981511,0.7233097710202885,-0.1243179475544045,0.0377026627172256,0.0317090847019128,0.0455403637642826,0.7008308669698391,0.5766697396411684,0.9883841276883668,0.8157251200744077,True,257.0,0.6770428015564203,-0.0134169806734014,-0.0056402687058164
101/98_dte21_profit_50_put_d15_b5,"101/98, sequential 21 DTE, profit 50; + 15-delta put; 5% credit budget",One position; short-strike notional capped at equity,15-delta put; 5% credit budget,Sequential unlevered hedge grid,0.0345445970876885,0.0481326103845426,0.7296823332219877,-0.087379468846592,0.0312350581196458,0.0548195514343157,0.0244467141511264,0.7110396399827523,1.2729141440797485,0.6194018962294268,0.8149962242485307,True,240.0,0.7625,-0.0147962268352435,-0.0143538870922542
101/98_dte21_profit_90_put_d15_b5,"101/98, sequential 21 DTE, profit 90; + 15-delta put; 5% credit budget",One position; short-strike notional capped at equity,15-delta put; 5% credit budget,Sequential unlevered hedge grid,0.0349575047847037,0.0483961681035847,0.7342501327033016,-0.0974999789282243,0.0376528860495217,0.0136731007941803,0.048486552608159,0.8065366900451746,0.2836834971001419,1.09486013300132,0.8136380923031272,True,184.0,0.6739130434782609,-0.0150728836596841,-0.0112107757676539
101/98_dte21_profit_50_put_d20_b5,"101/98, sequential 21 DTE, profit 50; + 20-delta put; 5% credit budget",One position; short-strike notional capped at equity,20-delta put; 5% credit budget,Sequential unlevered hedge grid,0.0348334828245089,0.0477024457970861,0.7416844248556214,-0.0849702709918129,0.0319486939446007,0.054726658147431,0.0238428467250193,0.7317946752821416,1.272509178165936,0.6025984721824262,0.8105925199160949,True,240.0,0.7625,-0.0148964680248329,-0.0145522459085127
101/98_dte15_profit_80_put_d15_b5,"101/98, sequential 15 DTE, profit 80; + 15-delta put; 5% credit budget",One position; short-strike notional capped at equity,15-delta put; 5% credit budget,Sequential unlevered hedge grid,0.0388681441649998,0.0529426808452245,0.7467722065539668,-0.1189471222949317,0.0393750013894176,0.0335351383914812,0.0427037627755455,0.7400976990625094,0.6133679287567344,0.9347588882814768,0.8062717588791979,True,257.0,0.6731517509727627,-0.0136369660953612,-0.0086731357151063
101/98_dte15_profit_80_put_d20_b5,"101/98, sequential 15 DTE, profit 80; + 20-delta put; 5% credit budget",One position; short-strike notional capped at equity,20-delta put; 5% credit budget,Sequential unlevered hedge grid,0.0392617208125498,0.0526268063406106,0.7581370726478978,-0.1164018111046626,0.0396602713307769,0.036542330819389,0.0407919624004835,0.7484406432839465,0.6751228009759547,0.8919728489917336,0.8027170052671233,True,257.0,0.6731517509727627,-0.0140631981907465,-0.0106759600838135
101/98_dte15_profit_90_put_d20_b5,"101/98, sequential 15 DTE, profit 90; + 20-delta put; 5% credit budget",One position; short-strike notional capped at equity,20-delta put; 5% credit budget,Sequential unlevered hedge grid,0.0410842234202839,0.0547404656120224,0.7629606749594268,-0.1308640095962466,0.0399508258830565,0.0487458519457943,0.0368567914332862,0.778149303814174,0.8975948970068569,0.7478865754920544,0.7948024984568904,True,240.0,0.6625,-0.0154151153002959,
101/98_dte21_profit_90_put_d10_b5,"101/98, sequential 21 DTE, profit 90; + 10-delta put; 5% credit budget",One position; short-strike notional capped at equity,10-delta put; 5% credit budget,Sequential unlevered hedge grid,0.0345497087758002,0.0480062110386077,0.7316792645234076,-0.0986125836317103,0.0373601264160141,0.0135770276948865,0.0474084841764406,0.7969544537431935,0.2816672011190587,1.0623435195094215,0.7942996545482951,True,,,,
