rank,strategy_id,strategy,sizing,hedge,source,cagr,annualized_volatility,sharpe_zero_cash,max_drawdown,train_cagr,validation_cagr,test_cagr,train_sharpe,validation_sharpe,test_sharpe,selection_score,positive_all_splits,trades,win_rate,mean_trade_return_spx_down_5,mean_trade_return_spx_down_10
1,vertical_103/100_monthly_dte60_m103_profit_25,"103/100, monthly 60 DTE, profit 25",5% concurrent max-loss budget; overlap allowed,None,ITM structure grid,0.0415927001529117,0.0380489879681383,1.089921170098861,-0.0485422841519664,0.0419097234193395,0.0375024743750536,0.0447460769508427,0.994401433862581,1.0972668634166456,1.6149617601202275,1.3399499280035485,True,,,,
2,monthly_sizing_1,"103/100, monthly 60 DTE, 25% target; Fixed $1 million per monthly entry",Fixed $1 million per monthly entry,None,Monthly entry sizing comparison,0.0302203962085303,0.0302164411480868,1.0003525923338037,-0.0426533492956828,0.0283283377690739,0.0288239228208089,0.0373160046861464,0.8490381418641443,1.0929723350355551,1.653886160410294,1.327577144477038,True,,,,
3,monthly_sizing_0,"103/100, monthly 60 DTE, 25% target; 100% of current equity per monthly entry",100% of current equity per monthly entry,None,Monthly entry sizing comparison,0.034817382517466,0.033986227405593,1.0239496740494332,-0.0463818037040945,0.0303186055898485,0.0348907630075472,0.0483394155221856,0.8439825447435217,1.0965261155740351,1.6341004988715329,1.3201741274457468,True,,,,
4,vertical_delta55_3wide_monthly_dte60_d55_profit_50,"delta55_3wide, monthly 60 DTE, profit 50",5% concurrent max-loss budget; overlap allowed,None,ITM structure grid,0.0320515768663189,0.0362855726928823,0.8876369571097499,-0.0783055777226608,0.0214848889348162,0.049810355911096,0.0463634129204881,0.5935346865981984,1.2481434672160896,1.5098912111631515,1.244775371086303,True,,,,
5,vertical_delta55_3wide_monthly_dte60_d55_short_delta_40,"delta55_3wide, monthly 60 DTE, short delta 40",5% concurrent max-loss budget; overlap allowed,None,ITM structure grid,0.0303799354554783,0.0284925646306157,1.064662917982457,-0.0586550706166125,0.0244377096669254,0.0383806225501033,0.0403123002658851,0.914593571084938,1.15297118004401,1.403375965746914,1.233586105345446,True,,,,
6,vertical_101/98_monthly_dte60_m101_profit_50,"101/98, monthly 60 DTE, profit 50",5% concurrent max-loss budget; overlap allowed,None,ITM structure grid,0.0321750339967414,0.0410933211794873,0.7912551894849384,-0.082765098163036,0.0208890495264648,0.0502927442616911,0.0483390526941203,0.4895712420732601,1.2562702389919913,1.5072766706050489,1.2202671003100052,True,,,,
7,vertical_102/99_monthly_dte60_m102_profit_50,"102/99, monthly 60 DTE, profit 50",5% concurrent max-loss budget; overlap allowed,None,ITM structure grid,0.0402403799537935,0.0404800459026531,0.9948968732737392,-0.0517868022713721,0.031621319683716,0.0554272904798476,0.0511505635369471,0.78124847932654,1.3210403783401028,1.3281159321594758,1.2109950198911184,True,,,,
8,leveraged_103_100_60d_profit_15,"103/100, monthly 60 DTE, 15% profit target",5% concurrent max-loss budget; overlap allowed,None,103/100 profit-target sweep,0.03671078661145,0.0334857807102098,1.0932477009570782,-0.0296224536886242,0.0387862652405779,0.0362166385203259,0.0310088233595766,1.031559718578481,1.3333095964484458,1.209434617797258,1.2021034358932206,True,,,,
9,vertical_delta75_3wide_monthly_dte60_d75_profit_25,"delta75_3wide, monthly 60 DTE, profit 25",5% concurrent max-loss budget; overlap allowed,None,ITM structure grid,0.0421843630436518,0.0458090043993875,0.9245626153466002,-0.0510520615809121,0.04094057979047,0.0249384364243643,0.0635186339276019,0.8463875193464232,0.5829725315732188,1.646694548750398,1.1885047967051272,True,,,,
10,leveraged_103_100_60d_profit_20,"103/100, monthly 60 DTE, 20% profit target",5% concurrent max-loss budget; overlap allowed,None,103/100 profit-target sweep,0.0363722542506299,0.0362609865996288,1.0032476580517018,-0.048382838481375,0.0377141259169524,0.029627872365294,0.0391246463106871,0.9512158792396794,0.898007013293897,1.4202256885741782,1.1776217453016855,True,,,,
