portfolio,fill,year,first_date,last_date,return_in_period
96/93 at 100%,realistic,2016,2016-09-23,2016-12-30,0.004993483060589998
96/93 at 100%,realistic,2017,2017-01-03,2017-12-29,0.00659920704950645
96/93 at 100%,realistic,2018,2018-01-02,2018-12-31,-0.030701593774049796
96/93 at 100%,realistic,2019,2019-01-02,2019-12-31,0.021954656272803463
96/93 at 100%,realistic,2020,2020-01-02,2020-12-31,-0.004842671309138624
96/93 at 100%,realistic,2021,2021-01-04,2021-12-31,0.035654536631180234
96/93 at 100%,realistic,2022,2022-01-03,2022-12-30,0.026187383600460246
96/93 at 100%,realistic,2023,2023-01-03,2023-12-29,0.017612482773244453
96/93 at 100%,realistic,2024,2024-01-02,2024-12-31,0.011804177118582171
96/93 at 100%,realistic,2025,2025-01-02,2025-12-31,0.008149468212861333
96/93 at 100%,realistic,2026,2026-01-02,2026-09-18,0.025762762357212532
96/93 at 100%,natural,2016,2016-09-23,2016-12-30,0.004273197271260631
96/93 at 100%,natural,2017,2017-01-03,2017-12-29,0.0048536569704540344
96/93 at 100%,natural,2018,2018-01-02,2018-12-31,-0.03325577767987409
96/93 at 100%,natural,2019,2019-01-02,2019-12-31,0.020397444253028363
96/93 at 100%,natural,2020,2020-01-02,2020-12-31,-0.010732125978549667
96/93 at 100%,natural,2021,2021-01-04,2021-12-31,0.033302310570785254
96/93 at 100%,natural,2022,2022-01-03,2022-12-30,0.024320200542395698
96/93 at 100%,natural,2023,2023-01-03,2023-12-29,0.0167316054683897
96/93 at 100%,natural,2024,2024-01-02,2024-12-31,0.011141256205222216
96/93 at 100%,natural,2025,2025-01-02,2025-12-31,0.007223954244450992
96/93 at 100%,natural,2026,2026-01-02,2026-09-18,0.025218591372125898
96/93 at 200%,realistic,2016,2016-09-23,2016-12-30,0.010003218918111845
96/93 at 200%,realistic,2017,2017-01-03,2017-12-29,0.0132399532868257
96/93 at 200%,realistic,2018,2018-01-02,2018-12-31,-0.061715850433836095
96/93 at 200%,realistic,2019,2019-01-02,2019-12-31,0.04437186023212569
96/93 at 200%,realistic,2020,2020-01-02,2020-12-31,-0.012432423084561273
96/93 at 200%,realistic,2021,2021-01-04,2021-12-31,0.07252958609976057
96/93 at 200%,realistic,2022,2022-01-03,2022-12-30,0.05218185405810094
96/93 at 200%,realistic,2023,2023-01-03,2023-12-29,0.03548314504578909
96/93 at 200%,realistic,2024,2024-01-02,2024-12-31,0.02373470672728306
96/93 at 200%,realistic,2025,2025-01-02,2025-12-31,0.01539058162110396
96/93 at 200%,realistic,2026,2026-01-02,2026-09-18,0.05215610010044247
96/93 at 200%,natural,2016,2016-09-23,2016-12-30,0.008556942965851855
96/93 at 200%,natural,2017,2017-01-03,2017-12-29,0.00972927919573685
96/93 at 200%,natural,2018,2018-01-02,2018-12-31,-0.0666554361205779
96/93 at 200%,natural,2019,2019-01-02,2019-12-31,0.041193426799224
96/93 at 200%,natural,2020,2020-01-02,2020-12-31,-0.02411938115199519
96/93 at 200%,natural,2021,2021-01-04,2021-12-31,0.06766860935170005
96/93 at 200%,natural,2022,2022-01-03,2022-12-30,0.048359233380087074
96/93 at 200%,natural,2023,2023-01-03,2023-12-29,0.033692125892021085
96/93 at 200%,natural,2024,2024-01-02,2024-12-31,0.02239417714015368
96/93 at 200%,natural,2025,2025-01-02,2025-12-31,0.013528803645238341
96/93 at 200%,natural,2026,2026-01-02,2026-09-18,0.05104117910873884
97/94 at 100%,realistic,2016,2016-09-23,2016-12-30,0.009397916610975221
97/94 at 100%,realistic,2017,2017-01-03,2017-12-29,0.011917034595991138
97/94 at 100%,realistic,2018,2018-01-02,2018-12-31,-0.07434341383473941
97/94 at 100%,realistic,2019,2019-01-02,2019-12-31,0.040585383866379
97/94 at 100%,realistic,2020,2020-01-02,2020-12-31,0.014649598558090338
97/94 at 100%,realistic,2021,2021-01-04,2021-12-31,0.0555238878407327
97/94 at 100%,realistic,2022,2022-01-03,2022-12-30,0.0030282931285154913
97/94 at 100%,realistic,2023,2023-01-03,2023-12-29,0.030091568357239584
97/94 at 100%,realistic,2024,2024-01-02,2024-12-31,0.015081545442034994
97/94 at 100%,realistic,2025,2025-01-02,2025-12-31,0.035543390243494066
97/94 at 100%,realistic,2026,2026-01-02,2026-09-18,0.044530608926746096
97/94 at 100%,natural,2016,2016-09-23,2016-12-30,0.008513463740645433
97/94 at 100%,natural,2017,2017-01-03,2017-12-29,0.010013299392587882
97/94 at 100%,natural,2018,2018-01-02,2018-12-31,-0.07716427298835726
97/94 at 100%,natural,2019,2019-01-02,2019-12-31,0.03867583484363557
97/94 at 100%,natural,2020,2020-01-02,2020-12-31,0.008144088919215475
97/94 at 100%,natural,2021,2021-01-04,2021-12-31,0.052798308133794825
97/94 at 100%,natural,2022,2022-01-03,2022-12-30,0.0006195844043719312
97/94 at 100%,natural,2023,2023-01-03,2023-12-29,0.028997818518608165
97/94 at 100%,natural,2024,2024-01-02,2024-12-31,0.014343433008844997
97/94 at 100%,natural,2025,2025-01-02,2025-12-31,0.03445595634178833
97/94 at 100%,natural,2026,2026-01-02,2026-09-18,0.043945216970341816
97/94 at 200%,realistic,2016,2016-09-23,2016-12-30,0.018859935774033998
97/94 at 200%,realistic,2017,2017-01-03,2017-12-29,0.02396965049058508
97/94 at 200%,realistic,2018,2018-01-02,2018-12-31,-0.14541569232343476
97/94 at 200%,realistic,2019,2019-01-02,2019-12-31,0.08275810209525547
97/94 at 200%,realistic,2020,2020-01-02,2020-12-31,0.025893791001734723
97/94 at 200%,realistic,2021,2021-01-04,2021-12-31,0.1140124180717359
97/94 at 200%,realistic,2022,2022-01-03,2022-12-30,0.003529988689062069
97/94 at 200%,realistic,2023,2023-01-03,2023-12-29,0.060782684023539035
97/94 at 200%,realistic,2024,2024-01-02,2024-12-31,0.03019718251263237
97/94 at 200%,realistic,2025,2025-01-02,2025-12-31,0.0713840374791328
97/94 at 200%,realistic,2026,2026-01-02,2026-09-18,0.09095588576669411
97/94 at 200%,natural,2016,2016-09-23,2016-12-30,0.017076975376278503
97/94 at 200%,natural,2017,2017-01-03,2017-12-29,0.020121363151612615
97/94 at 200%,natural,2018,2018-01-02,2018-12-31,-0.1506195668632423
97/94 at 200%,natural,2019,2019-01-02,2019-12-31,0.07879216989438587
97/94 at 200%,natural,2020,2020-01-02,2020-12-31,0.012759055169821565
97/94 at 200%,natural,2021,2021-01-04,2021-12-31,0.1082772055660024
97/94 at 200%,natural,2022,2022-01-03,2022-12-30,-0.0012802584764949332
97/94 at 200%,natural,2023,2023-01-03,2023-12-29,0.0585330031359379
97/94 at 200%,natural,2024,2024-01-02,2024-12-31,0.028700483792998943
97/94 at 200%,natural,2025,2025-01-02,2025-12-31,0.06913846006262636
97/94 at 200%,natural,2026,2026-01-02,2026-09-18,0.08973531316048877
98/95 at 100%,realistic,2016,2016-09-23,2016-12-30,0.01691109929806034
98/95 at 100%,realistic,2017,2017-01-03,2017-12-29,0.0249199205515076
98/95 at 100%,realistic,2018,2018-01-02,2018-12-31,-0.09543494089938442
98/95 at 100%,realistic,2019,2019-01-02,2019-12-31,0.05848371604889491
98/95 at 100%,realistic,2020,2020-01-02,2020-12-31,0.03537622760143422
98/95 at 100%,realistic,2021,2021-01-04,2021-12-31,0.07568832400901226
98/95 at 100%,realistic,2022,2022-01-03,2022-12-30,-0.05103503286025157
98/95 at 100%,realistic,2023,2023-01-03,2023-12-29,0.03433881851347875
98/95 at 100%,realistic,2024,2024-01-02,2024-12-31,0.025448314783785175
98/95 at 100%,realistic,2025,2025-01-02,2025-12-31,0.05782118633292077
98/95 at 100%,realistic,2026,2026-01-02,2026-09-18,0.07046380020409182
98/95 at 100%,natural,2016,2016-09-23,2016-12-30,0.015822711043887105
98/95 at 100%,natural,2017,2017-01-03,2017-12-29,0.02284071980144442
98/95 at 100%,natural,2018,2018-01-02,2018-12-31,-0.09878902470307216
98/95 at 100%,natural,2019,2019-01-02,2019-12-31,0.05609962709748895
98/95 at 100%,natural,2020,2020-01-02,2020-12-31,0.028045037336858147
98/95 at 100%,natural,2021,2021-01-04,2021-12-31,0.07260172854800584
98/95 at 100%,natural,2022,2022-01-03,2022-12-30,-0.05366947624305496
98/95 at 100%,natural,2023,2023-01-03,2023-12-29,0.03288002954121039
98/95 at 100%,natural,2024,2024-01-02,2024-12-31,0.024476130319173617
98/95 at 100%,natural,2025,2025-01-02,2025-12-31,0.05657832608556679
98/95 at 100%,natural,2026,2026-01-02,2026-09-18,0.06980546800209786
98/95 at 200%,realistic,2016,2016-09-23,2016-12-30,0.034061934428860186
98/95 at 200%,realistic,2017,2017-01-03,2017-12-29,0.05043980190001496
98/95 at 200%,realistic,2018,2018-01-02,2018-12-31,-0.18529292417489296
98/95 at 200%,realistic,2019,2019-01-02,2019-12-31,0.12007293157068144
98/95 at 200%,realistic,2020,2020-01-02,2020-12-31,0.06767634028379543
98/95 at 200%,realistic,2021,2021-01-04,2021-12-31,0.15667701228369735
98/95 at 200%,realistic,2022,2022-01-03,2022-12-30,-0.10358143358591132
98/95 at 200%,realistic,2023,2023-01-03,2023-12-29,0.06892024482725168
98/95 at 200%,realistic,2024,2024-01-02,2024-12-31,0.05085752116373965
98/95 at 200%,realistic,2025,2025-01-02,2025-12-31,0.11776911249583133
98/95 at 200%,realistic,2026,2026-01-02,2026-09-18,0.1456369448912438
98/95 at 200%,natural,2016,2016-09-23,2016-12-30,0.03185383554558863
98/95 at 200%,natural,2017,2017-01-03,2017-12-29,0.04618457905175366
98/95 at 200%,natural,2018,2018-01-02,2018-12-31,-0.19132956666671375
98/95 at 200%,natural,2019,2019-01-02,2019-12-31,0.11504163453857208
98/95 at 200%,natural,2020,2020-01-02,2020-12-31,0.05259465982074896
98/95 at 200%,natural,2021,2021-01-04,2021-12-31,0.15006552480781887
98/95 at 200%,natural,2022,2022-01-03,2022-12-30,-0.10855076282996523
98/95 at 200%,natural,2023,2023-01-03,2023-12-29,0.06590952514528592
98/95 at 200%,natural,2024,2024-01-02,2024-12-31,0.04886751537609779
98/95 at 200%,natural,2025,2025-01-02,2025-12-31,0.11514999252011582
98/95 at 200%,natural,2026,2026-01-02,2026-09-18,0.14423154317379216
99/96 at 100%,realistic,2016,2016-09-23,2016-12-30,0.022676804409216933
99/96 at 100%,realistic,2017,2017-01-03,2017-12-29,0.054503294646080835
99/96 at 100%,realistic,2018,2018-01-02,2018-12-31,-0.10736951078318524
99/96 at 100%,realistic,2019,2019-01-02,2019-12-31,0.07956232844740874
99/96 at 100%,realistic,2020,2020-01-02,2020-12-31,0.04870392890623498
99/96 at 100%,realistic,2021,2021-01-04,2021-12-31,0.06427381167221125
99/96 at 100%,realistic,2022,2022-01-03,2022-12-30,-0.11419089697247897
99/96 at 100%,realistic,2023,2023-01-03,2023-12-29,0.04259693046835511
99/96 at 100%,realistic,2024,2024-01-02,2024-12-31,0.021950235249339478
99/96 at 100%,realistic,2025,2025-01-02,2025-12-31,0.04537798825509953
99/96 at 100%,realistic,2026,2026-01-02,2026-09-18,0.058084543649799425
99/96 at 100%,natural,2016,2016-09-23,2016-12-30,0.021359731278533634
99/96 at 100%,natural,2017,2017-01-03,2017-12-29,0.05143641276827071
99/96 at 100%,natural,2018,2018-01-02,2018-12-31,-0.11160186977250863
99/96 at 100%,natural,2019,2019-01-02,2019-12-31,0.07650586311490715
99/96 at 100%,natural,2020,2020-01-02,2020-12-31,0.040226764677291804
99/96 at 100%,natural,2021,2021-01-04,2021-12-31,0.06116818219419318
99/96 at 100%,natural,2022,2022-01-03,2022-12-30,-0.11685047540438875
99/96 at 100%,natural,2023,2023-01-03,2023-12-29,0.04081061934120167
99/96 at 100%,natural,2024,2024-01-02,2024-12-31,0.020751574850510712
99/96 at 100%,natural,2025,2025-01-02,2025-12-31,0.04396070703863919
99/96 at 100%,natural,2026,2026-01-02,2026-09-18,0.057305909389283594
