portfolio,fill,notional_multiple,first_entry,last_expiration,weeks,trades,cash_weeks,daily_observations,elapsed_years,ending_equity,total_pnl,total_return,cagr,daily_sharpe,daily_annualized_volatility,max_drawdown_daily,worst_day,worst_week,negative_net_credit_weeks,mark_convention
96/93 at 100%,realistic,1.0,2016-09-23,2026-09-18,521,520,1,2510,9.985146854487088,1128477.8305614754,128477.83056147536,0.12847783056147533,0.012178508245441977,0.5239577864025342,0.023699622749655133,-0.08065597911108002,-0.02616635389205524,-0.029564826604748684,3,adjacent_put_estimate_2020_02_27_only
96/93 at 100%,natural,1.0,2016-09-23,2026-09-18,521,520,1,2510,9.985146854487088,1106555.8901427297,106555.89014272974,0.1065558901427297,0.010191887603555383,0.43965424517080937,0.02376780591439319,-0.08690743132772605,-0.02629164694324093,-0.029594786907347737,9,adjacent_put_estimate_2020_02_27_only
96/93 at 200%,realistic,2.0,2016-09-23,2026-09-18,521,520,1,2510,9.985146854487088,1265713.1342740827,265713.1342740827,0.26571313427408283,0.023879272749370184,0.5212902800964142,0.047578050514740136,-0.15783189980959433,-0.05248048224181723,-0.05912965320949748,3,adjacent_put_estimate_2020_02_27_only
96/93 at 200%,natural,2.0,2016-09-23,2026-09-18,521,520,1,2510,9.985146854487088,1216991.3390878423,216991.33908784227,0.21699133908784218,0.01986205911159078,0.4373088528401385,0.047717974713299485,-0.1693020973521756,-0.05272542273296932,-0.05918957381469547,9,adjacent_put_estimate_2020_02_27_only
97/94 at 100%,realistic,1.0,2016-09-23,2026-09-18,521,520,1,2510,9.985146854487088,1195359.4036557672,195359.4036557672,0.19535940365576732,0.018031880097496344,0.5986191308501576,0.03072067681804502,-0.10144513660870746,-0.021568124441558534,-0.030504831098794094,0,adjacent_put_estimate_2020_02_27_only
97/94 at 100%,natural,1.0,2016-09-23,2026-09-18,521,520,1,2510,9.985146854487088,1168797.2866658126,168797.2866658126,0.1687972866658125,0.0157433690092037,0.5238982798602394,0.030800266487453654,-0.10836086933049871,-0.021708428908644106,-0.030553516590517638,5,adjacent_put_estimate_2020_02_27_only
97/94 at 200%,realistic,2.0,2016-09-23,2026-09-18,521,520,1,2510,9.985146854487088,1414196.815656528,414196.8156565281,0.4141968156565281,0.035317069081017616,0.5950618466438985,0.06169891776368709,-0.19650428315794455,-0.04336814860114235,-0.06100966219758808,0,adjacent_put_estimate_2020_02_27_only
97/94 at 200%,natural,2.0,2016-09-23,2026-09-18,521,520,1,2510,9.985146854487088,1352048.2737482262,352048.27374822623,0.3520482737482262,0.030667793170432,0.5207167065851104,0.061861806818141074,-0.20887522687851678,-0.043643553273956526,-0.061107033181035164,5,adjacent_put_estimate_2020_02_27_only
98/95 at 100%,realistic,1.0,2016-09-23,2026-09-18,521,520,1,2510,9.985146854487088,1266754.8649438352,266754.8649438352,0.26675486494383516,0.023963636074828987,0.614450794568065,0.03993987365205841,-0.11093178998594533,-0.02226687459157317,-0.028089281701745294,0,adjacent_put_estimate_2020_02_27_only
98/95 at 100%,natural,1.0,2016-09-23,2026-09-18,521,520,1,2510,9.985146854487088,1234266.68346188,234266.68346188008,0.23426668346188007,0.021302742065595126,0.5481580434558972,0.040016712836845145,-0.114004172720792,-0.022268441528846217,-0.02814171223129358,0,adjacent_put_estimate_2020_02_27_only
98/95 at 200%,realistic,2.0,2016-09-23,2026-09-18,521,520,1,2510,9.985146854487088,1578397.3069671227,578397.3069671227,0.5783973069671227,0.04676964047537879,0.6117585076667558,0.08020061487378416,-0.21297395153501708,-0.044483041790577604,-0.05617856340349037,0,adjacent_put_estimate_2020_02_27_only
98/95 at 200%,natural,2.0,2016-09-23,2026-09-18,521,520,1,2510,9.985146854487088,1498503.2538038194,498503.2538038194,0.49850325380381943,0.04133843588863595,0.5458057035534205,0.08035943418516116,-0.21841663939760136,-0.04448929571361282,-0.05628342446258705,0,adjacent_put_estimate_2020_02_27_only
99/96 at 100%,realistic,1.0,2016-09-23,2026-09-18,521,520,1,2510,9.985146854487088,1210854.907009678,210854.90700967796,0.2108549070096779,0.01934587726904713,0.39095792036888033,0.05269560456878241,-0.12983122485971332,-0.024653644232731975,-0.028603638693415978,0,adjacent_put_estimate_2020_02_27_only
99/96 at 100%,natural,1.0,2016-09-23,2026-09-18,521,520,1,2510,9.985146854487088,1174110.1659625387,174110.16596253868,0.1741101659625386,0.016204828654303283,0.33180959805343374,0.0527773910950032,-0.1321820356038993,-0.024708458438439718,-0.028662686443759577,0,adjacent_put_estimate_2020_02_27_only
