first_entry,last_expiration,initial_equity,ending_equity,daily_observations,weeks,trades,trade_fraction,elapsed_years,total_return,cagr,daily_sharpe,daily_annualized_volatility,annualized_arithmetic_return,max_drawdown_daily,worst_day,worst_week,mean_width_pct,mean_width_pct_all_weeks,mean_max_loss_pct,mean_max_loss_pct_all_weeks,mean_net_delta,mean_net_delta_all_weeks,portfolio,spread,notional_multiple,fill,marking_convention,total_pnl,win_rate
2016-09-23,2026-09-18,1000000.0,1128477.8305614744,2510,521,520,0.9980806142034548,9.985146854487088,0.12847783056147444,0.012178508245441755,0.5239577864025241,0.023699622749655123,0.012417601874484199,-0.08065597911108091,-0.02616635389205524,-0.02956482660474871,0.030002405702246077,0.029944819510879003,0.029226768414638067,0.0291706709704641,0.04664587500000001,0.046556343570057585,96/93 at 100%,96/93,1.0,realistic,observed_raw,128477.83056147443,0.9596153846153846
2016-09-23,2026-09-18,1000000.0,1106555.890142729,2510,521,520,0.9980806142034548,9.985146854487088,0.10655589014272904,0.010191887603555383,0.439654245170802,0.02376780591439318,0.010449616768658656,-0.08690743132772594,-0.02629164694324093,-0.029594786907347764,0.030002405702246077,0.029944819510879003,0.02926447947787157,0.02920830965161846,0.04664587500000001,0.046556343570057585,96/93 at 100%,96/93,1.0,natural,observed_raw,106555.89014272904,0.948076923076923
2016-09-23,2026-09-18,1000000.0,1265713.1342740858,2510,521,520,0.9980806142034548,9.985146854487088,0.2657131342740857,0.023879272749370406,0.5212902800964101,0.04757805051474011,0.02480197527927002,-0.15783189980959456,-0.05248048224181712,-0.05912965320949742,0.030002405702246077,0.029944819510879003,0.058453536829276134,0.0583413419409282,0.09329175000000002,0.09311268714011517,96/93 at 200%,96/93,2.0,realistic,observed_raw,265713.13427408575,0.9596153846153846
2016-09-23,2026-09-18,1000000.0,1216991.3390878413,2510,521,520,0.9980806142034548,9.985146854487088,0.2169913390878413,0.019862059111590558,0.4373088528401404,0.047717974713299575,0.020867492781727864,-0.16930209735217572,-0.05272542273296932,-0.05918957381469553,0.030002405702246077,0.029944819510879003,0.05852895895574314,0.05841661930323692,0.09329175000000002,0.09311268714011517,96/93 at 200%,96/93,2.0,natural,observed_raw,216991.33908784133,0.948076923076923
2016-09-23,2026-09-18,1000000.0,1195359.4036557707,2510,521,520,0.9980806142034548,9.985146854487088,0.19535940365577065,0.018031880097496567,0.5252126180996762,0.03530405867632618,0.01854213708693786,-0.1014451366087068,-0.04145435292769528,-0.030504831098794098,0.029979483461402966,0.02992194126665939,0.028732370522174387,0.028677222018293057,0.07613914038461539,0.075993,97/94 at 100%,97/94,1.0,realistic,observed_raw,195359.4036557707,0.95
2016-09-23,2026-09-18,1000000.0,1168797.2866658103,2510,521,520,0.9980806142034548,9.985146854487088,0.1687972866658103,0.01574336900920348,0.4598234756855497,0.03542741794390574,0.01629035845353135,-0.10836086933049782,-0.04193515609192222,-0.03055351659051756,0.029979483461402966,0.02992194126665939,0.02877559214001399,0.02872036067717327,0.07613914038461539,0.075993,97/94 at 100%,97/94,1.0,natural,observed_raw,168797.28666581027,0.9384615384615385
2016-09-23,2026-09-18,1000000.0,1414196.8156565295,2510,521,520,0.9980806142034548,9.985146854487088,0.41419681565652944,0.03531706908101784,0.5264236666425999,0.07091667785507799,0.03733221758258222,-0.19650428315794433,-0.08199324502325,-0.061009662197588195,0.029979483461402966,0.02992194126665939,0.057464741044348774,0.057354444036586114,0.15227828076923078,0.151986,97/94 at 200%,97/94,2.0,realistic,observed_raw,414196.8156565295,0.95
2016-09-23,2026-09-18,1000000.0,1352048.2737482279,2510,521,520,0.9980806142034548,9.985146854487088,0.3520482737482278,0.030667793170432,0.4614602708595307,0.07116102630250325,0.032837986472195324,-0.20887522687851645,-0.08291858464442592,-0.06110703318103512,0.029979483461402966,0.02992194126665939,0.05755118428002798,0.05744072135434654,0.15227828076923078,0.151986,97/94 at 200%,97/94,2.0,natural,observed_raw,352048.27374822786,0.9384615384615385
2016-09-23,2026-09-18,1000000.0,1266754.8649438322,2510,521,520,0.9980806142034548,9.985146854487088,0.26675486494383205,0.023963636074828765,0.6144507945680524,0.03993987365205839,0.024541087100454897,-0.11093178998594566,-0.022266874591573282,-0.028089281701745187,0.029983381230508505,0.02992583155444227,0.02794036286757326,0.027886734531934923,0.12820783076923076,0.12796175047984645,98/95 at 100%,98/95,1.0,realistic,observed_raw,266754.86494383216,0.8980769230769231
2016-09-23,2026-09-18,1000000.0,1234266.6834618798,2510,521,520,0.9980806142034548,9.985146854487088,0.23426668346187984,0.021302742065595126,0.5481580434558885,0.040016712836845096,0.02193548301418114,-0.11400417272079211,-0.02226844152884644,-0.028141712231293536,0.029983381230508505,0.02992583155444227,0.027990352347259103,0.027936628062523484,0.12820783076923076,0.12796175047984645,98/95 at 100%,98/95,1.0,natural,observed_raw,234266.68346187985,0.8980769230769231
2016-09-23,2026-09-18,1000000.0,1578397.3069671188,2510,521,520,0.9980806142034548,9.985146854487088,0.5783973069671187,0.04676964047537835,0.6117585076667537,0.08020061487378424,0.04906340846914229,-0.21297395153501764,-0.044483041790577604,-0.056178563403490374,0.029983381230508505,0.02992583155444227,0.05588072573514652,0.055773469063869846,0.2564156615384615,0.2559235009596929,98/95 at 200%,98/95,2.0,realistic,observed_raw,578397.3069671188,0.8980769230769231
2016-09-23,2026-09-18,1000000.0,1498503.2538038176,2510,521,520,0.9980806142034548,9.985146854487088,0.49850325380381766,0.04133843588863595,0.5458057035534132,0.08035943418516112,0.04386063751258606,-0.21841663939760192,-0.04448929571361271,-0.05628342446258707,0.029983381230508505,0.02992583155444227,0.055980704694518206,0.05587325612504697,0.2564156615384615,0.2559235009596929,98/95 at 200%,98/95,2.0,natural,observed_raw,498503.25380381756,0.8980769230769231
2016-09-23,2026-09-18,1000000.0,1210854.9070096833,2510,521,520,0.9980806142034548,9.985146854487088,0.21085490700968323,0.019345877269047573,0.3909579203688716,0.05269560456878247,0.020601763974791604,-0.12983122485971244,-0.024653644232732086,-0.028603638693415936,0.029967188731071223,0.02990967013465842,0.026532768247167646,0.026481841628651005,0.22061522692307695,0.22019178119001917,99/96 at 100%,99/96,1.0,realistic,observed_raw,210854.90700968332,0.8134615384615385
2016-09-23,2026-09-18,1000000.0,1174110.1659625378,2510,521,520,0.9980806142034548,9.985146854487088,0.1741101659625377,0.01620482865430306,0.33180959805342425,0.0527773910950032,0.01751204492554138,-0.13218203560389952,-0.024708458438439496,-0.028662686443759636,0.029967188731071223,0.02990967013465842,0.026592061169693853,0.026541020745183885,0.22061522692307695,0.22019178119001917,99/96 at 100%,99/96,1.0,natural,observed_raw,174110.16596253775,0.8115384615384615
2016-09-23,2026-09-18,1000000.0,1128477.8305614744,2510,521,520,0.9980806142034548,9.985146854487088,0.12847783056147444,0.012178508245441755,0.5239577864025241,0.023699622749655123,0.012417601874484199,-0.08065597911108091,-0.02616635389205524,-0.02956482660474871,0.030002405702246077,0.029944819510879003,0.029226768414638067,0.0291706709704641,0.04664587500000001,0.046556343570057585,96/93 at 100%,96/93,1.0,realistic,adjacent_put_estimate,128477.83056147443,0.9596153846153846
2016-09-23,2026-09-18,1000000.0,1106555.890142729,2510,521,520,0.9980806142034548,9.985146854487088,0.10655589014272904,0.010191887603555383,0.439654245170802,0.02376780591439318,0.010449616768658656,-0.08690743132772594,-0.02629164694324093,-0.029594786907347764,0.030002405702246077,0.029944819510879003,0.02926447947787157,0.02920830965161846,0.04664587500000001,0.046556343570057585,96/93 at 100%,96/93,1.0,natural,adjacent_put_estimate,106555.89014272904,0.948076923076923
2016-09-23,2026-09-18,1000000.0,1265713.1342740858,2510,521,520,0.9980806142034548,9.985146854487088,0.2657131342740857,0.023879272749370406,0.5212902800964101,0.04757805051474011,0.02480197527927002,-0.15783189980959456,-0.05248048224181712,-0.05912965320949742,0.030002405702246077,0.029944819510879003,0.058453536829276134,0.0583413419409282,0.09329175000000002,0.09311268714011517,96/93 at 200%,96/93,2.0,realistic,adjacent_put_estimate,265713.13427408575,0.9596153846153846
2016-09-23,2026-09-18,1000000.0,1216991.3390878413,2510,521,520,0.9980806142034548,9.985146854487088,0.2169913390878413,0.019862059111590558,0.4373088528401404,0.047717974713299575,0.020867492781727864,-0.16930209735217572,-0.05272542273296932,-0.05918957381469553,0.030002405702246077,0.029944819510879003,0.05852895895574314,0.05841661930323692,0.09329175000000002,0.09311268714011517,96/93 at 200%,96/93,2.0,natural,adjacent_put_estimate,216991.33908784133,0.948076923076923
2016-09-23,2026-09-18,1000000.0,1195359.4036557707,2510,521,520,0.9980806142034548,9.985146854487088,0.19535940365577065,0.018031880097496567,0.5986191308501552,0.03072067681804507,0.01838998485594665,-0.1014451366087068,-0.021568124441558423,-0.030504831098794098,0.029979483461402966,0.02992194126665939,0.028732370522174387,0.028677222018293057,0.07613914038461539,0.075993,97/94 at 100%,97/94,1.0,realistic,adjacent_put_estimate,195359.4036557707,0.95
2016-09-23,2026-09-18,1000000.0,1168797.2866658103,2510,521,520,0.9980806142034548,9.985146854487088,0.1687972866658103,0.01574336900920348,0.5238982798602388,0.030800266487453664,0.016136206632013934,-0.10836086933049782,-0.021708428908644217,-0.03055351659051756,0.029979483461402966,0.02992194126665939,0.02877559214001399,0.02872036067717327,0.07613914038461539,0.075993,97/94 at 100%,97/94,1.0,natural,adjacent_put_estimate,168797.28666581027,0.9384615384615385
2016-09-23,2026-09-18,1000000.0,1414196.8156565295,2510,521,520,0.9980806142034548,9.985146854487088,0.41419681565652944,0.03531706908101784,0.5950618466438929,0.06169891776368712,0.03671467194038934,-0.19650428315794433,-0.043368148601142464,-0.061009662197588195,0.029979483461402966,0.02992194126665939,0.057464741044348774,0.057354444036586114,0.15227828076923078,0.151986,97/94 at 200%,97/94,2.0,realistic,adjacent_put_estimate,414196.8156565295,0.95
2016-09-23,2026-09-18,1000000.0,1352048.2737482279,2510,521,520,0.9980806142034548,9.985146854487088,0.3520482737482278,0.030667793170432,0.5207167065851268,0.061861806818141074,0.03221247630974776,-0.20887522687851645,-0.043643553273956526,-0.06110703318103512,0.029979483461402966,0.02992194126665939,0.05755118428002798,0.05744072135434654,0.15227828076923078,0.151986,97/94 at 200%,97/94,2.0,natural,adjacent_put_estimate,352048.27374822786,0.9384615384615385
2016-09-23,2026-09-18,1000000.0,1266754.8649438322,2510,521,520,0.9980806142034548,9.985146854487088,0.26675486494383205,0.023963636074828765,0.6144507945680524,0.03993987365205839,0.024541087100454897,-0.11093178998594566,-0.022266874591573282,-0.028089281701745187,0.029983381230508505,0.02992583155444227,0.02794036286757326,0.027886734531934923,0.12820783076923076,0.12796175047984645,98/95 at 100%,98/95,1.0,realistic,adjacent_put_estimate,266754.86494383216,0.8980769230769231
2016-09-23,2026-09-18,1000000.0,1234266.6834618798,2510,521,520,0.9980806142034548,9.985146854487088,0.23426668346187984,0.021302742065595126,0.5481580434558885,0.040016712836845096,0.02193548301418114,-0.11400417272079211,-0.02226844152884644,-0.028141712231293536,0.029983381230508505,0.02992583155444227,0.027990352347259103,0.027936628062523484,0.12820783076923076,0.12796175047984645,98/95 at 100%,98/95,1.0,natural,adjacent_put_estimate,234266.68346187985,0.8980769230769231
2016-09-23,2026-09-18,1000000.0,1578397.3069671188,2510,521,520,0.9980806142034548,9.985146854487088,0.5783973069671187,0.04676964047537835,0.6117585076667537,0.08020061487378424,0.04906340846914229,-0.21297395153501764,-0.044483041790577604,-0.056178563403490374,0.029983381230508505,0.02992583155444227,0.05588072573514652,0.055773469063869846,0.2564156615384615,0.2559235009596929,98/95 at 200%,98/95,2.0,realistic,adjacent_put_estimate,578397.3069671188,0.8980769230769231
2016-09-23,2026-09-18,1000000.0,1498503.2538038176,2510,521,520,0.9980806142034548,9.985146854487088,0.49850325380381766,0.04133843588863595,0.5458057035534132,0.08035943418516112,0.04386063751258606,-0.21841663939760192,-0.04448929571361271,-0.05628342446258707,0.029983381230508505,0.02992583155444227,0.055980704694518206,0.05587325612504697,0.2564156615384615,0.2559235009596929,98/95 at 200%,98/95,2.0,natural,adjacent_put_estimate,498503.25380381756,0.8980769230769231
2016-09-23,2026-09-18,1000000.0,1210854.9070096833,2510,521,520,0.9980806142034548,9.985146854487088,0.21085490700968323,0.019345877269047573,0.3909579203688716,0.05269560456878247,0.020601763974791604,-0.12983122485971244,-0.024653644232732086,-0.028603638693415936,0.029967188731071223,0.02990967013465842,0.026532768247167646,0.026481841628651005,0.22061522692307695,0.22019178119001917,99/96 at 100%,99/96,1.0,realistic,adjacent_put_estimate,210854.90700968332,0.8134615384615385
2016-09-23,2026-09-18,1000000.0,1174110.1659625378,2510,521,520,0.9980806142034548,9.985146854487088,0.1741101659625377,0.01620482865430306,0.33180959805342425,0.0527773910950032,0.01751204492554138,-0.13218203560389952,-0.024708458438439496,-0.028662686443759636,0.029967188731071223,0.02990967013465842,0.026592061169693853,0.026541020745183885,0.22061522692307695,0.22019178119001917,99/96 at 100%,99/96,1.0,natural,adjacent_put_estimate,174110.16596253775,0.8115384615384615
2016-09-23,2026-09-18,1000000.0,1128477.8305614744,2510,521,520,0.9980806142034548,9.985146854487088,0.12847783056147444,0.012178508245441755,0.5239577864025241,0.023699622749655123,0.012417601874484199,-0.08065597911108091,-0.02616635389205524,-0.02956482660474871,0.030002405702246077,0.029944819510879003,0.029226768414638067,0.0291706709704641,0.04664587500000001,0.046556343570057585,96/93 at 100%,96/93,1.0,realistic,call_parity_estimate,128477.83056147443,0.9596153846153846
2016-09-23,2026-09-18,1000000.0,1106555.890142729,2510,521,520,0.9980806142034548,9.985146854487088,0.10655589014272904,0.010191887603555383,0.439654245170802,0.02376780591439318,0.010449616768658656,-0.08690743132772594,-0.02629164694324093,-0.029594786907347764,0.030002405702246077,0.029944819510879003,0.02926447947787157,0.02920830965161846,0.04664587500000001,0.046556343570057585,96/93 at 100%,96/93,1.0,natural,call_parity_estimate,106555.89014272904,0.948076923076923
2016-09-23,2026-09-18,1000000.0,1265713.1342740858,2510,521,520,0.9980806142034548,9.985146854487088,0.2657131342740857,0.023879272749370406,0.5212902800964101,0.04757805051474011,0.02480197527927002,-0.15783189980959456,-0.05248048224181712,-0.05912965320949742,0.030002405702246077,0.029944819510879003,0.058453536829276134,0.0583413419409282,0.09329175000000002,0.09311268714011517,96/93 at 200%,96/93,2.0,realistic,call_parity_estimate,265713.13427408575,0.9596153846153846
2016-09-23,2026-09-18,1000000.0,1216991.3390878413,2510,521,520,0.9980806142034548,9.985146854487088,0.2169913390878413,0.019862059111590558,0.4373088528401404,0.047717974713299575,0.020867492781727864,-0.16930209735217572,-0.05272542273296932,-0.05918957381469553,0.030002405702246077,0.029944819510879003,0.05852895895574314,0.05841661930323692,0.09329175000000002,0.09311268714011517,96/93 at 200%,96/93,2.0,natural,call_parity_estimate,216991.33908784133,0.948076923076923
2016-09-23,2026-09-18,1000000.0,1195359.4036557707,2510,521,520,0.9980806142034548,9.985146854487088,0.19535940365577065,0.018031880097496567,0.5983933390018318,0.03073290029779473,0.018390362826407776,-0.1014451366087068,-0.021568124441558423,-0.030504831098794098,0.029979483461402966,0.02992194126665939,0.028732370522174387,0.028677222018293057,0.07613914038461539,0.075993,97/94 at 100%,97/94,1.0,realistic,call_parity_estimate,195359.4036557707,0.95
2016-09-23,2026-09-18,1000000.0,1168797.2866658103,2510,521,520,0.9980806142034548,9.985146854487088,0.1687972866658103,0.01574336900920348,0.5237286396704067,0.030810870976566904,0.016136535543617797,-0.10836086933049782,-0.021708428908644217,-0.03055351659051756,0.029979483461402966,0.02992194126665939,0.02877559214001399,0.02872036067717327,0.07613914038461539,0.075993,97/94 at 100%,97/94,1.0,natural,call_parity_estimate,168797.28666581027,0.9384615384615385
2016-09-23,2026-09-18,1000000.0,1414196.8156565295,2510,521,520,0.9980806142034548,9.985146854487088,0.41419681565652944,0.03531706908101784,0.5948406829882047,0.061724553077259596,0.03671627530961879,-0.19650428315794433,-0.043368148601142464,-0.061009662197588195,0.029979483461402966,0.02992194126665939,0.057464741044348774,0.057354444036586114,0.15227828076923078,0.151986,97/94 at 200%,97/94,2.0,realistic,call_parity_estimate,414196.8156565295,0.95
2016-09-23,2026-09-18,1000000.0,1352048.2737482279,2510,521,520,0.9980806142034548,9.985146854487088,0.3520482737482278,0.030667793170432,0.5205515066198085,0.061884130991039926,0.03221387762324342,-0.20887522687851645,-0.043643553273956526,-0.06110703318103512,0.029979483461402966,0.02992194126665939,0.05755118428002798,0.05744072135434654,0.15227828076923078,0.151986,97/94 at 200%,97/94,2.0,natural,call_parity_estimate,352048.27374822786,0.9384615384615385
2016-09-23,2026-09-18,1000000.0,1266754.8649438322,2510,521,520,0.9980806142034548,9.985146854487088,0.26675486494383205,0.023963636074828765,0.6144507945680524,0.03993987365205839,0.024541087100454897,-0.11093178998594566,-0.022266874591573282,-0.028089281701745187,0.029983381230508505,0.02992583155444227,0.02794036286757326,0.027886734531934923,0.12820783076923076,0.12796175047984645,98/95 at 100%,98/95,1.0,realistic,call_parity_estimate,266754.86494383216,0.8980769230769231
2016-09-23,2026-09-18,1000000.0,1234266.6834618798,2510,521,520,0.9980806142034548,9.985146854487088,0.23426668346187984,0.021302742065595126,0.5481580434558885,0.040016712836845096,0.02193548301418114,-0.11400417272079211,-0.02226844152884644,-0.028141712231293536,0.029983381230508505,0.02992583155444227,0.027990352347259103,0.027936628062523484,0.12820783076923076,0.12796175047984645,98/95 at 100%,98/95,1.0,natural,call_parity_estimate,234266.68346187985,0.8980769230769231
2016-09-23,2026-09-18,1000000.0,1578397.3069671188,2510,521,520,0.9980806142034548,9.985146854487088,0.5783973069671187,0.04676964047537835,0.6117585076667537,0.08020061487378424,0.04906340846914229,-0.21297395153501764,-0.044483041790577604,-0.056178563403490374,0.029983381230508505,0.02992583155444227,0.05588072573514652,0.055773469063869846,0.2564156615384615,0.2559235009596929,98/95 at 200%,98/95,2.0,realistic,call_parity_estimate,578397.3069671188,0.8980769230769231
2016-09-23,2026-09-18,1000000.0,1498503.2538038176,2510,521,520,0.9980806142034548,9.985146854487088,0.49850325380381766,0.04133843588863595,0.5458057035534132,0.08035943418516112,0.04386063751258606,-0.21841663939760192,-0.04448929571361271,-0.05628342446258707,0.029983381230508505,0.02992583155444227,0.055980704694518206,0.05587325612504697,0.2564156615384615,0.2559235009596929,98/95 at 200%,98/95,2.0,natural,call_parity_estimate,498503.25380381756,0.8980769230769231
2016-09-23,2026-09-18,1000000.0,1210854.9070096833,2510,521,520,0.9980806142034548,9.985146854487088,0.21085490700968323,0.019345877269047573,0.3909579203688716,0.05269560456878247,0.020601763974791604,-0.12983122485971244,-0.024653644232732086,-0.028603638693415936,0.029967188731071223,0.02990967013465842,0.026532768247167646,0.026481841628651005,0.22061522692307695,0.22019178119001917,99/96 at 100%,99/96,1.0,realistic,call_parity_estimate,210854.90700968332,0.8134615384615385
2016-09-23,2026-09-18,1000000.0,1174110.1659625378,2510,521,520,0.9980806142034548,9.985146854487088,0.1741101659625377,0.01620482865430306,0.33180959805342425,0.0527773910950032,0.01751204492554138,-0.13218203560389952,-0.024708458438439496,-0.028662686443759636,0.029967188731071223,0.02990967013465842,0.026592061169693853,0.026541020745183885,0.22061522692307695,0.22019178119001917,99/96 at 100%,99/96,1.0,natural,call_parity_estimate,174110.16596253775,0.8115384615384615
2016-09-23,2026-09-18,1000000.0,1128477.8305614744,2510,521,520,0.9980806142034548,9.985146854487088,0.12847783056147444,0.012178508245441755,0.5239577864025241,0.023699622749655123,0.012417601874484199,-0.08065597911108091,-0.02616635389205524,-0.02956482660474871,0.030002405702246077,0.029944819510879003,0.029226768414638067,0.0291706709704641,0.04664587500000001,0.046556343570057585,96/93 at 100%,96/93,1.0,realistic,bounded_adjacent_estimate,128477.83056147443,0.9596153846153846
2016-09-23,2026-09-18,1000000.0,1106555.890142729,2510,521,520,0.9980806142034548,9.985146854487088,0.10655589014272904,0.010191887603555383,0.439654245170802,0.02376780591439318,0.010449616768658656,-0.08690743132772594,-0.02629164694324093,-0.029594786907347764,0.030002405702246077,0.029944819510879003,0.02926447947787157,0.02920830965161846,0.04664587500000001,0.046556343570057585,96/93 at 100%,96/93,1.0,natural,bounded_adjacent_estimate,106555.89014272904,0.948076923076923
2016-09-23,2026-09-18,1000000.0,1265713.1342740858,2510,521,520,0.9980806142034548,9.985146854487088,0.2657131342740857,0.023879272749370406,0.5212902800964101,0.04757805051474011,0.02480197527927002,-0.15783189980959456,-0.05248048224181712,-0.05912965320949742,0.030002405702246077,0.029944819510879003,0.058453536829276134,0.0583413419409282,0.09329175000000002,0.09311268714011517,96/93 at 200%,96/93,2.0,realistic,bounded_adjacent_estimate,265713.13427408575,0.9596153846153846
2016-09-23,2026-09-18,1000000.0,1216991.3390878413,2510,521,520,0.9980806142034548,9.985146854487088,0.2169913390878413,0.019862059111590558,0.4373088528401404,0.047717974713299575,0.020867492781727864,-0.16930209735217572,-0.05272542273296932,-0.05918957381469553,0.030002405702246077,0.029944819510879003,0.05852895895574314,0.05841661930323692,0.09329175000000002,0.09311268714011517,96/93 at 200%,96/93,2.0,natural,bounded_adjacent_estimate,216991.33908784133,0.948076923076923
2016-09-23,2026-09-18,1000000.0,1195359.4036557707,2510,521,520,0.9980806142034548,9.985146854487088,0.19535940365577065,0.018031880097496567,0.5986206168755911,0.03072059643935553,0.018389982391313092,-0.1014451366087068,-0.021568124441558423,-0.030504831098794098,0.029979483461402966,0.02992194126665939,0.028732370522174387,0.028677222018293057,0.07613914038461539,0.075993,97/94 at 100%,97/94,1.0,realistic,bounded_adjacent_estimate,195359.4036557707,0.95
2016-09-23,2026-09-18,1000000.0,1168797.2866658103,2510,521,520,0.9980806142034548,9.985146854487088,0.1687972866658103,0.01574336900920348,0.5238997582954387,0.03080017414952824,0.016136203792395262,-0.10836086933049782,-0.021708428908644217,-0.03055351659051756,0.029979483461402966,0.02992194126665939,0.02877559214001399,0.02872036067717327,0.07613914038461539,0.075993,97/94 at 100%,97/94,1.0,natural,bounded_adjacent_estimate,168797.28666581027,0.9384615384615385
2016-09-23,2026-09-18,1000000.0,1414196.8156565295,2510,521,520,0.9980806142034548,9.985146854487088,0.41419681565652944,0.03531706908101784,0.5950632125670183,0.06169875981640723,0.03671466222775214,-0.19650428315794433,-0.043368148601142464,-0.061009662197588195,0.029979483461402966,0.02992194126665939,0.057464741044348774,0.057354444036586114,0.15227828076923078,0.151986,97/94 at 200%,97/94,2.0,realistic,bounded_adjacent_estimate,414196.8156565295,0.95
2016-09-23,2026-09-18,1000000.0,1352048.2737482279,2510,521,520,0.9980806142034548,9.985146854487088,0.3520482737482278,0.030667793170432,0.5207180550969148,0.06186162508088906,0.032212465097255075,-0.20887522687851645,-0.043643553273956526,-0.06110703318103512,0.029979483461402966,0.02992194126665939,0.05755118428002798,0.05744072135434654,0.15227828076923078,0.151986,97/94 at 200%,97/94,2.0,natural,bounded_adjacent_estimate,352048.27374822786,0.9384615384615385
2016-09-23,2026-09-18,1000000.0,1266754.8649438322,2510,521,520,0.9980806142034548,9.985146854487088,0.26675486494383205,0.023963636074828765,0.6144507945680524,0.03993987365205839,0.024541087100454897,-0.11093178998594566,-0.022266874591573282,-0.028089281701745187,0.029983381230508505,0.02992583155444227,0.02794036286757326,0.027886734531934923,0.12820783076923076,0.12796175047984645,98/95 at 100%,98/95,1.0,realistic,bounded_adjacent_estimate,266754.86494383216,0.8980769230769231
2016-09-23,2026-09-18,1000000.0,1234266.6834618798,2510,521,520,0.9980806142034548,9.985146854487088,0.23426668346187984,0.021302742065595126,0.5481580434558885,0.040016712836845096,0.02193548301418114,-0.11400417272079211,-0.02226844152884644,-0.028141712231293536,0.029983381230508505,0.02992583155444227,0.027990352347259103,0.027936628062523484,0.12820783076923076,0.12796175047984645,98/95 at 100%,98/95,1.0,natural,bounded_adjacent_estimate,234266.68346187985,0.8980769230769231
2016-09-23,2026-09-18,1000000.0,1578397.3069671188,2510,521,520,0.9980806142034548,9.985146854487088,0.5783973069671187,0.04676964047537835,0.6117585076667537,0.08020061487378424,0.04906340846914229,-0.21297395153501764,-0.044483041790577604,-0.056178563403490374,0.029983381230508505,0.02992583155444227,0.05588072573514652,0.055773469063869846,0.2564156615384615,0.2559235009596929,98/95 at 200%,98/95,2.0,realistic,bounded_adjacent_estimate,578397.3069671188,0.8980769230769231
2016-09-23,2026-09-18,1000000.0,1498503.2538038176,2510,521,520,0.9980806142034548,9.985146854487088,0.49850325380381766,0.04133843588863595,0.5458057035534132,0.08035943418516112,0.04386063751258606,-0.21841663939760192,-0.04448929571361271,-0.05628342446258707,0.029983381230508505,0.02992583155444227,0.055980704694518206,0.05587325612504697,0.2564156615384615,0.2559235009596929,98/95 at 200%,98/95,2.0,natural,bounded_adjacent_estimate,498503.25380381756,0.8980769230769231
2016-09-23,2026-09-18,1000000.0,1210854.9070096833,2510,521,520,0.9980806142034548,9.985146854487088,0.21085490700968323,0.019345877269047573,0.3909579203688716,0.05269560456878247,0.020601763974791604,-0.12983122485971244,-0.024653644232732086,-0.028603638693415936,0.029967188731071223,0.02990967013465842,0.026532768247167646,0.026481841628651005,0.22061522692307695,0.22019178119001917,99/96 at 100%,99/96,1.0,realistic,bounded_adjacent_estimate,210854.90700968332,0.8134615384615385
2016-09-23,2026-09-18,1000000.0,1174110.1659625378,2510,521,520,0.9980806142034548,9.985146854487088,0.1741101659625377,0.01620482865430306,0.33180959805342425,0.0527773910950032,0.01751204492554138,-0.13218203560389952,-0.024708458438439496,-0.028662686443759636,0.029967188731071223,0.02990967013465842,0.026592061169693853,0.026541020745183885,0.22061522692307695,0.22019178119001917,99/96 at 100%,99/96,1.0,natural,bounded_adjacent_estimate,174110.16596253775,0.8115384615384615
