entry_date,expiration_date,candidate_id,target_short_ratio
2016-09-23,2016-09-30,20160923_s096_w03,0.96
2016-09-30,2016-10-07,20160930_s096_w03,0.96
2016-10-07,2016-10-14,20161007_s096_w03,0.96
2016-10-14,2016-10-21,20161014_s096_w03,0.96
2016-10-21,2016-10-28,20161021_s096_w03,0.96
2016-10-28,2016-11-04,20161028_s096_w03,0.96
2016-11-04,2016-11-11,20161104_s096_w03,0.96
2016-11-11,2016-11-18,20161111_s096_w03,0.96
2016-11-18,2016-11-25,20161118_s096_w03,0.96
2016-11-25,2016-12-02,20161125_s096_w03,0.96
2016-12-02,2016-12-09,20161202_s096_w03,0.96
2016-12-09,2016-12-16,,0.96
2016-12-16,2016-12-23,20161216_s096_w03,0.96
2016-12-23,2016-12-30,20161223_s096_w03,0.96
2016-12-30,2017-01-06,20161230_s096_w03,0.96
2017-01-06,2017-01-13,20170106_s096_w03,0.96
2017-01-13,2017-01-20,20170113_s096_w03,0.96
2017-01-20,2017-01-27,20170120_s096_w03,0.96
2017-01-27,2017-02-03,20170127_s096_w03,0.96
2017-02-03,2017-02-10,20170203_s096_w03,0.96
2017-02-10,2017-02-17,20170210_s096_w03,0.96
2017-02-17,2017-02-24,20170217_s096_w03,0.96
2017-02-24,2017-03-03,20170224_s096_w03,0.96
2017-03-03,2017-03-10,20170303_s096_w03,0.96
2017-03-10,2017-03-17,20170310_s096_w03,0.96
2017-03-17,2017-03-24,20170317_s096_w03,0.96
2017-03-24,2017-03-31,20170324_s096_w03,0.96
2017-03-31,2017-04-07,20170331_s096_w03,0.96
2017-04-07,2017-04-13,20170407_s096_w03,0.96
2017-04-13,2017-04-21,20170413_s096_w03,0.96
2017-04-21,2017-04-28,20170421_s096_w03,0.96
2017-04-28,2017-05-05,20170428_s096_w03,0.96
2017-05-05,2017-05-12,20170505_s096_w03,0.96
2017-05-12,2017-05-19,20170512_s096_w03,0.96
2017-05-19,2017-05-26,20170519_s096_w03,0.96
2017-05-26,2017-06-02,20170526_s096_w03,0.96
2017-06-02,2017-06-09,20170602_s096_w03,0.96
2017-06-09,2017-06-16,20170609_s096_w03,0.96
2017-06-16,2017-06-23,20170616_s096_w03,0.96
2017-06-23,2017-06-30,20170623_s096_w03,0.96
2017-06-30,2017-07-07,20170630_s096_w03,0.96
2017-07-07,2017-07-14,20170707_s096_w03,0.96
2017-07-14,2017-07-21,20170714_s096_w03,0.96
2017-07-21,2017-07-28,20170721_s096_w03,0.96
2017-07-28,2017-08-04,20170728_s096_w03,0.96
2017-08-04,2017-08-11,20170804_s096_w03,0.96
2017-08-11,2017-08-18,20170811_s096_w03,0.96
2017-08-18,2017-08-25,20170818_s096_w03,0.96
2017-08-25,2017-09-01,20170825_s096_w03,0.96
2017-09-01,2017-09-08,20170901_s096_w03,0.96
2017-09-08,2017-09-15,20170908_s096_w03,0.96
2017-09-15,2017-09-22,20170915_s096_w03,0.96
2017-09-22,2017-09-29,20170922_s096_w03,0.96
2017-09-29,2017-10-06,20170929_s096_w03,0.96
2017-10-06,2017-10-13,20171006_s096_w03,0.96
2017-10-13,2017-10-20,20171013_s096_w03,0.96
2017-10-20,2017-10-27,20171020_s096_w03,0.96
2017-10-27,2017-11-03,20171027_s096_w03,0.96
2017-11-03,2017-11-10,20171103_s096_w03,0.96
2017-11-10,2017-11-17,20171110_s096_w03,0.96
2017-11-17,2017-11-24,20171117_s096_w03,0.96
2017-11-24,2017-12-01,20171124_s096_w03,0.96
2017-12-01,2017-12-08,20171201_s096_w03,0.96
2017-12-08,2017-12-15,20171208_s096_w03,0.96
2017-12-15,2017-12-22,20171215_s096_w03,0.96
2017-12-22,2017-12-29,20171222_s096_w03,0.96
2017-12-29,2018-01-05,20171229_s096_w03,0.96
2018-01-05,2018-01-12,20180105_s096_w03,0.96
2018-01-12,2018-01-19,20180112_s096_w03,0.96
2018-01-19,2018-01-26,20180119_s096_w03,0.96
2018-01-26,2018-02-02,20180126_s096_w03,0.96
2018-02-02,2018-02-09,20180202_s096_w03,0.96
2018-02-09,2018-02-16,20180209_s096_w03,0.96
2018-02-16,2018-02-23,20180216_s096_w03,0.96
2018-02-23,2018-03-02,20180223_s096_w03,0.96
2018-03-02,2018-03-09,20180302_s096_w03,0.96
2018-03-09,2018-03-16,20180309_s096_w03,0.96
2018-03-16,2018-03-23,20180316_s096_w03,0.96
2018-03-23,2018-03-29,20180323_s096_w03,0.96
2018-03-29,2018-04-06,20180329_s096_w03,0.96
2018-04-06,2018-04-13,20180406_s096_w03,0.96
2018-04-13,2018-04-20,20180413_s096_w03,0.96
2018-04-20,2018-04-27,20180420_s096_w03,0.96
2018-04-27,2018-05-04,20180427_s096_w03,0.96
2018-05-04,2018-05-11,20180504_s096_w03,0.96
2018-05-11,2018-05-18,20180511_s096_w03,0.96
2018-05-18,2018-05-25,20180518_s096_w03,0.96
2018-05-25,2018-06-01,20180525_s096_w03,0.96
2018-06-01,2018-06-08,20180601_s096_w03,0.96
2018-06-08,2018-06-15,20180608_s096_w03,0.96
2018-06-15,2018-06-22,20180615_s096_w03,0.96
2018-06-22,2018-06-29,20180622_s096_w03,0.96
2018-06-29,2018-07-06,20180629_s096_w03,0.96
2018-07-06,2018-07-13,20180706_s096_w03,0.96
2018-07-13,2018-07-20,20180713_s096_w03,0.96
2018-07-20,2018-07-27,20180720_s096_w03,0.96
2018-07-27,2018-08-03,20180727_s096_w03,0.96
2018-08-03,2018-08-10,20180803_s096_w03,0.96
2018-08-10,2018-08-17,20180810_s096_w03,0.96
2018-08-17,2018-08-24,20180817_s096_w03,0.96
2018-08-24,2018-08-31,20180824_s096_w03,0.96
2018-08-31,2018-09-07,20180831_s096_w03,0.96
2018-09-07,2018-09-14,20180907_s096_w03,0.96
2018-09-14,2018-09-21,20180914_s096_w03,0.96
2018-09-21,2018-09-28,20180921_s096_w03,0.96
2018-09-28,2018-10-05,20180928_s096_w03,0.96
2018-10-05,2018-10-12,20181005_s096_w03,0.96
2018-10-12,2018-10-19,20181012_s096_w03,0.96
2018-10-19,2018-10-26,20181019_s096_w03,0.96
2018-10-26,2018-11-02,20181026_s096_w03,0.96
2018-11-02,2018-11-09,20181102_s096_w03,0.96
2018-11-09,2018-11-16,20181109_s096_w03,0.96
2018-11-16,2018-11-23,20181116_s096_w03,0.96
2018-11-23,2018-11-30,20181123_s096_w03,0.96
2018-11-30,2018-12-07,20181130_s096_w03,0.96
2018-12-07,2018-12-14,20181207_s096_w03,0.96
2018-12-14,2018-12-21,20181214_s096_w03,0.96
2018-12-21,2018-12-28,20181221_s096_w03,0.96
2018-12-28,2019-01-04,20181228_s096_w03,0.96
2019-01-04,2019-01-11,20190104_s096_w03,0.96
2019-01-11,2019-01-18,20190111_s096_w03,0.96
2019-01-18,2019-01-25,20190118_s096_w03,0.96
2019-01-25,2019-02-01,20190125_s096_w03,0.96
2019-02-01,2019-02-08,20190201_s096_w03,0.96
2019-02-08,2019-02-15,20190208_s096_w03,0.96
2019-02-15,2019-02-22,20190215_s096_w03,0.96
2019-02-22,2019-03-01,20190222_s096_w03,0.96
2019-03-01,2019-03-08,20190301_s096_w03,0.96
2019-03-08,2019-03-15,20190308_s096_w03,0.96
2019-03-15,2019-03-22,20190315_s096_w03,0.96
2019-03-22,2019-03-29,20190322_s096_w03,0.96
2019-03-29,2019-04-05,20190329_s096_w03,0.96
2019-04-05,2019-04-12,20190405_s096_w03,0.96
2019-04-12,2019-04-18,20190412_s096_w03,0.96
2019-04-18,2019-04-26,20190418_s096_w03,0.96
2019-04-26,2019-05-03,20190426_s096_w03,0.96
2019-05-03,2019-05-10,20190503_s096_w03,0.96
2019-05-10,2019-05-17,20190510_s096_w03,0.96
2019-05-17,2019-05-24,20190517_s096_w03,0.96
2019-05-24,2019-05-31,20190524_s096_w03,0.96
2019-05-31,2019-06-07,20190531_s096_w03,0.96
2019-06-07,2019-06-14,20190607_s096_w03,0.96
2019-06-14,2019-06-21,20190614_s096_w03,0.96
2019-06-21,2019-06-28,20190621_s096_w03,0.96
2019-06-28,2019-07-05,20190628_s096_w03,0.96
2019-07-05,2019-07-12,20190705_s096_w03,0.96
2019-07-12,2019-07-19,20190712_s096_w03,0.96
2019-07-19,2019-07-26,20190719_s096_w03,0.96
2019-07-26,2019-08-02,20190726_s096_w03,0.96
2019-08-02,2019-08-09,20190802_s096_w03,0.96
2019-08-09,2019-08-16,20190809_s096_w03,0.96
2019-08-16,2019-08-23,20190816_s096_w03,0.96
2019-08-23,2019-08-30,20190823_s096_w03,0.96
2019-08-30,2019-09-06,20190830_s096_w03,0.96
2019-09-06,2019-09-13,20190906_s096_w03,0.96
2019-09-13,2019-09-20,20190913_s096_w03,0.96
2019-09-20,2019-09-27,20190920_s096_w03,0.96
2019-09-27,2019-10-04,20190927_s096_w03,0.96
2019-10-04,2019-10-11,20191004_s096_w03,0.96
2019-10-11,2019-10-18,20191011_s096_w03,0.96
2019-10-18,2019-10-25,20191018_s096_w03,0.96
2019-10-25,2019-11-01,20191025_s096_w03,0.96
2019-11-01,2019-11-08,20191101_s096_w03,0.96
2019-11-08,2019-11-15,20191108_s096_w03,0.96
2019-11-15,2019-11-22,20191115_s096_w03,0.96
2019-11-22,2019-11-29,20191122_s096_w03,0.96
2019-11-29,2019-12-06,20191129_s096_w03,0.96
2019-12-06,2019-12-13,20191206_s096_w03,0.96
2019-12-13,2019-12-20,20191213_s096_w03,0.96
2019-12-20,2019-12-27,20191220_s096_w03,0.96
2019-12-27,2020-01-03,20191227_s096_w03,0.96
2020-01-03,2020-01-10,20200103_s096_w03,0.96
2020-01-10,2020-01-17,20200110_s096_w03,0.96
2020-01-17,2020-01-24,20200117_s096_w03,0.96
2020-01-24,2020-01-31,20200124_s096_w03,0.96
2020-01-31,2020-02-07,20200131_s096_w03,0.96
2020-02-07,2020-02-14,20200207_s096_w03,0.96
2020-02-14,2020-02-21,20200214_s096_w03,0.96
2020-02-21,2020-02-28,20200221_s096_w03,0.96
2020-02-28,2020-03-06,20200228_s096_w03,0.96
2020-03-06,2020-03-13,20200306_s096_w03,0.96
2020-03-13,2020-03-20,20200313_s096_w03,0.96
2020-03-20,2020-03-27,20200320_s096_w03,0.96
2020-03-27,2020-04-03,20200327_s096_w03,0.96
2020-04-03,2020-04-09,20200403_s096_w03,0.96
2020-04-09,2020-04-17,20200409_s096_w03,0.96
2020-04-17,2020-04-24,20200417_s096_w03,0.96
2020-04-24,2020-05-01,20200424_s096_w03,0.96
2020-05-01,2020-05-08,20200501_s096_w03,0.96
2020-05-08,2020-05-15,20200508_s096_w03,0.96
2020-05-15,2020-05-22,20200515_s096_w03,0.96
2020-05-22,2020-05-29,20200522_s096_w03,0.96
2020-05-29,2020-06-05,20200529_s096_w03,0.96
2020-06-05,2020-06-12,20200605_s096_w03,0.96
2020-06-12,2020-06-19,20200612_s096_w03,0.96
2020-06-19,2020-06-26,20200619_s096_w03,0.96
2020-06-26,2020-07-02,20200626_s096_w03,0.96
2020-07-02,2020-07-10,20200702_s096_w03,0.96
2020-07-10,2020-07-17,20200710_s096_w03,0.96
2020-07-17,2020-07-24,20200717_s096_w03,0.96
2020-07-24,2020-07-31,20200724_s096_w03,0.96
2020-07-31,2020-08-07,20200731_s096_w03,0.96
2020-08-07,2020-08-14,20200807_s096_w03,0.96
2020-08-14,2020-08-21,20200814_s096_w03,0.96
2020-08-21,2020-08-28,20200821_s096_w03,0.96
2020-08-28,2020-09-04,20200828_s096_w03,0.96
2020-09-04,2020-09-11,20200904_s096_w03,0.96
2020-09-11,2020-09-18,20200911_s096_w03,0.96
2020-09-18,2020-09-25,20200918_s096_w03,0.96
2020-09-25,2020-10-02,20200925_s096_w03,0.96
2020-10-02,2020-10-09,20201002_s096_w03,0.96
2020-10-09,2020-10-16,20201009_s096_w03,0.96
2020-10-16,2020-10-23,20201016_s096_w03,0.96
2020-10-23,2020-10-30,20201023_s096_w03,0.96
2020-10-30,2020-11-06,20201030_s096_w03,0.96
2020-11-06,2020-11-13,20201106_s096_w03,0.96
2020-11-13,2020-11-20,20201113_s096_w03,0.96
2020-11-20,2020-11-27,20201120_s096_w03,0.96
2020-11-27,2020-12-04,20201127_s096_w03,0.96
2020-12-04,2020-12-11,20201204_s096_w03,0.96
2020-12-11,2020-12-18,20201211_s096_w03,0.96
2020-12-18,2020-12-24,20201218_s096_w03,0.96
2020-12-24,2020-12-31,20201224_s096_w03,0.96
2020-12-31,2021-01-08,20201231_s096_w03,0.96
2021-01-08,2021-01-15,20210108_s096_w03,0.96
2021-01-15,2021-01-22,20210115_s096_w03,0.96
2021-01-22,2021-01-29,20210122_s096_w03,0.96
2021-01-29,2021-02-05,20210129_s096_w03,0.96
2021-02-05,2021-02-12,20210205_s096_w03,0.96
2021-02-12,2021-02-19,20210212_s096_w03,0.96
2021-02-19,2021-02-26,20210219_s096_w03,0.96
2021-02-26,2021-03-05,20210226_s096_w03,0.96
2021-03-05,2021-03-12,20210305_s096_w03,0.96
2021-03-12,2021-03-19,20210312_s096_w03,0.96
2021-03-19,2021-03-26,20210319_s096_w03,0.96
2021-03-26,2021-04-01,20210326_s096_w03,0.96
2021-04-01,2021-04-09,20210401_s096_w03,0.96
2021-04-09,2021-04-16,20210409_s096_w03,0.96
2021-04-16,2021-04-23,20210416_s096_w03,0.96
2021-04-23,2021-04-30,20210423_s096_w03,0.96
2021-04-30,2021-05-07,20210430_s096_w03,0.96
2021-05-07,2021-05-14,20210507_s096_w03,0.96
2021-05-14,2021-05-21,20210514_s096_w03,0.96
2021-05-21,2021-05-28,20210521_s096_w03,0.96
2021-05-28,2021-06-04,20210528_s096_w03,0.96
2021-06-04,2021-06-11,20210604_s096_w03,0.96
2021-06-11,2021-06-18,20210611_s096_w03,0.96
2021-06-18,2021-06-25,20210618_s096_w03,0.96
2021-06-25,2021-07-02,20210625_s096_w03,0.96
2021-07-02,2021-07-09,20210702_s096_w03,0.96
2021-07-09,2021-07-16,20210709_s096_w03,0.96
2021-07-16,2021-07-23,20210716_s096_w03,0.96
2021-07-23,2021-07-30,20210723_s096_w03,0.96
2021-07-30,2021-08-06,20210730_s096_w03,0.96
2021-08-06,2021-08-13,20210806_s096_w03,0.96
2021-08-13,2021-08-20,20210813_s096_w03,0.96
2021-08-20,2021-08-27,20210820_s096_w03,0.96
2021-08-27,2021-09-03,20210827_s096_w03,0.96
2021-09-03,2021-09-10,20210903_s096_w03,0.96
2021-09-10,2021-09-17,20210910_s096_w03,0.96
2021-09-17,2021-09-24,20210917_s096_w03,0.96
2021-09-24,2021-10-01,20210924_s096_w03,0.96
2021-10-01,2021-10-08,20211001_s096_w03,0.96
2021-10-08,2021-10-15,20211008_s096_w03,0.96
2021-10-15,2021-10-22,20211015_s096_w03,0.96
2021-10-22,2021-10-29,20211022_s096_w03,0.96
2021-10-29,2021-11-05,20211029_s096_w03,0.96
2021-11-05,2021-11-12,20211105_s096_w03,0.96
2021-11-12,2021-11-19,20211112_s096_w03,0.96
2021-11-19,2021-11-26,20211119_s096_w03,0.96
2021-11-26,2021-12-03,20211126_s096_w03,0.96
2021-12-03,2021-12-10,20211203_s096_w03,0.96
2021-12-10,2021-12-17,20211210_s096_w03,0.96
2021-12-17,2021-12-23,20211217_s096_w03,0.96
2021-12-23,2021-12-31,20211223_s096_w03,0.96
2021-12-31,2022-01-07,20211231_s096_w03,0.96
2022-01-07,2022-01-14,20220107_s096_w03,0.96
2022-01-14,2022-01-21,20220114_s096_w03,0.96
2022-01-21,2022-01-28,20220121_s096_w03,0.96
2022-01-28,2022-02-04,20220128_s096_w03,0.96
2022-02-04,2022-02-11,20220204_s096_w03,0.96
2022-02-11,2022-02-18,20220211_s096_w03,0.96
2022-02-18,2022-02-25,20220218_s096_w03,0.96
2022-02-25,2022-03-04,20220225_s096_w03,0.96
2022-03-04,2022-03-11,20220304_s096_w03,0.96
2022-03-11,2022-03-18,20220311_s096_w03,0.96
2022-03-18,2022-03-25,20220318_s096_w03,0.96
2022-03-25,2022-04-01,20220325_s096_w03,0.96
2022-04-01,2022-04-08,20220401_s096_w03,0.96
2022-04-08,2022-04-14,20220408_s096_w03,0.96
2022-04-14,2022-04-22,20220414_s096_w03,0.96
2022-04-22,2022-04-29,20220422_s096_w03,0.96
2022-04-29,2022-05-06,20220429_s096_w03,0.96
2022-05-06,2022-05-13,20220506_s096_w03,0.96
2022-05-13,2022-05-20,20220513_s096_w03,0.96
2022-05-20,2022-05-27,20220520_s096_w03,0.96
2022-05-27,2022-06-03,20220527_s096_w03,0.96
2022-06-03,2022-06-10,20220603_s096_w03,0.96
2022-06-10,2022-06-17,20220610_s096_w03,0.96
2022-06-17,2022-06-24,20220617_s096_w03,0.96
2022-06-24,2022-07-01,20220624_s096_w03,0.96
2022-07-01,2022-07-08,20220701_s096_w03,0.96
2022-07-08,2022-07-15,20220708_s096_w03,0.96
2022-07-15,2022-07-22,20220715_s096_w03,0.96
2022-07-22,2022-07-29,20220722_s096_w03,0.96
2022-07-29,2022-08-05,20220729_s096_w03,0.96
2022-08-05,2022-08-12,20220805_s096_w03,0.96
2022-08-12,2022-08-19,20220812_s096_w03,0.96
2022-08-19,2022-08-26,20220819_s096_w03,0.96
2022-08-26,2022-09-02,20220826_s096_w03,0.96
2022-09-02,2022-09-09,20220902_s096_w03,0.96
2022-09-09,2022-09-16,20220909_s096_w03,0.96
2022-09-16,2022-09-23,20220916_s096_w03,0.96
2022-09-23,2022-09-30,20220923_s096_w03,0.96
2022-09-30,2022-10-07,20220930_s096_w03,0.96
2022-10-07,2022-10-14,20221007_s096_w03,0.96
2022-10-14,2022-10-21,20221014_s096_w03,0.96
2022-10-21,2022-10-28,20221021_s096_w03,0.96
2022-10-28,2022-11-04,20221028_s096_w03,0.96
2022-11-04,2022-11-11,20221104_s096_w03,0.96
2022-11-11,2022-11-18,20221111_s096_w03,0.96
2022-11-18,2022-11-25,20221118_s096_w03,0.96
2022-11-25,2022-12-02,20221125_s096_w03,0.96
2022-12-02,2022-12-09,20221202_s096_w03,0.96
2022-12-09,2022-12-16,20221209_s096_w03,0.96
2022-12-16,2022-12-23,20221216_s096_w03,0.96
2022-12-23,2022-12-30,20221223_s096_w03,0.96
2022-12-30,2023-01-06,20221230_s096_w03,0.96
2023-01-06,2023-01-13,20230106_s096_w03,0.96
2023-01-13,2023-01-20,20230113_s096_w03,0.96
2023-01-20,2023-01-27,20230120_s096_w03,0.96
2023-01-27,2023-02-03,20230127_s096_w03,0.96
2023-02-03,2023-02-10,20230203_s096_w03,0.96
2023-02-10,2023-02-17,20230210_s096_w03,0.96
2023-02-17,2023-02-24,20230217_s096_w03,0.96
2023-02-24,2023-03-03,20230224_s096_w03,0.96
2023-03-03,2023-03-10,20230303_s096_w03,0.96
2023-03-10,2023-03-17,20230310_s096_w03,0.96
2023-03-17,2023-03-24,20230317_s096_w03,0.96
2023-03-24,2023-03-31,20230324_s096_w03,0.96
2023-03-31,2023-04-06,20230331_s096_w03,0.96
2023-04-06,2023-04-14,20230406_s096_w03,0.96
2023-04-14,2023-04-21,20230414_s096_w03,0.96
2023-04-21,2023-04-28,20230421_s096_w03,0.96
2023-04-28,2023-05-05,20230428_s096_w03,0.96
2023-05-05,2023-05-12,20230505_s096_w03,0.96
2023-05-12,2023-05-19,20230512_s096_w03,0.96
2023-05-19,2023-05-26,20230519_s096_w03,0.96
2023-05-26,2023-06-02,20230526_s096_w03,0.96
2023-06-02,2023-06-09,20230602_s096_w03,0.96
2023-06-09,2023-06-16,20230609_s096_w03,0.96
2023-06-16,2023-06-23,20230616_s096_w03,0.96
2023-06-23,2023-06-30,20230623_s096_w03,0.96
2023-06-30,2023-07-07,20230630_s096_w03,0.96
2023-07-07,2023-07-14,20230707_s096_w03,0.96
2023-07-14,2023-07-21,20230714_s096_w03,0.96
2023-07-21,2023-07-28,20230721_s096_w03,0.96
2023-07-28,2023-08-04,20230728_s096_w03,0.96
2023-08-04,2023-08-11,20230804_s096_w03,0.96
2023-08-11,2023-08-18,20230811_s096_w03,0.96
2023-08-18,2023-08-25,20230818_s096_w03,0.96
2023-08-25,2023-09-01,20230825_s096_w03,0.96
2023-09-01,2023-09-08,20230901_s096_w03,0.96
2023-09-08,2023-09-15,20230908_s096_w03,0.96
2023-09-15,2023-09-22,20230915_s096_w03,0.96
2023-09-22,2023-09-29,20230922_s096_w03,0.96
2023-09-29,2023-10-06,20230929_s096_w03,0.96
2023-10-06,2023-10-13,20231006_s096_w03,0.96
2023-10-13,2023-10-20,20231013_s096_w03,0.96
2023-10-20,2023-10-27,20231020_s096_w03,0.96
2023-10-27,2023-11-03,20231027_s096_w03,0.96
2023-11-03,2023-11-10,20231103_s096_w03,0.96
2023-11-10,2023-11-17,20231110_s096_w03,0.96
2023-11-17,2023-11-24,20231117_s096_w03,0.96
2023-11-24,2023-12-01,20231124_s096_w03,0.96
2023-12-01,2023-12-08,20231201_s096_w03,0.96
2023-12-08,2023-12-15,20231208_s096_w03,0.96
2023-12-15,2023-12-22,20231215_s096_w03,0.96
2023-12-22,2023-12-29,20231222_s096_w03,0.96
2023-12-29,2024-01-05,20231229_s096_w03,0.96
2024-01-05,2024-01-12,20240105_s096_w03,0.96
2024-01-12,2024-01-19,20240112_s096_w03,0.96
2024-01-19,2024-01-26,20240119_s096_w03,0.96
2024-01-26,2024-02-02,20240126_s096_w03,0.96
2024-02-02,2024-02-09,20240202_s096_w03,0.96
2024-02-09,2024-02-16,20240209_s096_w03,0.96
2024-02-16,2024-02-23,20240216_s096_w03,0.96
2024-02-23,2024-03-01,20240223_s096_w03,0.96
2024-03-01,2024-03-08,20240301_s096_w03,0.96
2024-03-08,2024-03-15,20240308_s096_w03,0.96
2024-03-15,2024-03-22,20240315_s096_w03,0.96
2024-03-22,2024-03-28,20240322_s096_w03,0.96
2024-03-28,2024-04-05,20240328_s096_w03,0.96
2024-04-05,2024-04-12,20240405_s096_w03,0.96
2024-04-12,2024-04-19,20240412_s096_w03,0.96
2024-04-19,2024-04-26,20240419_s096_w03,0.96
2024-04-26,2024-05-03,20240426_s096_w03,0.96
2024-05-03,2024-05-10,20240503_s096_w03,0.96
2024-05-10,2024-05-17,20240510_s096_w03,0.96
2024-05-17,2024-05-24,20240517_s096_w03,0.96
2024-05-24,2024-05-31,20240524_s096_w03,0.96
2024-05-31,2024-06-07,20240531_s096_w03,0.96
2024-06-07,2024-06-14,20240607_s096_w03,0.96
2024-06-14,2024-06-21,20240614_s096_w03,0.96
2024-06-21,2024-06-28,20240621_s096_w03,0.96
2024-06-28,2024-07-05,20240628_s096_w03,0.96
2024-07-05,2024-07-12,20240705_s096_w03,0.96
2024-07-12,2024-07-19,20240712_s096_w03,0.96
2024-07-19,2024-07-26,20240719_s096_w03,0.96
2024-07-26,2024-08-02,20240726_s096_w03,0.96
2024-08-02,2024-08-09,20240802_s096_w03,0.96
2024-08-09,2024-08-16,20240809_s096_w03,0.96
2024-08-16,2024-08-23,20240816_s096_w03,0.96
2024-08-23,2024-08-30,20240823_s096_w03,0.96
2024-08-30,2024-09-06,20240830_s096_w03,0.96
2024-09-06,2024-09-13,20240906_s096_w03,0.96
2024-09-13,2024-09-20,20240913_s096_w03,0.96
2024-09-20,2024-09-27,20240920_s096_w03,0.96
2024-09-27,2024-10-04,20240927_s096_w03,0.96
2024-10-04,2024-10-11,20241004_s096_w03,0.96
2024-10-11,2024-10-18,20241011_s096_w03,0.96
2024-10-18,2024-10-25,20241018_s096_w03,0.96
2024-10-25,2024-11-01,20241025_s096_w03,0.96
2024-11-01,2024-11-08,20241101_s096_w03,0.96
2024-11-08,2024-11-15,20241108_s096_w03,0.96
2024-11-15,2024-11-22,20241115_s096_w03,0.96
2024-11-22,2024-11-29,20241122_s096_w03,0.96
2024-11-29,2024-12-06,20241129_s096_w03,0.96
2024-12-06,2024-12-13,20241206_s096_w03,0.96
2024-12-13,2024-12-20,20241213_s096_w03,0.96
2024-12-20,2024-12-27,20241220_s096_w03,0.96
2024-12-27,2025-01-03,20241227_s096_w03,0.96
2025-01-03,2025-01-10,20250103_s096_w03,0.96
2025-01-10,2025-01-17,20250110_s096_w03,0.96
2025-01-17,2025-01-24,20250117_s096_w03,0.96
2025-01-24,2025-01-31,20250124_s096_w03,0.96
2025-01-31,2025-02-07,20250131_s096_w03,0.96
2025-02-07,2025-02-14,20250207_s096_w03,0.96
2025-02-14,2025-02-21,20250214_s096_w03,0.96
2025-02-21,2025-02-28,20250221_s096_w03,0.96
2025-02-28,2025-03-07,20250228_s096_w03,0.96
2025-03-07,2025-03-14,20250307_s096_w03,0.96
2025-03-14,2025-03-21,20250314_s096_w03,0.96
2025-03-21,2025-03-28,20250321_s096_w03,0.96
2025-03-28,2025-04-04,20250328_s096_w03,0.96
2025-04-04,2025-04-11,20250404_s096_w03,0.96
2025-04-11,2025-04-17,20250411_s096_w03,0.96
2025-04-17,2025-04-25,20250417_s096_w03,0.96
2025-04-25,2025-05-02,20250425_s096_w03,0.96
2025-05-02,2025-05-09,20250502_s096_w03,0.96
2025-05-09,2025-05-16,20250509_s096_w03,0.96
2025-05-16,2025-05-23,20250516_s096_w03,0.96
2025-05-23,2025-05-30,20250523_s096_w03,0.96
2025-05-30,2025-06-06,20250530_s096_w03,0.96
2025-06-06,2025-06-13,20250606_s096_w03,0.96
2025-06-13,2025-06-20,20250613_s096_w03,0.96
2025-06-20,2025-06-27,20250620_s096_w03,0.96
2025-06-27,2025-07-03,20250627_s096_w03,0.96
2025-07-03,2025-07-11,20250703_s096_w03,0.96
2025-07-11,2025-07-18,20250711_s096_w03,0.96
2025-07-18,2025-07-25,20250718_s096_w03,0.96
2025-07-25,2025-08-01,20250725_s096_w03,0.96
2025-08-01,2025-08-08,20250801_s096_w03,0.96
2025-08-08,2025-08-15,20250808_s096_w03,0.96
2025-08-15,2025-08-22,20250815_s096_w03,0.96
2025-08-22,2025-08-29,20250822_s096_w03,0.96
2025-08-29,2025-09-05,20250829_s096_w03,0.96
2025-09-05,2025-09-12,20250905_s096_w03,0.96
2025-09-12,2025-09-19,20250912_s096_w03,0.96
2025-09-19,2025-09-26,20250919_s096_w03,0.96
2025-09-26,2025-10-03,20250926_s096_w03,0.96
2025-10-03,2025-10-10,20251003_s096_w03,0.96
2025-10-10,2025-10-17,20251010_s096_w03,0.96
2025-10-17,2025-10-24,20251017_s096_w03,0.96
2025-10-24,2025-10-31,20251024_s096_w03,0.96
2025-10-31,2025-11-07,20251031_s096_w03,0.96
2025-11-07,2025-11-14,20251107_s096_w03,0.96
2025-11-14,2025-11-21,20251114_s096_w03,0.96
2025-11-21,2025-11-28,20251121_s096_w03,0.96
2025-11-28,2025-12-05,20251128_s096_w03,0.96
2025-12-05,2025-12-12,20251205_s096_w03,0.96
2025-12-12,2025-12-19,20251212_s096_w03,0.96
2025-12-19,2025-12-26,20251219_s096_w03,0.96
2025-12-26,2026-01-02,20251226_s096_w03,0.96
2026-01-02,2026-01-09,20260102_s096_w03,0.96
2026-01-09,2026-01-16,20260109_s096_w03,0.96
2026-01-16,2026-01-23,20260116_s096_w03,0.96
2026-01-23,2026-01-30,20260123_s096_w03,0.96
2026-01-30,2026-02-06,20260130_s096_w03,0.96
2026-02-06,2026-02-13,20260206_s096_w03,0.96
2026-02-13,2026-02-20,20260213_s096_w03,0.96
2026-02-20,2026-02-27,20260220_s096_w03,0.96
2026-02-27,2026-03-06,20260227_s096_w03,0.96
2026-03-06,2026-03-13,20260306_s096_w03,0.96
2026-03-13,2026-03-20,20260313_s096_w03,0.96
2026-03-20,2026-03-27,20260320_s096_w03,0.96
2026-03-27,2026-04-02,20260327_s096_w03,0.96
2026-04-02,2026-04-10,20260402_s096_w03,0.96
2026-04-10,2026-04-17,20260410_s096_w03,0.96
2026-04-17,2026-04-24,20260417_s096_w03,0.96
2026-04-24,2026-05-01,20260424_s096_w03,0.96
2026-05-01,2026-05-08,20260501_s096_w03,0.96
2026-05-08,2026-05-15,20260508_s096_w03,0.96
2026-05-15,2026-05-22,20260515_s096_w03,0.96
2026-05-22,2026-05-29,20260522_s096_w03,0.96
2026-05-29,2026-06-05,20260529_s096_w03,0.96
2026-06-05,2026-06-12,20260605_s096_w03,0.96
2026-06-12,2026-06-18,20260612_s096_w03,0.96
2026-06-18,2026-06-26,20260618_s096_w03,0.96
2026-06-26,2026-07-02,20260626_s096_w03,0.96
2026-07-02,2026-07-10,20260702_s096_w03,0.96
2026-07-10,2026-07-17,20260710_s096_w03,0.96
2026-07-17,2026-07-24,20260717_s096_w03,0.96
2026-07-24,2026-07-31,20260724_s096_w03,0.96
2026-07-31,2026-08-07,20260731_s096_w03,0.96
2026-08-07,2026-08-14,20260807_s096_w03,0.96
2026-08-14,2026-08-21,20260814_s096_w03,0.96
2026-08-21,2026-08-28,20260821_s096_w03,0.96
2026-08-28,2026-09-04,20260828_s096_w03,0.96
2026-09-04,2026-09-11,20260904_s096_w03,0.96
2026-09-11,2026-09-18,20260911_s096_w03,0.96
2016-09-23,2016-09-30,20160923_s097_w03,0.97
2016-09-30,2016-10-07,20160930_s097_w03,0.97
2016-10-07,2016-10-14,20161007_s097_w03,0.97
2016-10-14,2016-10-21,20161014_s097_w03,0.97
2016-10-21,2016-10-28,20161021_s097_w03,0.97
2016-10-28,2016-11-04,20161028_s097_w03,0.97
2016-11-04,2016-11-11,20161104_s097_w03,0.97
2016-11-11,2016-11-18,20161111_s097_w03,0.97
2016-11-18,2016-11-25,20161118_s097_w03,0.97
2016-11-25,2016-12-02,20161125_s097_w03,0.97
2016-12-02,2016-12-09,20161202_s097_w03,0.97
2016-12-09,2016-12-16,,0.97
2016-12-16,2016-12-23,20161216_s097_w03,0.97
2016-12-23,2016-12-30,20161223_s097_w03,0.97
2016-12-30,2017-01-06,20161230_s097_w03,0.97
2017-01-06,2017-01-13,20170106_s097_w03,0.97
2017-01-13,2017-01-20,20170113_s097_w03,0.97
2017-01-20,2017-01-27,20170120_s097_w03,0.97
2017-01-27,2017-02-03,20170127_s097_w03,0.97
2017-02-03,2017-02-10,20170203_s097_w03,0.97
2017-02-10,2017-02-17,20170210_s097_w03,0.97
2017-02-17,2017-02-24,20170217_s097_w03,0.97
2017-02-24,2017-03-03,20170224_s097_w03,0.97
2017-03-03,2017-03-10,20170303_s097_w03,0.97
2017-03-10,2017-03-17,20170310_s097_w03,0.97
2017-03-17,2017-03-24,20170317_s097_w03,0.97
2017-03-24,2017-03-31,20170324_s097_w03,0.97
2017-03-31,2017-04-07,20170331_s097_w03,0.97
2017-04-07,2017-04-13,20170407_s097_w03,0.97
2017-04-13,2017-04-21,20170413_s097_w03,0.97
2017-04-21,2017-04-28,20170421_s097_w03,0.97
2017-04-28,2017-05-05,20170428_s097_w03,0.97
2017-05-05,2017-05-12,20170505_s097_w03,0.97
2017-05-12,2017-05-19,20170512_s097_w03,0.97
2017-05-19,2017-05-26,20170519_s097_w03,0.97
2017-05-26,2017-06-02,20170526_s097_w03,0.97
2017-06-02,2017-06-09,20170602_s097_w03,0.97
2017-06-09,2017-06-16,20170609_s097_w03,0.97
2017-06-16,2017-06-23,20170616_s097_w03,0.97
2017-06-23,2017-06-30,20170623_s097_w03,0.97
2017-06-30,2017-07-07,20170630_s097_w03,0.97
2017-07-07,2017-07-14,20170707_s097_w03,0.97
2017-07-14,2017-07-21,20170714_s097_w03,0.97
2017-07-21,2017-07-28,20170721_s097_w03,0.97
2017-07-28,2017-08-04,20170728_s097_w03,0.97
2017-08-04,2017-08-11,20170804_s097_w03,0.97
2017-08-11,2017-08-18,20170811_s097_w03,0.97
2017-08-18,2017-08-25,20170818_s097_w03,0.97
2017-08-25,2017-09-01,20170825_s097_w03,0.97
2017-09-01,2017-09-08,20170901_s097_w03,0.97
2017-09-08,2017-09-15,20170908_s097_w03,0.97
2017-09-15,2017-09-22,20170915_s097_w03,0.97
2017-09-22,2017-09-29,20170922_s097_w03,0.97
2017-09-29,2017-10-06,20170929_s097_w03,0.97
2017-10-06,2017-10-13,20171006_s097_w03,0.97
2017-10-13,2017-10-20,20171013_s097_w03,0.97
2017-10-20,2017-10-27,20171020_s097_w03,0.97
2017-10-27,2017-11-03,20171027_s097_w03,0.97
2017-11-03,2017-11-10,20171103_s097_w03,0.97
2017-11-10,2017-11-17,20171110_s097_w03,0.97
2017-11-17,2017-11-24,20171117_s097_w03,0.97
2017-11-24,2017-12-01,20171124_s097_w03,0.97
2017-12-01,2017-12-08,20171201_s097_w03,0.97
2017-12-08,2017-12-15,20171208_s097_w03,0.97
2017-12-15,2017-12-22,20171215_s097_w03,0.97
2017-12-22,2017-12-29,20171222_s097_w03,0.97
2017-12-29,2018-01-05,20171229_s097_w03,0.97
2018-01-05,2018-01-12,20180105_s097_w03,0.97
2018-01-12,2018-01-19,20180112_s097_w03,0.97
2018-01-19,2018-01-26,20180119_s097_w03,0.97
2018-01-26,2018-02-02,20180126_s097_w03,0.97
2018-02-02,2018-02-09,20180202_s097_w03,0.97
2018-02-09,2018-02-16,20180209_s097_w03,0.97
2018-02-16,2018-02-23,20180216_s097_w03,0.97
2018-02-23,2018-03-02,20180223_s097_w03,0.97
2018-03-02,2018-03-09,20180302_s097_w03,0.97
2018-03-09,2018-03-16,20180309_s097_w03,0.97
2018-03-16,2018-03-23,20180316_s097_w03,0.97
2018-03-23,2018-03-29,20180323_s097_w03,0.97
2018-03-29,2018-04-06,20180329_s097_w03,0.97
2018-04-06,2018-04-13,20180406_s097_w03,0.97
2018-04-13,2018-04-20,20180413_s097_w03,0.97
2018-04-20,2018-04-27,20180420_s097_w03,0.97
2018-04-27,2018-05-04,20180427_s097_w03,0.97
2018-05-04,2018-05-11,20180504_s097_w03,0.97
2018-05-11,2018-05-18,20180511_s097_w03,0.97
2018-05-18,2018-05-25,20180518_s097_w03,0.97
2018-05-25,2018-06-01,20180525_s097_w03,0.97
2018-06-01,2018-06-08,20180601_s097_w03,0.97
2018-06-08,2018-06-15,20180608_s097_w03,0.97
2018-06-15,2018-06-22,20180615_s097_w03,0.97
2018-06-22,2018-06-29,20180622_s097_w03,0.97
2018-06-29,2018-07-06,20180629_s097_w03,0.97
2018-07-06,2018-07-13,20180706_s097_w03,0.97
2018-07-13,2018-07-20,20180713_s097_w03,0.97
2018-07-20,2018-07-27,20180720_s097_w03,0.97
2018-07-27,2018-08-03,20180727_s097_w03,0.97
2018-08-03,2018-08-10,20180803_s097_w03,0.97
2018-08-10,2018-08-17,20180810_s097_w03,0.97
2018-08-17,2018-08-24,20180817_s097_w03,0.97
2018-08-24,2018-08-31,20180824_s097_w03,0.97
2018-08-31,2018-09-07,20180831_s097_w03,0.97
2018-09-07,2018-09-14,20180907_s097_w03,0.97
2018-09-14,2018-09-21,20180914_s097_w03,0.97
2018-09-21,2018-09-28,20180921_s097_w03,0.97
2018-09-28,2018-10-05,20180928_s097_w03,0.97
2018-10-05,2018-10-12,20181005_s097_w03,0.97
2018-10-12,2018-10-19,20181012_s097_w03,0.97
2018-10-19,2018-10-26,20181019_s097_w03,0.97
2018-10-26,2018-11-02,20181026_s097_w03,0.97
2018-11-02,2018-11-09,20181102_s097_w03,0.97
2018-11-09,2018-11-16,20181109_s097_w03,0.97
2018-11-16,2018-11-23,20181116_s097_w03,0.97
2018-11-23,2018-11-30,20181123_s097_w03,0.97
2018-11-30,2018-12-07,20181130_s097_w03,0.97
2018-12-07,2018-12-14,20181207_s097_w03,0.97
2018-12-14,2018-12-21,20181214_s097_w03,0.97
2018-12-21,2018-12-28,20181221_s097_w03,0.97
2018-12-28,2019-01-04,20181228_s097_w03,0.97
2019-01-04,2019-01-11,20190104_s097_w03,0.97
2019-01-11,2019-01-18,20190111_s097_w03,0.97
2019-01-18,2019-01-25,20190118_s097_w03,0.97
2019-01-25,2019-02-01,20190125_s097_w03,0.97
2019-02-01,2019-02-08,20190201_s097_w03,0.97
2019-02-08,2019-02-15,20190208_s097_w03,0.97
2019-02-15,2019-02-22,20190215_s097_w03,0.97
2019-02-22,2019-03-01,20190222_s097_w03,0.97
2019-03-01,2019-03-08,20190301_s097_w03,0.97
2019-03-08,2019-03-15,20190308_s097_w03,0.97
2019-03-15,2019-03-22,20190315_s097_w03,0.97
2019-03-22,2019-03-29,20190322_s097_w03,0.97
2019-03-29,2019-04-05,20190329_s097_w03,0.97
2019-04-05,2019-04-12,20190405_s097_w03,0.97
2019-04-12,2019-04-18,20190412_s097_w03,0.97
2019-04-18,2019-04-26,20190418_s097_w03,0.97
2019-04-26,2019-05-03,20190426_s097_w03,0.97
2019-05-03,2019-05-10,20190503_s097_w03,0.97
2019-05-10,2019-05-17,20190510_s097_w03,0.97
2019-05-17,2019-05-24,20190517_s097_w03,0.97
2019-05-24,2019-05-31,20190524_s097_w03,0.97
2019-05-31,2019-06-07,20190531_s097_w03,0.97
2019-06-07,2019-06-14,20190607_s097_w03,0.97
2019-06-14,2019-06-21,20190614_s097_w03,0.97
2019-06-21,2019-06-28,20190621_s097_w03,0.97
2019-06-28,2019-07-05,20190628_s097_w03,0.97
2019-07-05,2019-07-12,20190705_s097_w03,0.97
2019-07-12,2019-07-19,20190712_s097_w03,0.97
2019-07-19,2019-07-26,20190719_s097_w03,0.97
2019-07-26,2019-08-02,20190726_s097_w03,0.97
2019-08-02,2019-08-09,20190802_s097_w03,0.97
2019-08-09,2019-08-16,20190809_s097_w03,0.97
2019-08-16,2019-08-23,20190816_s097_w03,0.97
2019-08-23,2019-08-30,20190823_s097_w03,0.97
2019-08-30,2019-09-06,20190830_s097_w03,0.97
2019-09-06,2019-09-13,20190906_s097_w03,0.97
2019-09-13,2019-09-20,20190913_s097_w03,0.97
2019-09-20,2019-09-27,20190920_s097_w03,0.97
2019-09-27,2019-10-04,20190927_s097_w03,0.97
2019-10-04,2019-10-11,20191004_s097_w03,0.97
2019-10-11,2019-10-18,20191011_s097_w03,0.97
2019-10-18,2019-10-25,20191018_s097_w03,0.97
2019-10-25,2019-11-01,20191025_s097_w03,0.97
2019-11-01,2019-11-08,20191101_s097_w03,0.97
2019-11-08,2019-11-15,20191108_s097_w03,0.97
2019-11-15,2019-11-22,20191115_s097_w03,0.97
2019-11-22,2019-11-29,20191122_s097_w03,0.97
2019-11-29,2019-12-06,20191129_s097_w03,0.97
2019-12-06,2019-12-13,20191206_s097_w03,0.97
2019-12-13,2019-12-20,20191213_s097_w03,0.97
2019-12-20,2019-12-27,20191220_s097_w03,0.97
2019-12-27,2020-01-03,20191227_s097_w03,0.97
2020-01-03,2020-01-10,20200103_s097_w03,0.97
2020-01-10,2020-01-17,20200110_s097_w03,0.97
2020-01-17,2020-01-24,20200117_s097_w03,0.97
2020-01-24,2020-01-31,20200124_s097_w03,0.97
2020-01-31,2020-02-07,20200131_s097_w03,0.97
2020-02-07,2020-02-14,20200207_s097_w03,0.97
2020-02-14,2020-02-21,20200214_s097_w03,0.97
2020-02-21,2020-02-28,20200221_s097_w03,0.97
2020-02-28,2020-03-06,20200228_s097_w03,0.97
2020-03-06,2020-03-13,20200306_s097_w03,0.97
2020-03-13,2020-03-20,20200313_s097_w03,0.97
2020-03-20,2020-03-27,20200320_s097_w03,0.97
2020-03-27,2020-04-03,20200327_s097_w03,0.97
2020-04-03,2020-04-09,20200403_s097_w03,0.97
2020-04-09,2020-04-17,20200409_s097_w03,0.97
2020-04-17,2020-04-24,20200417_s097_w03,0.97
2020-04-24,2020-05-01,20200424_s097_w03,0.97
2020-05-01,2020-05-08,20200501_s097_w03,0.97
2020-05-08,2020-05-15,20200508_s097_w03,0.97
2020-05-15,2020-05-22,20200515_s097_w03,0.97
2020-05-22,2020-05-29,20200522_s097_w03,0.97
2020-05-29,2020-06-05,20200529_s097_w03,0.97
2020-06-05,2020-06-12,20200605_s097_w03,0.97
2020-06-12,2020-06-19,20200612_s097_w03,0.97
2020-06-19,2020-06-26,20200619_s097_w03,0.97
2020-06-26,2020-07-02,20200626_s097_w03,0.97
2020-07-02,2020-07-10,20200702_s097_w03,0.97
2020-07-10,2020-07-17,20200710_s097_w03,0.97
2020-07-17,2020-07-24,20200717_s097_w03,0.97
2020-07-24,2020-07-31,20200724_s097_w03,0.97
2020-07-31,2020-08-07,20200731_s097_w03,0.97
2020-08-07,2020-08-14,20200807_s097_w03,0.97
2020-08-14,2020-08-21,20200814_s097_w03,0.97
2020-08-21,2020-08-28,20200821_s097_w03,0.97
2020-08-28,2020-09-04,20200828_s097_w03,0.97
2020-09-04,2020-09-11,20200904_s097_w03,0.97
2020-09-11,2020-09-18,20200911_s097_w03,0.97
2020-09-18,2020-09-25,20200918_s097_w03,0.97
2020-09-25,2020-10-02,20200925_s097_w03,0.97
2020-10-02,2020-10-09,20201002_s097_w03,0.97
2020-10-09,2020-10-16,20201009_s097_w03,0.97
2020-10-16,2020-10-23,20201016_s097_w03,0.97
2020-10-23,2020-10-30,20201023_s097_w03,0.97
2020-10-30,2020-11-06,20201030_s097_w03,0.97
2020-11-06,2020-11-13,20201106_s097_w03,0.97
2020-11-13,2020-11-20,20201113_s097_w03,0.97
2020-11-20,2020-11-27,20201120_s097_w03,0.97
2020-11-27,2020-12-04,20201127_s097_w03,0.97
2020-12-04,2020-12-11,20201204_s097_w03,0.97
2020-12-11,2020-12-18,20201211_s097_w03,0.97
2020-12-18,2020-12-24,20201218_s097_w03,0.97
2020-12-24,2020-12-31,20201224_s097_w03,0.97
2020-12-31,2021-01-08,20201231_s097_w03,0.97
2021-01-08,2021-01-15,20210108_s097_w03,0.97
2021-01-15,2021-01-22,20210115_s097_w03,0.97
2021-01-22,2021-01-29,20210122_s097_w03,0.97
2021-01-29,2021-02-05,20210129_s097_w03,0.97
2021-02-05,2021-02-12,20210205_s097_w03,0.97
2021-02-12,2021-02-19,20210212_s097_w03,0.97
2021-02-19,2021-02-26,20210219_s097_w03,0.97
2021-02-26,2021-03-05,20210226_s097_w03,0.97
2021-03-05,2021-03-12,20210305_s097_w03,0.97
2021-03-12,2021-03-19,20210312_s097_w03,0.97
2021-03-19,2021-03-26,20210319_s097_w03,0.97
2021-03-26,2021-04-01,20210326_s097_w03,0.97
2021-04-01,2021-04-09,20210401_s097_w03,0.97
2021-04-09,2021-04-16,20210409_s097_w03,0.97
2021-04-16,2021-04-23,20210416_s097_w03,0.97
2021-04-23,2021-04-30,20210423_s097_w03,0.97
2021-04-30,2021-05-07,20210430_s097_w03,0.97
2021-05-07,2021-05-14,20210507_s097_w03,0.97
2021-05-14,2021-05-21,20210514_s097_w03,0.97
2021-05-21,2021-05-28,20210521_s097_w03,0.97
2021-05-28,2021-06-04,20210528_s097_w03,0.97
2021-06-04,2021-06-11,20210604_s097_w03,0.97
2021-06-11,2021-06-18,20210611_s097_w03,0.97
2021-06-18,2021-06-25,20210618_s097_w03,0.97
2021-06-25,2021-07-02,20210625_s097_w03,0.97
2021-07-02,2021-07-09,20210702_s097_w03,0.97
2021-07-09,2021-07-16,20210709_s097_w03,0.97
2021-07-16,2021-07-23,20210716_s097_w03,0.97
2021-07-23,2021-07-30,20210723_s097_w03,0.97
2021-07-30,2021-08-06,20210730_s097_w03,0.97
2021-08-06,2021-08-13,20210806_s097_w03,0.97
2021-08-13,2021-08-20,20210813_s097_w03,0.97
2021-08-20,2021-08-27,20210820_s097_w03,0.97
2021-08-27,2021-09-03,20210827_s097_w03,0.97
2021-09-03,2021-09-10,20210903_s097_w03,0.97
2021-09-10,2021-09-17,20210910_s097_w03,0.97
2021-09-17,2021-09-24,20210917_s097_w03,0.97
2021-09-24,2021-10-01,20210924_s097_w03,0.97
2021-10-01,2021-10-08,20211001_s097_w03,0.97
2021-10-08,2021-10-15,20211008_s097_w03,0.97
2021-10-15,2021-10-22,20211015_s097_w03,0.97
2021-10-22,2021-10-29,20211022_s097_w03,0.97
2021-10-29,2021-11-05,20211029_s097_w03,0.97
2021-11-05,2021-11-12,20211105_s097_w03,0.97
2021-11-12,2021-11-19,20211112_s097_w03,0.97
2021-11-19,2021-11-26,20211119_s097_w03,0.97
2021-11-26,2021-12-03,20211126_s097_w03,0.97
2021-12-03,2021-12-10,20211203_s097_w03,0.97
2021-12-10,2021-12-17,20211210_s097_w03,0.97
2021-12-17,2021-12-23,20211217_s097_w03,0.97
2021-12-23,2021-12-31,20211223_s097_w03,0.97
2021-12-31,2022-01-07,20211231_s097_w03,0.97
2022-01-07,2022-01-14,20220107_s097_w03,0.97
2022-01-14,2022-01-21,20220114_s097_w03,0.97
2022-01-21,2022-01-28,20220121_s097_w03,0.97
2022-01-28,2022-02-04,20220128_s097_w03,0.97
2022-02-04,2022-02-11,20220204_s097_w03,0.97
2022-02-11,2022-02-18,20220211_s097_w03,0.97
2022-02-18,2022-02-25,20220218_s097_w03,0.97
2022-02-25,2022-03-04,20220225_s097_w03,0.97
2022-03-04,2022-03-11,20220304_s097_w03,0.97
2022-03-11,2022-03-18,20220311_s097_w03,0.97
2022-03-18,2022-03-25,20220318_s097_w03,0.97
2022-03-25,2022-04-01,20220325_s097_w03,0.97
2022-04-01,2022-04-08,20220401_s097_w03,0.97
2022-04-08,2022-04-14,20220408_s097_w03,0.97
2022-04-14,2022-04-22,20220414_s097_w03,0.97
2022-04-22,2022-04-29,20220422_s097_w03,0.97
2022-04-29,2022-05-06,20220429_s097_w03,0.97
2022-05-06,2022-05-13,20220506_s097_w03,0.97
2022-05-13,2022-05-20,20220513_s097_w03,0.97
2022-05-20,2022-05-27,20220520_s097_w03,0.97
2022-05-27,2022-06-03,20220527_s097_w03,0.97
2022-06-03,2022-06-10,20220603_s097_w03,0.97
2022-06-10,2022-06-17,20220610_s097_w03,0.97
2022-06-17,2022-06-24,20220617_s097_w03,0.97
2022-06-24,2022-07-01,20220624_s097_w03,0.97
2022-07-01,2022-07-08,20220701_s097_w03,0.97
2022-07-08,2022-07-15,20220708_s097_w03,0.97
2022-07-15,2022-07-22,20220715_s097_w03,0.97
2022-07-22,2022-07-29,20220722_s097_w03,0.97
2022-07-29,2022-08-05,20220729_s097_w03,0.97
2022-08-05,2022-08-12,20220805_s097_w03,0.97
2022-08-12,2022-08-19,20220812_s097_w03,0.97
2022-08-19,2022-08-26,20220819_s097_w03,0.97
2022-08-26,2022-09-02,20220826_s097_w03,0.97
2022-09-02,2022-09-09,20220902_s097_w03,0.97
2022-09-09,2022-09-16,20220909_s097_w03,0.97
2022-09-16,2022-09-23,20220916_s097_w03,0.97
2022-09-23,2022-09-30,20220923_s097_w03,0.97
2022-09-30,2022-10-07,20220930_s097_w03,0.97
2022-10-07,2022-10-14,20221007_s097_w03,0.97
2022-10-14,2022-10-21,20221014_s097_w03,0.97
2022-10-21,2022-10-28,20221021_s097_w03,0.97
2022-10-28,2022-11-04,20221028_s097_w03,0.97
2022-11-04,2022-11-11,20221104_s097_w03,0.97
2022-11-11,2022-11-18,20221111_s097_w03,0.97
2022-11-18,2022-11-25,20221118_s097_w03,0.97
2022-11-25,2022-12-02,20221125_s097_w03,0.97
2022-12-02,2022-12-09,20221202_s097_w03,0.97
2022-12-09,2022-12-16,20221209_s097_w03,0.97
2022-12-16,2022-12-23,20221216_s097_w03,0.97
2022-12-23,2022-12-30,20221223_s097_w03,0.97
2022-12-30,2023-01-06,20221230_s097_w03,0.97
2023-01-06,2023-01-13,20230106_s097_w03,0.97
2023-01-13,2023-01-20,20230113_s097_w03,0.97
2023-01-20,2023-01-27,20230120_s097_w03,0.97
2023-01-27,2023-02-03,20230127_s097_w03,0.97
2023-02-03,2023-02-10,20230203_s097_w03,0.97
2023-02-10,2023-02-17,20230210_s097_w03,0.97
2023-02-17,2023-02-24,20230217_s097_w03,0.97
2023-02-24,2023-03-03,20230224_s097_w03,0.97
2023-03-03,2023-03-10,20230303_s097_w03,0.97
2023-03-10,2023-03-17,20230310_s097_w03,0.97
2023-03-17,2023-03-24,20230317_s097_w03,0.97
2023-03-24,2023-03-31,20230324_s097_w03,0.97
2023-03-31,2023-04-06,20230331_s097_w03,0.97
2023-04-06,2023-04-14,20230406_s097_w03,0.97
2023-04-14,2023-04-21,20230414_s097_w03,0.97
2023-04-21,2023-04-28,20230421_s097_w03,0.97
2023-04-28,2023-05-05,20230428_s097_w03,0.97
2023-05-05,2023-05-12,20230505_s097_w03,0.97
2023-05-12,2023-05-19,20230512_s097_w03,0.97
2023-05-19,2023-05-26,20230519_s097_w03,0.97
2023-05-26,2023-06-02,20230526_s097_w03,0.97
2023-06-02,2023-06-09,20230602_s097_w03,0.97
2023-06-09,2023-06-16,20230609_s097_w03,0.97
2023-06-16,2023-06-23,20230616_s097_w03,0.97
2023-06-23,2023-06-30,20230623_s097_w03,0.97
2023-06-30,2023-07-07,20230630_s097_w03,0.97
2023-07-07,2023-07-14,20230707_s097_w03,0.97
2023-07-14,2023-07-21,20230714_s097_w03,0.97
2023-07-21,2023-07-28,20230721_s097_w03,0.97
2023-07-28,2023-08-04,20230728_s097_w03,0.97
2023-08-04,2023-08-11,20230804_s097_w03,0.97
2023-08-11,2023-08-18,20230811_s097_w03,0.97
2023-08-18,2023-08-25,20230818_s097_w03,0.97
2023-08-25,2023-09-01,20230825_s097_w03,0.97
2023-09-01,2023-09-08,20230901_s097_w03,0.97
2023-09-08,2023-09-15,20230908_s097_w03,0.97
2023-09-15,2023-09-22,20230915_s097_w03,0.97
2023-09-22,2023-09-29,20230922_s097_w03,0.97
2023-09-29,2023-10-06,20230929_s097_w03,0.97
2023-10-06,2023-10-13,20231006_s097_w03,0.97
2023-10-13,2023-10-20,20231013_s097_w03,0.97
2023-10-20,2023-10-27,20231020_s097_w03,0.97
2023-10-27,2023-11-03,20231027_s097_w03,0.97
2023-11-03,2023-11-10,20231103_s097_w03,0.97
2023-11-10,2023-11-17,20231110_s097_w03,0.97
2023-11-17,2023-11-24,20231117_s097_w03,0.97
2023-11-24,2023-12-01,20231124_s097_w03,0.97
2023-12-01,2023-12-08,20231201_s097_w03,0.97
2023-12-08,2023-12-15,20231208_s097_w03,0.97
2023-12-15,2023-12-22,20231215_s097_w03,0.97
2023-12-22,2023-12-29,20231222_s097_w03,0.97
2023-12-29,2024-01-05,20231229_s097_w03,0.97
2024-01-05,2024-01-12,20240105_s097_w03,0.97
2024-01-12,2024-01-19,20240112_s097_w03,0.97
2024-01-19,2024-01-26,20240119_s097_w03,0.97
2024-01-26,2024-02-02,20240126_s097_w03,0.97
2024-02-02,2024-02-09,20240202_s097_w03,0.97
2024-02-09,2024-02-16,20240209_s097_w03,0.97
2024-02-16,2024-02-23,20240216_s097_w03,0.97
2024-02-23,2024-03-01,20240223_s097_w03,0.97
2024-03-01,2024-03-08,20240301_s097_w03,0.97
2024-03-08,2024-03-15,20240308_s097_w03,0.97
2024-03-15,2024-03-22,20240315_s097_w03,0.97
2024-03-22,2024-03-28,20240322_s097_w03,0.97
2024-03-28,2024-04-05,20240328_s097_w03,0.97
2024-04-05,2024-04-12,20240405_s097_w03,0.97
2024-04-12,2024-04-19,20240412_s097_w03,0.97
2024-04-19,2024-04-26,20240419_s097_w03,0.97
2024-04-26,2024-05-03,20240426_s097_w03,0.97
2024-05-03,2024-05-10,20240503_s097_w03,0.97
2024-05-10,2024-05-17,20240510_s097_w03,0.97
2024-05-17,2024-05-24,20240517_s097_w03,0.97
2024-05-24,2024-05-31,20240524_s097_w03,0.97
2024-05-31,2024-06-07,20240531_s097_w03,0.97
2024-06-07,2024-06-14,20240607_s097_w03,0.97
2024-06-14,2024-06-21,20240614_s097_w03,0.97
2024-06-21,2024-06-28,20240621_s097_w03,0.97
2024-06-28,2024-07-05,20240628_s097_w03,0.97
2024-07-05,2024-07-12,20240705_s097_w03,0.97
2024-07-12,2024-07-19,20240712_s097_w03,0.97
2024-07-19,2024-07-26,20240719_s097_w03,0.97
2024-07-26,2024-08-02,20240726_s097_w03,0.97
2024-08-02,2024-08-09,20240802_s097_w03,0.97
2024-08-09,2024-08-16,20240809_s097_w03,0.97
2024-08-16,2024-08-23,20240816_s097_w03,0.97
2024-08-23,2024-08-30,20240823_s097_w03,0.97
2024-08-30,2024-09-06,20240830_s097_w03,0.97
2024-09-06,2024-09-13,20240906_s097_w03,0.97
2024-09-13,2024-09-20,20240913_s097_w03,0.97
2024-09-20,2024-09-27,20240920_s097_w03,0.97
2024-09-27,2024-10-04,20240927_s097_w03,0.97
2024-10-04,2024-10-11,20241004_s097_w03,0.97
2024-10-11,2024-10-18,20241011_s097_w03,0.97
2024-10-18,2024-10-25,20241018_s097_w03,0.97
2024-10-25,2024-11-01,20241025_s097_w03,0.97
2024-11-01,2024-11-08,20241101_s097_w03,0.97
2024-11-08,2024-11-15,20241108_s097_w03,0.97
2024-11-15,2024-11-22,20241115_s097_w03,0.97
2024-11-22,2024-11-29,20241122_s097_w03,0.97
2024-11-29,2024-12-06,20241129_s097_w03,0.97
2024-12-06,2024-12-13,20241206_s097_w03,0.97
2024-12-13,2024-12-20,20241213_s097_w03,0.97
2024-12-20,2024-12-27,20241220_s097_w03,0.97
2024-12-27,2025-01-03,20241227_s097_w03,0.97
2025-01-03,2025-01-10,20250103_s097_w03,0.97
2025-01-10,2025-01-17,20250110_s097_w03,0.97
2025-01-17,2025-01-24,20250117_s097_w03,0.97
2025-01-24,2025-01-31,20250124_s097_w03,0.97
2025-01-31,2025-02-07,20250131_s097_w03,0.97
2025-02-07,2025-02-14,20250207_s097_w03,0.97
2025-02-14,2025-02-21,20250214_s097_w03,0.97
2025-02-21,2025-02-28,20250221_s097_w03,0.97
2025-02-28,2025-03-07,20250228_s097_w03,0.97
2025-03-07,2025-03-14,20250307_s097_w03,0.97
2025-03-14,2025-03-21,20250314_s097_w03,0.97
2025-03-21,2025-03-28,20250321_s097_w03,0.97
2025-03-28,2025-04-04,20250328_s097_w03,0.97
2025-04-04,2025-04-11,20250404_s097_w03,0.97
2025-04-11,2025-04-17,20250411_s097_w03,0.97
2025-04-17,2025-04-25,20250417_s097_w03,0.97
2025-04-25,2025-05-02,20250425_s097_w03,0.97
2025-05-02,2025-05-09,20250502_s097_w03,0.97
2025-05-09,2025-05-16,20250509_s097_w03,0.97
2025-05-16,2025-05-23,20250516_s097_w03,0.97
2025-05-23,2025-05-30,20250523_s097_w03,0.97
2025-05-30,2025-06-06,20250530_s097_w03,0.97
2025-06-06,2025-06-13,20250606_s097_w03,0.97
2025-06-13,2025-06-20,20250613_s097_w03,0.97
2025-06-20,2025-06-27,20250620_s097_w03,0.97
2025-06-27,2025-07-03,20250627_s097_w03,0.97
2025-07-03,2025-07-11,20250703_s097_w03,0.97
2025-07-11,2025-07-18,20250711_s097_w03,0.97
2025-07-18,2025-07-25,20250718_s097_w03,0.97
2025-07-25,2025-08-01,20250725_s097_w03,0.97
2025-08-01,2025-08-08,20250801_s097_w03,0.97
2025-08-08,2025-08-15,20250808_s097_w03,0.97
2025-08-15,2025-08-22,20250815_s097_w03,0.97
2025-08-22,2025-08-29,20250822_s097_w03,0.97
2025-08-29,2025-09-05,20250829_s097_w03,0.97
2025-09-05,2025-09-12,20250905_s097_w03,0.97
2025-09-12,2025-09-19,20250912_s097_w03,0.97
2025-09-19,2025-09-26,20250919_s097_w03,0.97
2025-09-26,2025-10-03,20250926_s097_w03,0.97
2025-10-03,2025-10-10,20251003_s097_w03,0.97
2025-10-10,2025-10-17,20251010_s097_w03,0.97
2025-10-17,2025-10-24,20251017_s097_w03,0.97
2025-10-24,2025-10-31,20251024_s097_w03,0.97
2025-10-31,2025-11-07,20251031_s097_w03,0.97
2025-11-07,2025-11-14,20251107_s097_w03,0.97
2025-11-14,2025-11-21,20251114_s097_w03,0.97
2025-11-21,2025-11-28,20251121_s097_w03,0.97
2025-11-28,2025-12-05,20251128_s097_w03,0.97
2025-12-05,2025-12-12,20251205_s097_w03,0.97
2025-12-12,2025-12-19,20251212_s097_w03,0.97
2025-12-19,2025-12-26,20251219_s097_w03,0.97
2025-12-26,2026-01-02,20251226_s097_w03,0.97
2026-01-02,2026-01-09,20260102_s097_w03,0.97
2026-01-09,2026-01-16,20260109_s097_w03,0.97
2026-01-16,2026-01-23,20260116_s097_w03,0.97
2026-01-23,2026-01-30,20260123_s097_w03,0.97
2026-01-30,2026-02-06,20260130_s097_w03,0.97
2026-02-06,2026-02-13,20260206_s097_w03,0.97
2026-02-13,2026-02-20,20260213_s097_w03,0.97
2026-02-20,2026-02-27,20260220_s097_w03,0.97
2026-02-27,2026-03-06,20260227_s097_w03,0.97
2026-03-06,2026-03-13,20260306_s097_w03,0.97
2026-03-13,2026-03-20,20260313_s097_w03,0.97
2026-03-20,2026-03-27,20260320_s097_w03,0.97
2026-03-27,2026-04-02,20260327_s097_w03,0.97
2026-04-02,2026-04-10,20260402_s097_w03,0.97
2026-04-10,2026-04-17,20260410_s097_w03,0.97
2026-04-17,2026-04-24,20260417_s097_w03,0.97
2026-04-24,2026-05-01,20260424_s097_w03,0.97
2026-05-01,2026-05-08,20260501_s097_w03,0.97
2026-05-08,2026-05-15,20260508_s097_w03,0.97
2026-05-15,2026-05-22,20260515_s097_w03,0.97
2026-05-22,2026-05-29,20260522_s097_w03,0.97
2026-05-29,2026-06-05,20260529_s097_w03,0.97
2026-06-05,2026-06-12,20260605_s097_w03,0.97
2026-06-12,2026-06-18,20260612_s097_w03,0.97
2026-06-18,2026-06-26,20260618_s097_w03,0.97
2026-06-26,2026-07-02,20260626_s097_w03,0.97
2026-07-02,2026-07-10,20260702_s097_w03,0.97
2026-07-10,2026-07-17,20260710_s097_w03,0.97
2026-07-17,2026-07-24,20260717_s097_w03,0.97
2026-07-24,2026-07-31,20260724_s097_w03,0.97
2026-07-31,2026-08-07,20260731_s097_w03,0.97
2026-08-07,2026-08-14,20260807_s097_w03,0.97
2026-08-14,2026-08-21,20260814_s097_w03,0.97
2026-08-21,2026-08-28,20260821_s097_w03,0.97
2026-08-28,2026-09-04,20260828_s097_w03,0.97
2026-09-04,2026-09-11,20260904_s097_w03,0.97
2026-09-11,2026-09-18,20260911_s097_w03,0.97
2016-09-23,2016-09-30,20160923_s098_w03,0.98
2016-09-30,2016-10-07,20160930_s098_w03,0.98
2016-10-07,2016-10-14,20161007_s098_w03,0.98
2016-10-14,2016-10-21,20161014_s098_w03,0.98
2016-10-21,2016-10-28,20161021_s098_w03,0.98
2016-10-28,2016-11-04,20161028_s098_w03,0.98
2016-11-04,2016-11-11,20161104_s098_w03,0.98
2016-11-11,2016-11-18,20161111_s098_w03,0.98
2016-11-18,2016-11-25,20161118_s098_w03,0.98
2016-11-25,2016-12-02,20161125_s098_w03,0.98
2016-12-02,2016-12-09,20161202_s098_w03,0.98
2016-12-09,2016-12-16,,0.98
2016-12-16,2016-12-23,20161216_s098_w03,0.98
2016-12-23,2016-12-30,20161223_s098_w03,0.98
2016-12-30,2017-01-06,20161230_s098_w03,0.98
2017-01-06,2017-01-13,20170106_s098_w03,0.98
2017-01-13,2017-01-20,20170113_s098_w03,0.98
2017-01-20,2017-01-27,20170120_s098_w03,0.98
2017-01-27,2017-02-03,20170127_s098_w03,0.98
2017-02-03,2017-02-10,20170203_s098_w03,0.98
2017-02-10,2017-02-17,20170210_s098_w03,0.98
2017-02-17,2017-02-24,20170217_s098_w03,0.98
2017-02-24,2017-03-03,20170224_s098_w03,0.98
2017-03-03,2017-03-10,20170303_s098_w03,0.98
2017-03-10,2017-03-17,20170310_s098_w03,0.98
2017-03-17,2017-03-24,20170317_s098_w03,0.98
2017-03-24,2017-03-31,20170324_s098_w03,0.98
2017-03-31,2017-04-07,20170331_s098_w03,0.98
2017-04-07,2017-04-13,20170407_s098_w03,0.98
2017-04-13,2017-04-21,20170413_s098_w03,0.98
2017-04-21,2017-04-28,20170421_s098_w03,0.98
2017-04-28,2017-05-05,20170428_s098_w03,0.98
2017-05-05,2017-05-12,20170505_s098_w03,0.98
2017-05-12,2017-05-19,20170512_s098_w03,0.98
2017-05-19,2017-05-26,20170519_s098_w03,0.98
2017-05-26,2017-06-02,20170526_s098_w03,0.98
2017-06-02,2017-06-09,20170602_s098_w03,0.98
2017-06-09,2017-06-16,20170609_s098_w03,0.98
2017-06-16,2017-06-23,20170616_s098_w03,0.98
2017-06-23,2017-06-30,20170623_s098_w03,0.98
2017-06-30,2017-07-07,20170630_s098_w03,0.98
2017-07-07,2017-07-14,20170707_s098_w03,0.98
2017-07-14,2017-07-21,20170714_s098_w03,0.98
2017-07-21,2017-07-28,20170721_s098_w03,0.98
2017-07-28,2017-08-04,20170728_s098_w03,0.98
2017-08-04,2017-08-11,20170804_s098_w03,0.98
2017-08-11,2017-08-18,20170811_s098_w03,0.98
2017-08-18,2017-08-25,20170818_s098_w03,0.98
2017-08-25,2017-09-01,20170825_s098_w03,0.98
2017-09-01,2017-09-08,20170901_s098_w03,0.98
2017-09-08,2017-09-15,20170908_s098_w03,0.98
2017-09-15,2017-09-22,20170915_s098_w03,0.98
2017-09-22,2017-09-29,20170922_s098_w03,0.98
2017-09-29,2017-10-06,20170929_s098_w03,0.98
2017-10-06,2017-10-13,20171006_s098_w03,0.98
2017-10-13,2017-10-20,20171013_s098_w03,0.98
2017-10-20,2017-10-27,20171020_s098_w03,0.98
2017-10-27,2017-11-03,20171027_s098_w03,0.98
2017-11-03,2017-11-10,20171103_s098_w03,0.98
2017-11-10,2017-11-17,20171110_s098_w03,0.98
2017-11-17,2017-11-24,20171117_s098_w03,0.98
2017-11-24,2017-12-01,20171124_s098_w03,0.98
2017-12-01,2017-12-08,20171201_s098_w03,0.98
2017-12-08,2017-12-15,20171208_s098_w03,0.98
2017-12-15,2017-12-22,20171215_s098_w03,0.98
2017-12-22,2017-12-29,20171222_s098_w03,0.98
2017-12-29,2018-01-05,20171229_s098_w03,0.98
2018-01-05,2018-01-12,20180105_s098_w03,0.98
2018-01-12,2018-01-19,20180112_s098_w03,0.98
2018-01-19,2018-01-26,20180119_s098_w03,0.98
2018-01-26,2018-02-02,20180126_s098_w03,0.98
2018-02-02,2018-02-09,20180202_s098_w03,0.98
2018-02-09,2018-02-16,20180209_s098_w03,0.98
2018-02-16,2018-02-23,20180216_s098_w03,0.98
2018-02-23,2018-03-02,20180223_s098_w03,0.98
2018-03-02,2018-03-09,20180302_s098_w03,0.98
2018-03-09,2018-03-16,20180309_s098_w03,0.98
2018-03-16,2018-03-23,20180316_s098_w03,0.98
2018-03-23,2018-03-29,20180323_s098_w03,0.98
2018-03-29,2018-04-06,20180329_s098_w03,0.98
2018-04-06,2018-04-13,20180406_s098_w03,0.98
2018-04-13,2018-04-20,20180413_s098_w03,0.98
2018-04-20,2018-04-27,20180420_s098_w03,0.98
2018-04-27,2018-05-04,20180427_s098_w03,0.98
2018-05-04,2018-05-11,20180504_s098_w03,0.98
2018-05-11,2018-05-18,20180511_s098_w03,0.98
2018-05-18,2018-05-25,20180518_s098_w03,0.98
2018-05-25,2018-06-01,20180525_s098_w03,0.98
2018-06-01,2018-06-08,20180601_s098_w03,0.98
2018-06-08,2018-06-15,20180608_s098_w03,0.98
2018-06-15,2018-06-22,20180615_s098_w03,0.98
2018-06-22,2018-06-29,20180622_s098_w03,0.98
2018-06-29,2018-07-06,20180629_s098_w03,0.98
2018-07-06,2018-07-13,20180706_s098_w03,0.98
2018-07-13,2018-07-20,20180713_s098_w03,0.98
2018-07-20,2018-07-27,20180720_s098_w03,0.98
2018-07-27,2018-08-03,20180727_s098_w03,0.98
2018-08-03,2018-08-10,20180803_s098_w03,0.98
2018-08-10,2018-08-17,20180810_s098_w03,0.98
2018-08-17,2018-08-24,20180817_s098_w03,0.98
2018-08-24,2018-08-31,20180824_s098_w03,0.98
2018-08-31,2018-09-07,20180831_s098_w03,0.98
2018-09-07,2018-09-14,20180907_s098_w03,0.98
2018-09-14,2018-09-21,20180914_s098_w03,0.98
2018-09-21,2018-09-28,20180921_s098_w03,0.98
2018-09-28,2018-10-05,20180928_s098_w03,0.98
2018-10-05,2018-10-12,20181005_s098_w03,0.98
2018-10-12,2018-10-19,20181012_s098_w03,0.98
2018-10-19,2018-10-26,20181019_s098_w03,0.98
2018-10-26,2018-11-02,20181026_s098_w03,0.98
2018-11-02,2018-11-09,20181102_s098_w03,0.98
2018-11-09,2018-11-16,20181109_s098_w03,0.98
2018-11-16,2018-11-23,20181116_s098_w03,0.98
2018-11-23,2018-11-30,20181123_s098_w03,0.98
2018-11-30,2018-12-07,20181130_s098_w03,0.98
2018-12-07,2018-12-14,20181207_s098_w03,0.98
2018-12-14,2018-12-21,20181214_s098_w03,0.98
2018-12-21,2018-12-28,20181221_s098_w03,0.98
2018-12-28,2019-01-04,20181228_s098_w03,0.98
2019-01-04,2019-01-11,20190104_s098_w03,0.98
2019-01-11,2019-01-18,20190111_s098_w03,0.98
2019-01-18,2019-01-25,20190118_s098_w03,0.98
2019-01-25,2019-02-01,20190125_s098_w03,0.98
2019-02-01,2019-02-08,20190201_s098_w03,0.98
2019-02-08,2019-02-15,20190208_s098_w03,0.98
2019-02-15,2019-02-22,20190215_s098_w03,0.98
2019-02-22,2019-03-01,20190222_s098_w03,0.98
2019-03-01,2019-03-08,20190301_s098_w03,0.98
2019-03-08,2019-03-15,20190308_s098_w03,0.98
2019-03-15,2019-03-22,20190315_s098_w03,0.98
2019-03-22,2019-03-29,20190322_s098_w03,0.98
2019-03-29,2019-04-05,20190329_s098_w03,0.98
2019-04-05,2019-04-12,20190405_s098_w03,0.98
2019-04-12,2019-04-18,20190412_s098_w03,0.98
2019-04-18,2019-04-26,20190418_s098_w03,0.98
2019-04-26,2019-05-03,20190426_s098_w03,0.98
2019-05-03,2019-05-10,20190503_s098_w03,0.98
2019-05-10,2019-05-17,20190510_s098_w03,0.98
2019-05-17,2019-05-24,20190517_s098_w03,0.98
2019-05-24,2019-05-31,20190524_s098_w03,0.98
2019-05-31,2019-06-07,20190531_s098_w03,0.98
2019-06-07,2019-06-14,20190607_s098_w03,0.98
2019-06-14,2019-06-21,20190614_s098_w03,0.98
2019-06-21,2019-06-28,20190621_s098_w03,0.98
2019-06-28,2019-07-05,20190628_s098_w03,0.98
2019-07-05,2019-07-12,20190705_s098_w03,0.98
2019-07-12,2019-07-19,20190712_s098_w03,0.98
2019-07-19,2019-07-26,20190719_s098_w03,0.98
2019-07-26,2019-08-02,20190726_s098_w03,0.98
2019-08-02,2019-08-09,20190802_s098_w03,0.98
2019-08-09,2019-08-16,20190809_s098_w03,0.98
2019-08-16,2019-08-23,20190816_s098_w03,0.98
2019-08-23,2019-08-30,20190823_s098_w03,0.98
2019-08-30,2019-09-06,20190830_s098_w03,0.98
2019-09-06,2019-09-13,20190906_s098_w03,0.98
2019-09-13,2019-09-20,20190913_s098_w03,0.98
2019-09-20,2019-09-27,20190920_s098_w03,0.98
2019-09-27,2019-10-04,20190927_s098_w03,0.98
2019-10-04,2019-10-11,20191004_s098_w03,0.98
2019-10-11,2019-10-18,20191011_s098_w03,0.98
2019-10-18,2019-10-25,20191018_s098_w03,0.98
2019-10-25,2019-11-01,20191025_s098_w03,0.98
2019-11-01,2019-11-08,20191101_s098_w03,0.98
2019-11-08,2019-11-15,20191108_s098_w03,0.98
2019-11-15,2019-11-22,20191115_s098_w03,0.98
2019-11-22,2019-11-29,20191122_s098_w03,0.98
2019-11-29,2019-12-06,20191129_s098_w03,0.98
2019-12-06,2019-12-13,20191206_s098_w03,0.98
2019-12-13,2019-12-20,20191213_s098_w03,0.98
2019-12-20,2019-12-27,20191220_s098_w03,0.98
2019-12-27,2020-01-03,20191227_s098_w03,0.98
2020-01-03,2020-01-10,20200103_s098_w03,0.98
2020-01-10,2020-01-17,20200110_s098_w03,0.98
2020-01-17,2020-01-24,20200117_s098_w03,0.98
2020-01-24,2020-01-31,20200124_s098_w03,0.98
2020-01-31,2020-02-07,20200131_s098_w03,0.98
2020-02-07,2020-02-14,20200207_s098_w03,0.98
2020-02-14,2020-02-21,20200214_s098_w03,0.98
2020-02-21,2020-02-28,20200221_s098_w03,0.98
2020-02-28,2020-03-06,20200228_s098_w03,0.98
2020-03-06,2020-03-13,20200306_s098_w03,0.98
2020-03-13,2020-03-20,20200313_s098_w03,0.98
2020-03-20,2020-03-27,20200320_s098_w03,0.98
2020-03-27,2020-04-03,20200327_s098_w03,0.98
2020-04-03,2020-04-09,20200403_s098_w03,0.98
2020-04-09,2020-04-17,20200409_s098_w03,0.98
2020-04-17,2020-04-24,20200417_s098_w03,0.98
2020-04-24,2020-05-01,20200424_s098_w03,0.98
2020-05-01,2020-05-08,20200501_s098_w03,0.98
2020-05-08,2020-05-15,20200508_s098_w03,0.98
2020-05-15,2020-05-22,20200515_s098_w03,0.98
2020-05-22,2020-05-29,20200522_s098_w03,0.98
2020-05-29,2020-06-05,20200529_s098_w03,0.98
2020-06-05,2020-06-12,20200605_s098_w03,0.98
2020-06-12,2020-06-19,20200612_s098_w03,0.98
2020-06-19,2020-06-26,20200619_s098_w03,0.98
2020-06-26,2020-07-02,20200626_s098_w03,0.98
2020-07-02,2020-07-10,20200702_s098_w03,0.98
2020-07-10,2020-07-17,20200710_s098_w03,0.98
2020-07-17,2020-07-24,20200717_s098_w03,0.98
2020-07-24,2020-07-31,20200724_s098_w03,0.98
2020-07-31,2020-08-07,20200731_s098_w03,0.98
2020-08-07,2020-08-14,20200807_s098_w03,0.98
2020-08-14,2020-08-21,20200814_s098_w03,0.98
2020-08-21,2020-08-28,20200821_s098_w03,0.98
2020-08-28,2020-09-04,20200828_s098_w03,0.98
2020-09-04,2020-09-11,20200904_s098_w03,0.98
2020-09-11,2020-09-18,20200911_s098_w03,0.98
2020-09-18,2020-09-25,20200918_s098_w03,0.98
2020-09-25,2020-10-02,20200925_s098_w03,0.98
2020-10-02,2020-10-09,20201002_s098_w03,0.98
2020-10-09,2020-10-16,20201009_s098_w03,0.98
2020-10-16,2020-10-23,20201016_s098_w03,0.98
2020-10-23,2020-10-30,20201023_s098_w03,0.98
2020-10-30,2020-11-06,20201030_s098_w03,0.98
2020-11-06,2020-11-13,20201106_s098_w03,0.98
2020-11-13,2020-11-20,20201113_s098_w03,0.98
2020-11-20,2020-11-27,20201120_s098_w03,0.98
2020-11-27,2020-12-04,20201127_s098_w03,0.98
2020-12-04,2020-12-11,20201204_s098_w03,0.98
2020-12-11,2020-12-18,20201211_s098_w03,0.98
2020-12-18,2020-12-24,20201218_s098_w03,0.98
2020-12-24,2020-12-31,20201224_s098_w03,0.98
2020-12-31,2021-01-08,20201231_s098_w03,0.98
2021-01-08,2021-01-15,20210108_s098_w03,0.98
2021-01-15,2021-01-22,20210115_s098_w03,0.98
2021-01-22,2021-01-29,20210122_s098_w03,0.98
2021-01-29,2021-02-05,20210129_s098_w03,0.98
2021-02-05,2021-02-12,20210205_s098_w03,0.98
2021-02-12,2021-02-19,20210212_s098_w03,0.98
2021-02-19,2021-02-26,20210219_s098_w03,0.98
2021-02-26,2021-03-05,20210226_s098_w03,0.98
2021-03-05,2021-03-12,20210305_s098_w03,0.98
2021-03-12,2021-03-19,20210312_s098_w03,0.98
2021-03-19,2021-03-26,20210319_s098_w03,0.98
2021-03-26,2021-04-01,20210326_s098_w03,0.98
2021-04-01,2021-04-09,20210401_s098_w03,0.98
2021-04-09,2021-04-16,20210409_s098_w03,0.98
2021-04-16,2021-04-23,20210416_s098_w03,0.98
2021-04-23,2021-04-30,20210423_s098_w03,0.98
2021-04-30,2021-05-07,20210430_s098_w03,0.98
2021-05-07,2021-05-14,20210507_s098_w03,0.98
2021-05-14,2021-05-21,20210514_s098_w03,0.98
2021-05-21,2021-05-28,20210521_s098_w03,0.98
2021-05-28,2021-06-04,20210528_s098_w03,0.98
2021-06-04,2021-06-11,20210604_s098_w03,0.98
2021-06-11,2021-06-18,20210611_s098_w03,0.98
2021-06-18,2021-06-25,20210618_s098_w03,0.98
2021-06-25,2021-07-02,20210625_s098_w03,0.98
2021-07-02,2021-07-09,20210702_s098_w03,0.98
2021-07-09,2021-07-16,20210709_s098_w03,0.98
2021-07-16,2021-07-23,20210716_s098_w03,0.98
2021-07-23,2021-07-30,20210723_s098_w03,0.98
2021-07-30,2021-08-06,20210730_s098_w03,0.98
2021-08-06,2021-08-13,20210806_s098_w03,0.98
2021-08-13,2021-08-20,20210813_s098_w03,0.98
2021-08-20,2021-08-27,20210820_s098_w03,0.98
2021-08-27,2021-09-03,20210827_s098_w03,0.98
2021-09-03,2021-09-10,20210903_s098_w03,0.98
2021-09-10,2021-09-17,20210910_s098_w03,0.98
2021-09-17,2021-09-24,20210917_s098_w03,0.98
2021-09-24,2021-10-01,20210924_s098_w03,0.98
2021-10-01,2021-10-08,20211001_s098_w03,0.98
2021-10-08,2021-10-15,20211008_s098_w03,0.98
2021-10-15,2021-10-22,20211015_s098_w03,0.98
2021-10-22,2021-10-29,20211022_s098_w03,0.98
2021-10-29,2021-11-05,20211029_s098_w03,0.98
2021-11-05,2021-11-12,20211105_s098_w03,0.98
2021-11-12,2021-11-19,20211112_s098_w03,0.98
2021-11-19,2021-11-26,20211119_s098_w03,0.98
2021-11-26,2021-12-03,20211126_s098_w03,0.98
2021-12-03,2021-12-10,20211203_s098_w03,0.98
2021-12-10,2021-12-17,20211210_s098_w03,0.98
2021-12-17,2021-12-23,20211217_s098_w03,0.98
2021-12-23,2021-12-31,20211223_s098_w03,0.98
2021-12-31,2022-01-07,20211231_s098_w03,0.98
2022-01-07,2022-01-14,20220107_s098_w03,0.98
2022-01-14,2022-01-21,20220114_s098_w03,0.98
2022-01-21,2022-01-28,20220121_s098_w03,0.98
2022-01-28,2022-02-04,20220128_s098_w03,0.98
2022-02-04,2022-02-11,20220204_s098_w03,0.98
2022-02-11,2022-02-18,20220211_s098_w03,0.98
2022-02-18,2022-02-25,20220218_s098_w03,0.98
2022-02-25,2022-03-04,20220225_s098_w03,0.98
2022-03-04,2022-03-11,20220304_s098_w03,0.98
2022-03-11,2022-03-18,20220311_s098_w03,0.98
2022-03-18,2022-03-25,20220318_s098_w03,0.98
2022-03-25,2022-04-01,20220325_s098_w03,0.98
2022-04-01,2022-04-08,20220401_s098_w03,0.98
2022-04-08,2022-04-14,20220408_s098_w03,0.98
2022-04-14,2022-04-22,20220414_s098_w03,0.98
2022-04-22,2022-04-29,20220422_s098_w03,0.98
2022-04-29,2022-05-06,20220429_s098_w03,0.98
2022-05-06,2022-05-13,20220506_s098_w03,0.98
2022-05-13,2022-05-20,20220513_s098_w03,0.98
2022-05-20,2022-05-27,20220520_s098_w03,0.98
2022-05-27,2022-06-03,20220527_s098_w03,0.98
2022-06-03,2022-06-10,20220603_s098_w03,0.98
2022-06-10,2022-06-17,20220610_s098_w03,0.98
2022-06-17,2022-06-24,20220617_s098_w03,0.98
2022-06-24,2022-07-01,20220624_s098_w03,0.98
2022-07-01,2022-07-08,20220701_s098_w03,0.98
2022-07-08,2022-07-15,20220708_s098_w03,0.98
2022-07-15,2022-07-22,20220715_s098_w03,0.98
2022-07-22,2022-07-29,20220722_s098_w03,0.98
2022-07-29,2022-08-05,20220729_s098_w03,0.98
2022-08-05,2022-08-12,20220805_s098_w03,0.98
2022-08-12,2022-08-19,20220812_s098_w03,0.98
2022-08-19,2022-08-26,20220819_s098_w03,0.98
2022-08-26,2022-09-02,20220826_s098_w03,0.98
2022-09-02,2022-09-09,20220902_s098_w03,0.98
2022-09-09,2022-09-16,20220909_s098_w03,0.98
2022-09-16,2022-09-23,20220916_s098_w03,0.98
2022-09-23,2022-09-30,20220923_s098_w03,0.98
2022-09-30,2022-10-07,20220930_s098_w03,0.98
2022-10-07,2022-10-14,20221007_s098_w03,0.98
2022-10-14,2022-10-21,20221014_s098_w03,0.98
2022-10-21,2022-10-28,20221021_s098_w03,0.98
2022-10-28,2022-11-04,20221028_s098_w03,0.98
2022-11-04,2022-11-11,20221104_s098_w03,0.98
2022-11-11,2022-11-18,20221111_s098_w03,0.98
2022-11-18,2022-11-25,20221118_s098_w03,0.98
2022-11-25,2022-12-02,20221125_s098_w03,0.98
2022-12-02,2022-12-09,20221202_s098_w03,0.98
2022-12-09,2022-12-16,20221209_s098_w03,0.98
2022-12-16,2022-12-23,20221216_s098_w03,0.98
2022-12-23,2022-12-30,20221223_s098_w03,0.98
2022-12-30,2023-01-06,20221230_s098_w03,0.98
2023-01-06,2023-01-13,20230106_s098_w03,0.98
2023-01-13,2023-01-20,20230113_s098_w03,0.98
2023-01-20,2023-01-27,20230120_s098_w03,0.98
2023-01-27,2023-02-03,20230127_s098_w03,0.98
2023-02-03,2023-02-10,20230203_s098_w03,0.98
2023-02-10,2023-02-17,20230210_s098_w03,0.98
2023-02-17,2023-02-24,20230217_s098_w03,0.98
2023-02-24,2023-03-03,20230224_s098_w03,0.98
2023-03-03,2023-03-10,20230303_s098_w03,0.98
2023-03-10,2023-03-17,20230310_s098_w03,0.98
2023-03-17,2023-03-24,20230317_s098_w03,0.98
2023-03-24,2023-03-31,20230324_s098_w03,0.98
2023-03-31,2023-04-06,20230331_s098_w03,0.98
2023-04-06,2023-04-14,20230406_s098_w03,0.98
2023-04-14,2023-04-21,20230414_s098_w03,0.98
2023-04-21,2023-04-28,20230421_s098_w03,0.98
2023-04-28,2023-05-05,20230428_s098_w03,0.98
2023-05-05,2023-05-12,20230505_s098_w03,0.98
2023-05-12,2023-05-19,20230512_s098_w03,0.98
2023-05-19,2023-05-26,20230519_s098_w03,0.98
2023-05-26,2023-06-02,20230526_s098_w03,0.98
2023-06-02,2023-06-09,20230602_s098_w03,0.98
2023-06-09,2023-06-16,20230609_s098_w03,0.98
2023-06-16,2023-06-23,20230616_s098_w03,0.98
2023-06-23,2023-06-30,20230623_s098_w03,0.98
2023-06-30,2023-07-07,20230630_s098_w03,0.98
2023-07-07,2023-07-14,20230707_s098_w03,0.98
2023-07-14,2023-07-21,20230714_s098_w03,0.98
2023-07-21,2023-07-28,20230721_s098_w03,0.98
2023-07-28,2023-08-04,20230728_s098_w03,0.98
2023-08-04,2023-08-11,20230804_s098_w03,0.98
2023-08-11,2023-08-18,20230811_s098_w03,0.98
2023-08-18,2023-08-25,20230818_s098_w03,0.98
2023-08-25,2023-09-01,20230825_s098_w03,0.98
2023-09-01,2023-09-08,20230901_s098_w03,0.98
2023-09-08,2023-09-15,20230908_s098_w03,0.98
2023-09-15,2023-09-22,20230915_s098_w03,0.98
2023-09-22,2023-09-29,20230922_s098_w03,0.98
2023-09-29,2023-10-06,20230929_s098_w03,0.98
2023-10-06,2023-10-13,20231006_s098_w03,0.98
2023-10-13,2023-10-20,20231013_s098_w03,0.98
2023-10-20,2023-10-27,20231020_s098_w03,0.98
2023-10-27,2023-11-03,20231027_s098_w03,0.98
2023-11-03,2023-11-10,20231103_s098_w03,0.98
2023-11-10,2023-11-17,20231110_s098_w03,0.98
2023-11-17,2023-11-24,20231117_s098_w03,0.98
2023-11-24,2023-12-01,20231124_s098_w03,0.98
2023-12-01,2023-12-08,20231201_s098_w03,0.98
2023-12-08,2023-12-15,20231208_s098_w03,0.98
2023-12-15,2023-12-22,20231215_s098_w03,0.98
2023-12-22,2023-12-29,20231222_s098_w03,0.98
2023-12-29,2024-01-05,20231229_s098_w03,0.98
2024-01-05,2024-01-12,20240105_s098_w03,0.98
2024-01-12,2024-01-19,20240112_s098_w03,0.98
2024-01-19,2024-01-26,20240119_s098_w03,0.98
2024-01-26,2024-02-02,20240126_s098_w03,0.98
2024-02-02,2024-02-09,20240202_s098_w03,0.98
2024-02-09,2024-02-16,20240209_s098_w03,0.98
2024-02-16,2024-02-23,20240216_s098_w03,0.98
2024-02-23,2024-03-01,20240223_s098_w03,0.98
2024-03-01,2024-03-08,20240301_s098_w03,0.98
2024-03-08,2024-03-15,20240308_s098_w03,0.98
2024-03-15,2024-03-22,20240315_s098_w03,0.98
2024-03-22,2024-03-28,20240322_s098_w03,0.98
2024-03-28,2024-04-05,20240328_s098_w03,0.98
2024-04-05,2024-04-12,20240405_s098_w03,0.98
2024-04-12,2024-04-19,20240412_s098_w03,0.98
2024-04-19,2024-04-26,20240419_s098_w03,0.98
2024-04-26,2024-05-03,20240426_s098_w03,0.98
2024-05-03,2024-05-10,20240503_s098_w03,0.98
2024-05-10,2024-05-17,20240510_s098_w03,0.98
2024-05-17,2024-05-24,20240517_s098_w03,0.98
2024-05-24,2024-05-31,20240524_s098_w03,0.98
2024-05-31,2024-06-07,20240531_s098_w03,0.98
2024-06-07,2024-06-14,20240607_s098_w03,0.98
2024-06-14,2024-06-21,20240614_s098_w03,0.98
2024-06-21,2024-06-28,20240621_s098_w03,0.98
2024-06-28,2024-07-05,20240628_s098_w03,0.98
2024-07-05,2024-07-12,20240705_s098_w03,0.98
2024-07-12,2024-07-19,20240712_s098_w03,0.98
2024-07-19,2024-07-26,20240719_s098_w03,0.98
2024-07-26,2024-08-02,20240726_s098_w03,0.98
2024-08-02,2024-08-09,20240802_s098_w03,0.98
2024-08-09,2024-08-16,20240809_s098_w03,0.98
2024-08-16,2024-08-23,20240816_s098_w03,0.98
2024-08-23,2024-08-30,20240823_s098_w03,0.98
2024-08-30,2024-09-06,20240830_s098_w03,0.98
2024-09-06,2024-09-13,20240906_s098_w03,0.98
2024-09-13,2024-09-20,20240913_s098_w03,0.98
2024-09-20,2024-09-27,20240920_s098_w03,0.98
2024-09-27,2024-10-04,20240927_s098_w03,0.98
2024-10-04,2024-10-11,20241004_s098_w03,0.98
2024-10-11,2024-10-18,20241011_s098_w03,0.98
2024-10-18,2024-10-25,20241018_s098_w03,0.98
2024-10-25,2024-11-01,20241025_s098_w03,0.98
2024-11-01,2024-11-08,20241101_s098_w03,0.98
2024-11-08,2024-11-15,20241108_s098_w03,0.98
2024-11-15,2024-11-22,20241115_s098_w03,0.98
2024-11-22,2024-11-29,20241122_s098_w03,0.98
2024-11-29,2024-12-06,20241129_s098_w03,0.98
2024-12-06,2024-12-13,20241206_s098_w03,0.98
2024-12-13,2024-12-20,20241213_s098_w03,0.98
2024-12-20,2024-12-27,20241220_s098_w03,0.98
2024-12-27,2025-01-03,20241227_s098_w03,0.98
2025-01-03,2025-01-10,20250103_s098_w03,0.98
2025-01-10,2025-01-17,20250110_s098_w03,0.98
2025-01-17,2025-01-24,20250117_s098_w03,0.98
2025-01-24,2025-01-31,20250124_s098_w03,0.98
2025-01-31,2025-02-07,20250131_s098_w03,0.98
2025-02-07,2025-02-14,20250207_s098_w03,0.98
2025-02-14,2025-02-21,20250214_s098_w03,0.98
2025-02-21,2025-02-28,20250221_s098_w03,0.98
2025-02-28,2025-03-07,20250228_s098_w03,0.98
2025-03-07,2025-03-14,20250307_s098_w03,0.98
2025-03-14,2025-03-21,20250314_s098_w03,0.98
2025-03-21,2025-03-28,20250321_s098_w03,0.98
2025-03-28,2025-04-04,20250328_s098_w03,0.98
2025-04-04,2025-04-11,20250404_s098_w03,0.98
2025-04-11,2025-04-17,20250411_s098_w03,0.98
2025-04-17,2025-04-25,20250417_s098_w03,0.98
2025-04-25,2025-05-02,20250425_s098_w03,0.98
2025-05-02,2025-05-09,20250502_s098_w03,0.98
2025-05-09,2025-05-16,20250509_s098_w03,0.98
2025-05-16,2025-05-23,20250516_s098_w03,0.98
2025-05-23,2025-05-30,20250523_s098_w03,0.98
2025-05-30,2025-06-06,20250530_s098_w03,0.98
2025-06-06,2025-06-13,20250606_s098_w03,0.98
2025-06-13,2025-06-20,20250613_s098_w03,0.98
2025-06-20,2025-06-27,20250620_s098_w03,0.98
2025-06-27,2025-07-03,20250627_s098_w03,0.98
2025-07-03,2025-07-11,20250703_s098_w03,0.98
2025-07-11,2025-07-18,20250711_s098_w03,0.98
2025-07-18,2025-07-25,20250718_s098_w03,0.98
2025-07-25,2025-08-01,20250725_s098_w03,0.98
2025-08-01,2025-08-08,20250801_s098_w03,0.98
2025-08-08,2025-08-15,20250808_s098_w03,0.98
2025-08-15,2025-08-22,20250815_s098_w03,0.98
2025-08-22,2025-08-29,20250822_s098_w03,0.98
2025-08-29,2025-09-05,20250829_s098_w03,0.98
2025-09-05,2025-09-12,20250905_s098_w03,0.98
2025-09-12,2025-09-19,20250912_s098_w03,0.98
2025-09-19,2025-09-26,20250919_s098_w03,0.98
2025-09-26,2025-10-03,20250926_s098_w03,0.98
2025-10-03,2025-10-10,20251003_s098_w03,0.98
2025-10-10,2025-10-17,20251010_s098_w03,0.98
2025-10-17,2025-10-24,20251017_s098_w03,0.98
2025-10-24,2025-10-31,20251024_s098_w03,0.98
2025-10-31,2025-11-07,20251031_s098_w03,0.98
2025-11-07,2025-11-14,20251107_s098_w03,0.98
2025-11-14,2025-11-21,20251114_s098_w03,0.98
2025-11-21,2025-11-28,20251121_s098_w03,0.98
2025-11-28,2025-12-05,20251128_s098_w03,0.98
2025-12-05,2025-12-12,20251205_s098_w03,0.98
2025-12-12,2025-12-19,20251212_s098_w03,0.98
2025-12-19,2025-12-26,20251219_s098_w03,0.98
2025-12-26,2026-01-02,20251226_s098_w03,0.98
2026-01-02,2026-01-09,20260102_s098_w03,0.98
2026-01-09,2026-01-16,20260109_s098_w03,0.98
2026-01-16,2026-01-23,20260116_s098_w03,0.98
2026-01-23,2026-01-30,20260123_s098_w03,0.98
2026-01-30,2026-02-06,20260130_s098_w03,0.98
2026-02-06,2026-02-13,20260206_s098_w03,0.98
2026-02-13,2026-02-20,20260213_s098_w03,0.98
2026-02-20,2026-02-27,20260220_s098_w03,0.98
2026-02-27,2026-03-06,20260227_s098_w03,0.98
2026-03-06,2026-03-13,20260306_s098_w03,0.98
2026-03-13,2026-03-20,20260313_s098_w03,0.98
2026-03-20,2026-03-27,20260320_s098_w03,0.98
2026-03-27,2026-04-02,20260327_s098_w03,0.98
2026-04-02,2026-04-10,20260402_s098_w03,0.98
2026-04-10,2026-04-17,20260410_s098_w03,0.98
2026-04-17,2026-04-24,20260417_s098_w03,0.98
2026-04-24,2026-05-01,20260424_s098_w03,0.98
2026-05-01,2026-05-08,20260501_s098_w03,0.98
2026-05-08,2026-05-15,20260508_s098_w03,0.98
2026-05-15,2026-05-22,20260515_s098_w03,0.98
2026-05-22,2026-05-29,20260522_s098_w03,0.98
2026-05-29,2026-06-05,20260529_s098_w03,0.98
2026-06-05,2026-06-12,20260605_s098_w03,0.98
2026-06-12,2026-06-18,20260612_s098_w03,0.98
2026-06-18,2026-06-26,20260618_s098_w03,0.98
2026-06-26,2026-07-02,20260626_s098_w03,0.98
2026-07-02,2026-07-10,20260702_s098_w03,0.98
2026-07-10,2026-07-17,20260710_s098_w03,0.98
2026-07-17,2026-07-24,20260717_s098_w03,0.98
2026-07-24,2026-07-31,20260724_s098_w03,0.98
2026-07-31,2026-08-07,20260731_s098_w03,0.98
2026-08-07,2026-08-14,20260807_s098_w03,0.98
2026-08-14,2026-08-21,20260814_s098_w03,0.98
2026-08-21,2026-08-28,20260821_s098_w03,0.98
2026-08-28,2026-09-04,20260828_s098_w03,0.98
2026-09-04,2026-09-11,20260904_s098_w03,0.98
2026-09-11,2026-09-18,20260911_s098_w03,0.98
2016-09-23,2016-09-30,20160923_s099_w03,0.99
2016-09-30,2016-10-07,20160930_s099_w03,0.99
2016-10-07,2016-10-14,20161007_s099_w03,0.99
2016-10-14,2016-10-21,20161014_s099_w03,0.99
2016-10-21,2016-10-28,20161021_s099_w03,0.99
2016-10-28,2016-11-04,20161028_s099_w03,0.99
2016-11-04,2016-11-11,20161104_s099_w03,0.99
2016-11-11,2016-11-18,20161111_s099_w03,0.99
2016-11-18,2016-11-25,20161118_s099_w03,0.99
2016-11-25,2016-12-02,20161125_s099_w03,0.99
2016-12-02,2016-12-09,20161202_s099_w03,0.99
2016-12-09,2016-12-16,,0.99
2016-12-16,2016-12-23,20161216_s099_w03,0.99
2016-12-23,2016-12-30,20161223_s099_w03,0.99
2016-12-30,2017-01-06,20161230_s099_w03,0.99
2017-01-06,2017-01-13,20170106_s099_w03,0.99
2017-01-13,2017-01-20,20170113_s099_w03,0.99
2017-01-20,2017-01-27,20170120_s099_w03,0.99
2017-01-27,2017-02-03,20170127_s099_w03,0.99
2017-02-03,2017-02-10,20170203_s099_w03,0.99
2017-02-10,2017-02-17,20170210_s099_w03,0.99
2017-02-17,2017-02-24,20170217_s099_w03,0.99
2017-02-24,2017-03-03,20170224_s099_w03,0.99
2017-03-03,2017-03-10,20170303_s099_w03,0.99
2017-03-10,2017-03-17,20170310_s099_w03,0.99
2017-03-17,2017-03-24,20170317_s099_w03,0.99
2017-03-24,2017-03-31,20170324_s099_w03,0.99
2017-03-31,2017-04-07,20170331_s099_w03,0.99
2017-04-07,2017-04-13,20170407_s099_w03,0.99
2017-04-13,2017-04-21,20170413_s099_w03,0.99
2017-04-21,2017-04-28,20170421_s099_w03,0.99
2017-04-28,2017-05-05,20170428_s099_w03,0.99
2017-05-05,2017-05-12,20170505_s099_w03,0.99
2017-05-12,2017-05-19,20170512_s099_w03,0.99
2017-05-19,2017-05-26,20170519_s099_w03,0.99
2017-05-26,2017-06-02,20170526_s099_w03,0.99
2017-06-02,2017-06-09,20170602_s099_w03,0.99
2017-06-09,2017-06-16,20170609_s099_w03,0.99
2017-06-16,2017-06-23,20170616_s099_w03,0.99
2017-06-23,2017-06-30,20170623_s099_w03,0.99
2017-06-30,2017-07-07,20170630_s099_w03,0.99
2017-07-07,2017-07-14,20170707_s099_w03,0.99
2017-07-14,2017-07-21,20170714_s099_w03,0.99
2017-07-21,2017-07-28,20170721_s099_w03,0.99
2017-07-28,2017-08-04,20170728_s099_w03,0.99
2017-08-04,2017-08-11,20170804_s099_w03,0.99
2017-08-11,2017-08-18,20170811_s099_w03,0.99
2017-08-18,2017-08-25,20170818_s099_w03,0.99
2017-08-25,2017-09-01,20170825_s099_w03,0.99
2017-09-01,2017-09-08,20170901_s099_w03,0.99
2017-09-08,2017-09-15,20170908_s099_w03,0.99
2017-09-15,2017-09-22,20170915_s099_w03,0.99
2017-09-22,2017-09-29,20170922_s099_w03,0.99
2017-09-29,2017-10-06,20170929_s099_w03,0.99
2017-10-06,2017-10-13,20171006_s099_w03,0.99
2017-10-13,2017-10-20,20171013_s099_w03,0.99
2017-10-20,2017-10-27,20171020_s099_w03,0.99
2017-10-27,2017-11-03,20171027_s099_w03,0.99
2017-11-03,2017-11-10,20171103_s099_w03,0.99
2017-11-10,2017-11-17,20171110_s099_w03,0.99
2017-11-17,2017-11-24,20171117_s099_w03,0.99
2017-11-24,2017-12-01,20171124_s099_w03,0.99
2017-12-01,2017-12-08,20171201_s099_w03,0.99
2017-12-08,2017-12-15,20171208_s099_w03,0.99
2017-12-15,2017-12-22,20171215_s099_w03,0.99
2017-12-22,2017-12-29,20171222_s099_w03,0.99
2017-12-29,2018-01-05,20171229_s099_w03,0.99
2018-01-05,2018-01-12,20180105_s099_w03,0.99
2018-01-12,2018-01-19,20180112_s099_w03,0.99
2018-01-19,2018-01-26,20180119_s099_w03,0.99
2018-01-26,2018-02-02,20180126_s099_w03,0.99
2018-02-02,2018-02-09,20180202_s099_w03,0.99
2018-02-09,2018-02-16,20180209_s099_w03,0.99
2018-02-16,2018-02-23,20180216_s099_w03,0.99
2018-02-23,2018-03-02,20180223_s099_w03,0.99
2018-03-02,2018-03-09,20180302_s099_w03,0.99
2018-03-09,2018-03-16,20180309_s099_w03,0.99
2018-03-16,2018-03-23,20180316_s099_w03,0.99
2018-03-23,2018-03-29,20180323_s099_w03,0.99
2018-03-29,2018-04-06,20180329_s099_w03,0.99
2018-04-06,2018-04-13,20180406_s099_w03,0.99
2018-04-13,2018-04-20,20180413_s099_w03,0.99
2018-04-20,2018-04-27,20180420_s099_w03,0.99
2018-04-27,2018-05-04,20180427_s099_w03,0.99
2018-05-04,2018-05-11,20180504_s099_w03,0.99
2018-05-11,2018-05-18,20180511_s099_w03,0.99
2018-05-18,2018-05-25,20180518_s099_w03,0.99
2018-05-25,2018-06-01,20180525_s099_w03,0.99
2018-06-01,2018-06-08,20180601_s099_w03,0.99
2018-06-08,2018-06-15,20180608_s099_w03,0.99
2018-06-15,2018-06-22,20180615_s099_w03,0.99
2018-06-22,2018-06-29,20180622_s099_w03,0.99
2018-06-29,2018-07-06,20180629_s099_w03,0.99
2018-07-06,2018-07-13,20180706_s099_w03,0.99
2018-07-13,2018-07-20,20180713_s099_w03,0.99
2018-07-20,2018-07-27,20180720_s099_w03,0.99
2018-07-27,2018-08-03,20180727_s099_w03,0.99
2018-08-03,2018-08-10,20180803_s099_w03,0.99
2018-08-10,2018-08-17,20180810_s099_w03,0.99
2018-08-17,2018-08-24,20180817_s099_w03,0.99
2018-08-24,2018-08-31,20180824_s099_w03,0.99
2018-08-31,2018-09-07,20180831_s099_w03,0.99
2018-09-07,2018-09-14,20180907_s099_w03,0.99
2018-09-14,2018-09-21,20180914_s099_w03,0.99
2018-09-21,2018-09-28,20180921_s099_w03,0.99
2018-09-28,2018-10-05,20180928_s099_w03,0.99
2018-10-05,2018-10-12,20181005_s099_w03,0.99
2018-10-12,2018-10-19,20181012_s099_w03,0.99
2018-10-19,2018-10-26,20181019_s099_w03,0.99
2018-10-26,2018-11-02,20181026_s099_w03,0.99
2018-11-02,2018-11-09,20181102_s099_w03,0.99
2018-11-09,2018-11-16,20181109_s099_w03,0.99
2018-11-16,2018-11-23,20181116_s099_w03,0.99
2018-11-23,2018-11-30,20181123_s099_w03,0.99
2018-11-30,2018-12-07,20181130_s099_w03,0.99
2018-12-07,2018-12-14,20181207_s099_w03,0.99
2018-12-14,2018-12-21,20181214_s099_w03,0.99
2018-12-21,2018-12-28,20181221_s099_w03,0.99
2018-12-28,2019-01-04,20181228_s099_w03,0.99
2019-01-04,2019-01-11,20190104_s099_w03,0.99
2019-01-11,2019-01-18,20190111_s099_w03,0.99
2019-01-18,2019-01-25,20190118_s099_w03,0.99
2019-01-25,2019-02-01,20190125_s099_w03,0.99
2019-02-01,2019-02-08,20190201_s099_w03,0.99
2019-02-08,2019-02-15,20190208_s099_w03,0.99
2019-02-15,2019-02-22,20190215_s099_w03,0.99
2019-02-22,2019-03-01,20190222_s099_w03,0.99
2019-03-01,2019-03-08,20190301_s099_w03,0.99
2019-03-08,2019-03-15,20190308_s099_w03,0.99
2019-03-15,2019-03-22,20190315_s099_w03,0.99
2019-03-22,2019-03-29,20190322_s099_w03,0.99
2019-03-29,2019-04-05,20190329_s099_w03,0.99
2019-04-05,2019-04-12,20190405_s099_w03,0.99
2019-04-12,2019-04-18,20190412_s099_w03,0.99
2019-04-18,2019-04-26,20190418_s099_w03,0.99
2019-04-26,2019-05-03,20190426_s099_w03,0.99
2019-05-03,2019-05-10,20190503_s099_w03,0.99
2019-05-10,2019-05-17,20190510_s099_w03,0.99
2019-05-17,2019-05-24,20190517_s099_w03,0.99
2019-05-24,2019-05-31,20190524_s099_w03,0.99
2019-05-31,2019-06-07,20190531_s099_w03,0.99
2019-06-07,2019-06-14,20190607_s099_w03,0.99
2019-06-14,2019-06-21,20190614_s099_w03,0.99
2019-06-21,2019-06-28,20190621_s099_w03,0.99
2019-06-28,2019-07-05,20190628_s099_w03,0.99
2019-07-05,2019-07-12,20190705_s099_w03,0.99
2019-07-12,2019-07-19,20190712_s099_w03,0.99
2019-07-19,2019-07-26,20190719_s099_w03,0.99
2019-07-26,2019-08-02,20190726_s099_w03,0.99
2019-08-02,2019-08-09,20190802_s099_w03,0.99
2019-08-09,2019-08-16,20190809_s099_w03,0.99
2019-08-16,2019-08-23,20190816_s099_w03,0.99
2019-08-23,2019-08-30,20190823_s099_w03,0.99
2019-08-30,2019-09-06,20190830_s099_w03,0.99
2019-09-06,2019-09-13,20190906_s099_w03,0.99
2019-09-13,2019-09-20,20190913_s099_w03,0.99
2019-09-20,2019-09-27,20190920_s099_w03,0.99
2019-09-27,2019-10-04,20190927_s099_w03,0.99
2019-10-04,2019-10-11,20191004_s099_w03,0.99
2019-10-11,2019-10-18,20191011_s099_w03,0.99
2019-10-18,2019-10-25,20191018_s099_w03,0.99
2019-10-25,2019-11-01,20191025_s099_w03,0.99
2019-11-01,2019-11-08,20191101_s099_w03,0.99
2019-11-08,2019-11-15,20191108_s099_w03,0.99
2019-11-15,2019-11-22,20191115_s099_w03,0.99
2019-11-22,2019-11-29,20191122_s099_w03,0.99
2019-11-29,2019-12-06,20191129_s099_w03,0.99
2019-12-06,2019-12-13,20191206_s099_w03,0.99
2019-12-13,2019-12-20,20191213_s099_w03,0.99
2019-12-20,2019-12-27,20191220_s099_w03,0.99
2019-12-27,2020-01-03,20191227_s099_w03,0.99
2020-01-03,2020-01-10,20200103_s099_w03,0.99
2020-01-10,2020-01-17,20200110_s099_w03,0.99
2020-01-17,2020-01-24,20200117_s099_w03,0.99
2020-01-24,2020-01-31,20200124_s099_w03,0.99
2020-01-31,2020-02-07,20200131_s099_w03,0.99
2020-02-07,2020-02-14,20200207_s099_w03,0.99
2020-02-14,2020-02-21,20200214_s099_w03,0.99
2020-02-21,2020-02-28,20200221_s099_w03,0.99
2020-02-28,2020-03-06,20200228_s099_w03,0.99
2020-03-06,2020-03-13,20200306_s099_w03,0.99
2020-03-13,2020-03-20,20200313_s099_w03,0.99
2020-03-20,2020-03-27,20200320_s099_w03,0.99
2020-03-27,2020-04-03,20200327_s099_w03,0.99
2020-04-03,2020-04-09,20200403_s099_w03,0.99
2020-04-09,2020-04-17,20200409_s099_w03,0.99
2020-04-17,2020-04-24,20200417_s099_w03,0.99
2020-04-24,2020-05-01,20200424_s099_w03,0.99
2020-05-01,2020-05-08,20200501_s099_w03,0.99
2020-05-08,2020-05-15,20200508_s099_w03,0.99
2020-05-15,2020-05-22,20200515_s099_w03,0.99
2020-05-22,2020-05-29,20200522_s099_w03,0.99
2020-05-29,2020-06-05,20200529_s099_w03,0.99
2020-06-05,2020-06-12,20200605_s099_w03,0.99
2020-06-12,2020-06-19,20200612_s099_w03,0.99
2020-06-19,2020-06-26,20200619_s099_w03,0.99
2020-06-26,2020-07-02,20200626_s099_w03,0.99
2020-07-02,2020-07-10,20200702_s099_w03,0.99
2020-07-10,2020-07-17,20200710_s099_w03,0.99
2020-07-17,2020-07-24,20200717_s099_w03,0.99
2020-07-24,2020-07-31,20200724_s099_w03,0.99
2020-07-31,2020-08-07,20200731_s099_w03,0.99
2020-08-07,2020-08-14,20200807_s099_w03,0.99
2020-08-14,2020-08-21,20200814_s099_w03,0.99
2020-08-21,2020-08-28,20200821_s099_w03,0.99
2020-08-28,2020-09-04,20200828_s099_w03,0.99
2020-09-04,2020-09-11,20200904_s099_w03,0.99
2020-09-11,2020-09-18,20200911_s099_w03,0.99
2020-09-18,2020-09-25,20200918_s099_w03,0.99
2020-09-25,2020-10-02,20200925_s099_w03,0.99
2020-10-02,2020-10-09,20201002_s099_w03,0.99
2020-10-09,2020-10-16,20201009_s099_w03,0.99
2020-10-16,2020-10-23,20201016_s099_w03,0.99
2020-10-23,2020-10-30,20201023_s099_w03,0.99
2020-10-30,2020-11-06,20201030_s099_w03,0.99
2020-11-06,2020-11-13,20201106_s099_w03,0.99
2020-11-13,2020-11-20,20201113_s099_w03,0.99
2020-11-20,2020-11-27,20201120_s099_w03,0.99
2020-11-27,2020-12-04,20201127_s099_w03,0.99
2020-12-04,2020-12-11,20201204_s099_w03,0.99
2020-12-11,2020-12-18,20201211_s099_w03,0.99
2020-12-18,2020-12-24,20201218_s099_w03,0.99
2020-12-24,2020-12-31,20201224_s099_w03,0.99
2020-12-31,2021-01-08,20201231_s099_w03,0.99
2021-01-08,2021-01-15,20210108_s099_w03,0.99
2021-01-15,2021-01-22,20210115_s099_w03,0.99
2021-01-22,2021-01-29,20210122_s099_w03,0.99
2021-01-29,2021-02-05,20210129_s099_w03,0.99
2021-02-05,2021-02-12,20210205_s099_w03,0.99
2021-02-12,2021-02-19,20210212_s099_w03,0.99
2021-02-19,2021-02-26,20210219_s099_w03,0.99
2021-02-26,2021-03-05,20210226_s099_w03,0.99
2021-03-05,2021-03-12,20210305_s099_w03,0.99
2021-03-12,2021-03-19,20210312_s099_w03,0.99
2021-03-19,2021-03-26,20210319_s099_w03,0.99
2021-03-26,2021-04-01,20210326_s099_w03,0.99
2021-04-01,2021-04-09,20210401_s099_w03,0.99
2021-04-09,2021-04-16,20210409_s099_w03,0.99
2021-04-16,2021-04-23,20210416_s099_w03,0.99
2021-04-23,2021-04-30,20210423_s099_w03,0.99
2021-04-30,2021-05-07,20210430_s099_w03,0.99
2021-05-07,2021-05-14,20210507_s099_w03,0.99
2021-05-14,2021-05-21,20210514_s099_w03,0.99
2021-05-21,2021-05-28,20210521_s099_w03,0.99
2021-05-28,2021-06-04,20210528_s099_w03,0.99
2021-06-04,2021-06-11,20210604_s099_w03,0.99
2021-06-11,2021-06-18,20210611_s099_w03,0.99
2021-06-18,2021-06-25,20210618_s099_w03,0.99
2021-06-25,2021-07-02,20210625_s099_w03,0.99
2021-07-02,2021-07-09,20210702_s099_w03,0.99
2021-07-09,2021-07-16,20210709_s099_w03,0.99
2021-07-16,2021-07-23,20210716_s099_w03,0.99
2021-07-23,2021-07-30,20210723_s099_w03,0.99
2021-07-30,2021-08-06,20210730_s099_w03,0.99
2021-08-06,2021-08-13,20210806_s099_w03,0.99
2021-08-13,2021-08-20,20210813_s099_w03,0.99
2021-08-20,2021-08-27,20210820_s099_w03,0.99
2021-08-27,2021-09-03,20210827_s099_w03,0.99
2021-09-03,2021-09-10,20210903_s099_w03,0.99
2021-09-10,2021-09-17,20210910_s099_w03,0.99
2021-09-17,2021-09-24,20210917_s099_w03,0.99
2021-09-24,2021-10-01,20210924_s099_w03,0.99
2021-10-01,2021-10-08,20211001_s099_w03,0.99
2021-10-08,2021-10-15,20211008_s099_w03,0.99
2021-10-15,2021-10-22,20211015_s099_w03,0.99
2021-10-22,2021-10-29,20211022_s099_w03,0.99
2021-10-29,2021-11-05,20211029_s099_w03,0.99
2021-11-05,2021-11-12,20211105_s099_w03,0.99
2021-11-12,2021-11-19,20211112_s099_w03,0.99
2021-11-19,2021-11-26,20211119_s099_w03,0.99
2021-11-26,2021-12-03,20211126_s099_w03,0.99
2021-12-03,2021-12-10,20211203_s099_w03,0.99
2021-12-10,2021-12-17,20211210_s099_w03,0.99
2021-12-17,2021-12-23,20211217_s099_w03,0.99
2021-12-23,2021-12-31,20211223_s099_w03,0.99
2021-12-31,2022-01-07,20211231_s099_w03,0.99
2022-01-07,2022-01-14,20220107_s099_w03,0.99
2022-01-14,2022-01-21,20220114_s099_w03,0.99
2022-01-21,2022-01-28,20220121_s099_w03,0.99
2022-01-28,2022-02-04,20220128_s099_w03,0.99
2022-02-04,2022-02-11,20220204_s099_w03,0.99
2022-02-11,2022-02-18,20220211_s099_w03,0.99
2022-02-18,2022-02-25,20220218_s099_w03,0.99
2022-02-25,2022-03-04,20220225_s099_w03,0.99
2022-03-04,2022-03-11,20220304_s099_w03,0.99
2022-03-11,2022-03-18,20220311_s099_w03,0.99
2022-03-18,2022-03-25,20220318_s099_w03,0.99
2022-03-25,2022-04-01,20220325_s099_w03,0.99
2022-04-01,2022-04-08,20220401_s099_w03,0.99
2022-04-08,2022-04-14,20220408_s099_w03,0.99
2022-04-14,2022-04-22,20220414_s099_w03,0.99
2022-04-22,2022-04-29,20220422_s099_w03,0.99
2022-04-29,2022-05-06,20220429_s099_w03,0.99
2022-05-06,2022-05-13,20220506_s099_w03,0.99
2022-05-13,2022-05-20,20220513_s099_w03,0.99
2022-05-20,2022-05-27,20220520_s099_w03,0.99
2022-05-27,2022-06-03,20220527_s099_w03,0.99
2022-06-03,2022-06-10,20220603_s099_w03,0.99
2022-06-10,2022-06-17,20220610_s099_w03,0.99
2022-06-17,2022-06-24,20220617_s099_w03,0.99
2022-06-24,2022-07-01,20220624_s099_w03,0.99
2022-07-01,2022-07-08,20220701_s099_w03,0.99
2022-07-08,2022-07-15,20220708_s099_w03,0.99
2022-07-15,2022-07-22,20220715_s099_w03,0.99
2022-07-22,2022-07-29,20220722_s099_w03,0.99
2022-07-29,2022-08-05,20220729_s099_w03,0.99
2022-08-05,2022-08-12,20220805_s099_w03,0.99
2022-08-12,2022-08-19,20220812_s099_w03,0.99
2022-08-19,2022-08-26,20220819_s099_w03,0.99
2022-08-26,2022-09-02,20220826_s099_w03,0.99
2022-09-02,2022-09-09,20220902_s099_w03,0.99
2022-09-09,2022-09-16,20220909_s099_w03,0.99
2022-09-16,2022-09-23,20220916_s099_w03,0.99
2022-09-23,2022-09-30,20220923_s099_w03,0.99
2022-09-30,2022-10-07,20220930_s099_w03,0.99
2022-10-07,2022-10-14,20221007_s099_w03,0.99
2022-10-14,2022-10-21,20221014_s099_w03,0.99
2022-10-21,2022-10-28,20221021_s099_w03,0.99
2022-10-28,2022-11-04,20221028_s099_w03,0.99
2022-11-04,2022-11-11,20221104_s099_w03,0.99
2022-11-11,2022-11-18,20221111_s099_w03,0.99
2022-11-18,2022-11-25,20221118_s099_w03,0.99
2022-11-25,2022-12-02,20221125_s099_w03,0.99
2022-12-02,2022-12-09,20221202_s099_w03,0.99
2022-12-09,2022-12-16,20221209_s099_w03,0.99
2022-12-16,2022-12-23,20221216_s099_w03,0.99
2022-12-23,2022-12-30,20221223_s099_w03,0.99
2022-12-30,2023-01-06,20221230_s099_w03,0.99
2023-01-06,2023-01-13,20230106_s099_w03,0.99
2023-01-13,2023-01-20,20230113_s099_w03,0.99
2023-01-20,2023-01-27,20230120_s099_w03,0.99
2023-01-27,2023-02-03,20230127_s099_w03,0.99
2023-02-03,2023-02-10,20230203_s099_w03,0.99
2023-02-10,2023-02-17,20230210_s099_w03,0.99
2023-02-17,2023-02-24,20230217_s099_w03,0.99
2023-02-24,2023-03-03,20230224_s099_w03,0.99
2023-03-03,2023-03-10,20230303_s099_w03,0.99
2023-03-10,2023-03-17,20230310_s099_w03,0.99
2023-03-17,2023-03-24,20230317_s099_w03,0.99
2023-03-24,2023-03-31,20230324_s099_w03,0.99
2023-03-31,2023-04-06,20230331_s099_w03,0.99
2023-04-06,2023-04-14,20230406_s099_w03,0.99
2023-04-14,2023-04-21,20230414_s099_w03,0.99
2023-04-21,2023-04-28,20230421_s099_w03,0.99
2023-04-28,2023-05-05,20230428_s099_w03,0.99
2023-05-05,2023-05-12,20230505_s099_w03,0.99
2023-05-12,2023-05-19,20230512_s099_w03,0.99
2023-05-19,2023-05-26,20230519_s099_w03,0.99
2023-05-26,2023-06-02,20230526_s099_w03,0.99
2023-06-02,2023-06-09,20230602_s099_w03,0.99
2023-06-09,2023-06-16,20230609_s099_w03,0.99
2023-06-16,2023-06-23,20230616_s099_w03,0.99
2023-06-23,2023-06-30,20230623_s099_w03,0.99
2023-06-30,2023-07-07,20230630_s099_w03,0.99
2023-07-07,2023-07-14,20230707_s099_w03,0.99
2023-07-14,2023-07-21,20230714_s099_w03,0.99
2023-07-21,2023-07-28,20230721_s099_w03,0.99
2023-07-28,2023-08-04,20230728_s099_w03,0.99
2023-08-04,2023-08-11,20230804_s099_w03,0.99
2023-08-11,2023-08-18,20230811_s099_w03,0.99
2023-08-18,2023-08-25,20230818_s099_w03,0.99
2023-08-25,2023-09-01,20230825_s099_w03,0.99
2023-09-01,2023-09-08,20230901_s099_w03,0.99
2023-09-08,2023-09-15,20230908_s099_w03,0.99
2023-09-15,2023-09-22,20230915_s099_w03,0.99
2023-09-22,2023-09-29,20230922_s099_w03,0.99
2023-09-29,2023-10-06,20230929_s099_w03,0.99
2023-10-06,2023-10-13,20231006_s099_w03,0.99
2023-10-13,2023-10-20,20231013_s099_w03,0.99
2023-10-20,2023-10-27,20231020_s099_w03,0.99
2023-10-27,2023-11-03,20231027_s099_w03,0.99
2023-11-03,2023-11-10,20231103_s099_w03,0.99
2023-11-10,2023-11-17,20231110_s099_w03,0.99
2023-11-17,2023-11-24,20231117_s099_w03,0.99
2023-11-24,2023-12-01,20231124_s099_w03,0.99
2023-12-01,2023-12-08,20231201_s099_w03,0.99
2023-12-08,2023-12-15,20231208_s099_w03,0.99
2023-12-15,2023-12-22,20231215_s099_w03,0.99
2023-12-22,2023-12-29,20231222_s099_w03,0.99
2023-12-29,2024-01-05,20231229_s099_w03,0.99
2024-01-05,2024-01-12,20240105_s099_w03,0.99
2024-01-12,2024-01-19,20240112_s099_w03,0.99
2024-01-19,2024-01-26,20240119_s099_w03,0.99
2024-01-26,2024-02-02,20240126_s099_w03,0.99
2024-02-02,2024-02-09,20240202_s099_w03,0.99
2024-02-09,2024-02-16,20240209_s099_w03,0.99
2024-02-16,2024-02-23,20240216_s099_w03,0.99
2024-02-23,2024-03-01,20240223_s099_w03,0.99
2024-03-01,2024-03-08,20240301_s099_w03,0.99
2024-03-08,2024-03-15,20240308_s099_w03,0.99
2024-03-15,2024-03-22,20240315_s099_w03,0.99
2024-03-22,2024-03-28,20240322_s099_w03,0.99
2024-03-28,2024-04-05,20240328_s099_w03,0.99
2024-04-05,2024-04-12,20240405_s099_w03,0.99
2024-04-12,2024-04-19,20240412_s099_w03,0.99
2024-04-19,2024-04-26,20240419_s099_w03,0.99
2024-04-26,2024-05-03,20240426_s099_w03,0.99
2024-05-03,2024-05-10,20240503_s099_w03,0.99
2024-05-10,2024-05-17,20240510_s099_w03,0.99
2024-05-17,2024-05-24,20240517_s099_w03,0.99
2024-05-24,2024-05-31,20240524_s099_w03,0.99
2024-05-31,2024-06-07,20240531_s099_w03,0.99
2024-06-07,2024-06-14,20240607_s099_w03,0.99
2024-06-14,2024-06-21,20240614_s099_w03,0.99
2024-06-21,2024-06-28,20240621_s099_w03,0.99
2024-06-28,2024-07-05,20240628_s099_w03,0.99
2024-07-05,2024-07-12,20240705_s099_w03,0.99
2024-07-12,2024-07-19,20240712_s099_w03,0.99
2024-07-19,2024-07-26,20240719_s099_w03,0.99
2024-07-26,2024-08-02,20240726_s099_w03,0.99
2024-08-02,2024-08-09,20240802_s099_w03,0.99
2024-08-09,2024-08-16,20240809_s099_w03,0.99
2024-08-16,2024-08-23,20240816_s099_w03,0.99
2024-08-23,2024-08-30,20240823_s099_w03,0.99
2024-08-30,2024-09-06,20240830_s099_w03,0.99
2024-09-06,2024-09-13,20240906_s099_w03,0.99
2024-09-13,2024-09-20,20240913_s099_w03,0.99
2024-09-20,2024-09-27,20240920_s099_w03,0.99
2024-09-27,2024-10-04,20240927_s099_w03,0.99
2024-10-04,2024-10-11,20241004_s099_w03,0.99
2024-10-11,2024-10-18,20241011_s099_w03,0.99
2024-10-18,2024-10-25,20241018_s099_w03,0.99
2024-10-25,2024-11-01,20241025_s099_w03,0.99
2024-11-01,2024-11-08,20241101_s099_w03,0.99
2024-11-08,2024-11-15,20241108_s099_w03,0.99
2024-11-15,2024-11-22,20241115_s099_w03,0.99
2024-11-22,2024-11-29,20241122_s099_w03,0.99
2024-11-29,2024-12-06,20241129_s099_w03,0.99
2024-12-06,2024-12-13,20241206_s099_w03,0.99
2024-12-13,2024-12-20,20241213_s099_w03,0.99
2024-12-20,2024-12-27,20241220_s099_w03,0.99
2024-12-27,2025-01-03,20241227_s099_w03,0.99
2025-01-03,2025-01-10,20250103_s099_w03,0.99
2025-01-10,2025-01-17,20250110_s099_w03,0.99
2025-01-17,2025-01-24,20250117_s099_w03,0.99
2025-01-24,2025-01-31,20250124_s099_w03,0.99
2025-01-31,2025-02-07,20250131_s099_w03,0.99
2025-02-07,2025-02-14,20250207_s099_w03,0.99
2025-02-14,2025-02-21,20250214_s099_w03,0.99
2025-02-21,2025-02-28,20250221_s099_w03,0.99
2025-02-28,2025-03-07,20250228_s099_w03,0.99
2025-03-07,2025-03-14,20250307_s099_w03,0.99
2025-03-14,2025-03-21,20250314_s099_w03,0.99
2025-03-21,2025-03-28,20250321_s099_w03,0.99
2025-03-28,2025-04-04,20250328_s099_w03,0.99
2025-04-04,2025-04-11,20250404_s099_w03,0.99
2025-04-11,2025-04-17,20250411_s099_w03,0.99
2025-04-17,2025-04-25,20250417_s099_w03,0.99
2025-04-25,2025-05-02,20250425_s099_w03,0.99
2025-05-02,2025-05-09,20250502_s099_w03,0.99
2025-05-09,2025-05-16,20250509_s099_w03,0.99
2025-05-16,2025-05-23,20250516_s099_w03,0.99
2025-05-23,2025-05-30,20250523_s099_w03,0.99
2025-05-30,2025-06-06,20250530_s099_w03,0.99
2025-06-06,2025-06-13,20250606_s099_w03,0.99
2025-06-13,2025-06-20,20250613_s099_w03,0.99
2025-06-20,2025-06-27,20250620_s099_w03,0.99
2025-06-27,2025-07-03,20250627_s099_w03,0.99
2025-07-03,2025-07-11,20250703_s099_w03,0.99
2025-07-11,2025-07-18,20250711_s099_w03,0.99
2025-07-18,2025-07-25,20250718_s099_w03,0.99
2025-07-25,2025-08-01,20250725_s099_w03,0.99
2025-08-01,2025-08-08,20250801_s099_w03,0.99
2025-08-08,2025-08-15,20250808_s099_w03,0.99
2025-08-15,2025-08-22,20250815_s099_w03,0.99
2025-08-22,2025-08-29,20250822_s099_w03,0.99
2025-08-29,2025-09-05,20250829_s099_w03,0.99
2025-09-05,2025-09-12,20250905_s099_w03,0.99
2025-09-12,2025-09-19,20250912_s099_w03,0.99
2025-09-19,2025-09-26,20250919_s099_w03,0.99
2025-09-26,2025-10-03,20250926_s099_w03,0.99
2025-10-03,2025-10-10,20251003_s099_w03,0.99
2025-10-10,2025-10-17,20251010_s099_w03,0.99
2025-10-17,2025-10-24,20251017_s099_w03,0.99
2025-10-24,2025-10-31,20251024_s099_w03,0.99
2025-10-31,2025-11-07,20251031_s099_w03,0.99
2025-11-07,2025-11-14,20251107_s099_w03,0.99
2025-11-14,2025-11-21,20251114_s099_w03,0.99
2025-11-21,2025-11-28,20251121_s099_w03,0.99
2025-11-28,2025-12-05,20251128_s099_w03,0.99
2025-12-05,2025-12-12,20251205_s099_w03,0.99
2025-12-12,2025-12-19,20251212_s099_w03,0.99
2025-12-19,2025-12-26,20251219_s099_w03,0.99
2025-12-26,2026-01-02,20251226_s099_w03,0.99
2026-01-02,2026-01-09,20260102_s099_w03,0.99
2026-01-09,2026-01-16,20260109_s099_w03,0.99
2026-01-16,2026-01-23,20260116_s099_w03,0.99
2026-01-23,2026-01-30,20260123_s099_w03,0.99
2026-01-30,2026-02-06,20260130_s099_w03,0.99
2026-02-06,2026-02-13,20260206_s099_w03,0.99
2026-02-13,2026-02-20,20260213_s099_w03,0.99
2026-02-20,2026-02-27,20260220_s099_w03,0.99
2026-02-27,2026-03-06,20260227_s099_w03,0.99
2026-03-06,2026-03-13,20260306_s099_w03,0.99
2026-03-13,2026-03-20,20260313_s099_w03,0.99
2026-03-20,2026-03-27,20260320_s099_w03,0.99
2026-03-27,2026-04-02,20260327_s099_w03,0.99
2026-04-02,2026-04-10,20260402_s099_w03,0.99
2026-04-10,2026-04-17,20260410_s099_w03,0.99
2026-04-17,2026-04-24,20260417_s099_w03,0.99
2026-04-24,2026-05-01,20260424_s099_w03,0.99
2026-05-01,2026-05-08,20260501_s099_w03,0.99
2026-05-08,2026-05-15,20260508_s099_w03,0.99
2026-05-15,2026-05-22,20260515_s099_w03,0.99
2026-05-22,2026-05-29,20260522_s099_w03,0.99
2026-05-29,2026-06-05,20260529_s099_w03,0.99
2026-06-05,2026-06-12,20260605_s099_w03,0.99
2026-06-12,2026-06-18,20260612_s099_w03,0.99
2026-06-18,2026-06-26,20260618_s099_w03,0.99
2026-06-26,2026-07-02,20260626_s099_w03,0.99
2026-07-02,2026-07-10,20260702_s099_w03,0.99
2026-07-10,2026-07-17,20260710_s099_w03,0.99
2026-07-17,2026-07-24,20260717_s099_w03,0.99
2026-07-24,2026-07-31,20260724_s099_w03,0.99
2026-07-31,2026-08-07,20260731_s099_w03,0.99
2026-08-07,2026-08-14,20260807_s099_w03,0.99
2026-08-14,2026-08-21,20260814_s099_w03,0.99
2026-08-21,2026-08-28,20260821_s099_w03,0.99
2026-08-28,2026-09-04,20260828_s099_w03,0.99
2026-09-04,2026-09-11,20260904_s099_w03,0.99
2026-09-11,2026-09-18,20260911_s099_w03,0.99
