,missing_fraction
dte,0.0
actual_short_ratio,0.0
actual_long_ratio,0.0
width_pct,0.0
premium_realistic_pct_spot_notional,0.0
max_loss_realistic_pct,0.0
credit_over_width,0.0
credit_over_max_loss,0.0
short_price_pct,0.0
hedge_price_pct,0.0
hedge_over_short_price,0.0
extrinsic_credit_pct,0.0
short_extrinsic_pct,0.0
long_extrinsic_pct,0.0
econ_expected_edge,0.19929660023446658
econ_short_fair_edge,0.19929660023446658
econ_long_fair_edge,0.19929660023446658
econ_std_liability,0.19929660023446658
econ_tail_loss_95,0.19929660023446658
econ_probability_loss,0.19929660023446658
econ_probability_max_loss,0.19929660023446658
econ_normal_expected_edge,0.0
short_delta,0.0
long_delta,0.0
net_delta,0.0
net_gamma,0.0
net_theta,0.0
net_vega,0.0
short_vega,0.0
long_vega,0.0
gamma_one_percent_move,0.0
theta_tenor_pct,0.0
credit_per_delta_rv_risk,0.0
short_implied_volatility,0.0
long_implied_volatility,0.0
short_iv_rv21,0.0
long_iv_rv21,0.0
short_iv_rv5,0.0
short_iv_rv_z52,0.05020343424591407
long_iv_rv_z52,0.05020343424591407
long_minus_short_iv,0.0
short_iv_minus_atm,0.0
long_iv_minus_atm,0.0
same_expiry_put_skew_95_minus_atm,0.0
same_expiry_put_skew_25d_minus_atm,0.0
weekly_monthly_iv_ratio,0.0
short_rv_moneyness,0.0
long_rv_moneyness,0.0
spx_rv_5d,0.0
spx_rv_21d,0.0
spx_rv_63d,0.0
vix,0.0
vvix,0.0
vix3m,0.0
vix_to_vix3m,0.0
vvix_to_vix,0.0
vix_to_spx_rv_21d,0.0
vix_zscore_252d,0.0
vvix_zscore_252d,0.0
vix3m_zscore_252d,0.0
spx_momentum_1d,0.0
spx_momentum_5d,0.0
spx_momentum_21d,0.0
spx_momentum_63d,0.0
spx_momentum_252d,0.0
spx_drawdown_252d,0.0
vix_change_5d,0.0
vix_change_21d,0.0
vvix_change_5d,0.0
vvix_change_21d,0.0
log_short_volume,0.0
log_long_volume,0.0
log_short_oi,0.0
log_long_oi,0.0
short_volume_oi,0.0
long_volume_oi,0.0
lagged_log_short_volume,0.0019309013171505413
lagged_log_long_volume,0.0019309013171505413
short_ba_pct_mid,0.0
long_ba_pct_mid,0.0
execution_cost_pct,0.0
friction_over_credit,0.0
chain_put_call_volume_ratio,0.0
chain_put_call_open_interest_ratio,0.0
same_expiry_put_call_volume_ratio,0.0
same_expiry_put_call_open_interest_ratio,0.0
