entry_date,scheduled_entry_friday,expiration_date,scheduled_expiration_friday,dte,expected_candidates,available_candidates,missing_candidates,baseline_99_96_available
2016-09-23,2016-09-23,2016-09-30,2016-09-30,7,28,27,1,True
2016-09-30,2016-09-30,2016-10-07,2016-10-07,7,28,28,0,True
2016-10-07,2016-10-07,2016-10-14,2016-10-14,7,28,28,0,True
2016-10-14,2016-10-14,2016-10-21,2016-10-21,7,28,28,0,True
2016-10-21,2016-10-21,2016-10-28,2016-10-28,7,28,28,0,True
2016-10-28,2016-10-28,2016-11-04,2016-11-04,7,28,28,0,True
2016-11-04,2016-11-04,2016-11-11,2016-11-11,7,28,28,0,True
2016-11-11,2016-11-11,2016-11-18,2016-11-18,7,28,27,1,True
2016-11-18,2016-11-18,2016-11-25,2016-11-25,7,28,25,3,True
2016-11-25,2016-11-25,2016-12-02,2016-12-02,7,28,26,2,True
2016-12-02,2016-12-02,2016-12-09,2016-12-09,7,28,28,0,True
2016-12-09,2016-12-09,2016-12-16,2016-12-16,7,28,0,28,False
2016-12-16,2016-12-16,2016-12-23,2016-12-23,7,28,28,0,True
2016-12-23,2016-12-23,2016-12-30,2016-12-30,7,28,26,2,True
2016-12-30,2016-12-30,2017-01-06,2017-01-06,7,28,28,0,True
2017-01-06,2017-01-06,2017-01-13,2017-01-13,7,28,27,1,True
2017-01-13,2017-01-13,2017-01-20,2017-01-20,7,28,27,1,True
2017-01-20,2017-01-20,2017-01-27,2017-01-27,7,28,28,0,True
2017-01-27,2017-01-27,2017-02-03,2017-02-03,7,28,28,0,True
2017-02-03,2017-02-03,2017-02-10,2017-02-10,7,28,28,0,True
2017-02-10,2017-02-10,2017-02-17,2017-02-17,7,28,28,0,True
2017-02-17,2017-02-17,2017-02-24,2017-02-24,7,28,26,2,True
2017-02-24,2017-02-24,2017-03-03,2017-03-03,7,28,27,1,True
2017-03-03,2017-03-03,2017-03-10,2017-03-10,7,28,22,6,True
2017-03-10,2017-03-10,2017-03-17,2017-03-17,7,28,28,0,True
2017-03-17,2017-03-17,2017-03-24,2017-03-24,7,28,28,0,True
2017-03-24,2017-03-24,2017-03-31,2017-03-31,7,28,25,3,True
2017-03-31,2017-03-31,2017-04-07,2017-04-07,7,28,28,0,True
2017-04-07,2017-04-07,2017-04-13,2017-04-14,6,28,28,0,True
2017-04-13,2017-04-14,2017-04-21,2017-04-21,8,28,28,0,True
2017-04-21,2017-04-21,2017-04-28,2017-04-28,7,28,28,0,True
2017-04-28,2017-04-28,2017-05-05,2017-05-05,7,28,24,4,True
2017-05-05,2017-05-05,2017-05-12,2017-05-12,7,28,27,1,True
2017-05-12,2017-05-12,2017-05-19,2017-05-19,7,28,27,1,True
2017-05-19,2017-05-19,2017-05-26,2017-05-26,7,28,28,0,True
2017-05-26,2017-05-26,2017-06-02,2017-06-02,7,28,28,0,True
2017-06-02,2017-06-02,2017-06-09,2017-06-09,7,28,27,1,True
2017-06-09,2017-06-09,2017-06-16,2017-06-16,7,28,28,0,True
2017-06-16,2017-06-16,2017-06-23,2017-06-23,7,28,28,0,True
2017-06-23,2017-06-23,2017-06-30,2017-06-30,7,28,28,0,True
2017-06-30,2017-06-30,2017-07-07,2017-07-07,7,28,28,0,True
2017-07-07,2017-07-07,2017-07-14,2017-07-14,7,28,27,1,True
2017-07-14,2017-07-14,2017-07-21,2017-07-21,7,28,27,1,True
2017-07-21,2017-07-21,2017-07-28,2017-07-28,7,28,27,1,True
2017-07-28,2017-07-28,2017-08-04,2017-08-04,7,28,27,1,True
2017-08-04,2017-08-04,2017-08-11,2017-08-11,7,28,25,3,True
2017-08-11,2017-08-11,2017-08-18,2017-08-18,7,28,28,0,True
2017-08-18,2017-08-18,2017-08-25,2017-08-25,7,28,28,0,True
2017-08-25,2017-08-25,2017-09-01,2017-09-01,7,28,28,0,True
2017-09-01,2017-09-01,2017-09-08,2017-09-08,7,28,28,0,True
2017-09-08,2017-09-08,2017-09-15,2017-09-15,7,28,27,1,True
2017-09-15,2017-09-15,2017-09-22,2017-09-22,7,28,28,0,True
2017-09-22,2017-09-22,2017-09-29,2017-09-29,7,28,28,0,True
2017-09-29,2017-09-29,2017-10-06,2017-10-06,7,28,25,3,True
2017-10-06,2017-10-06,2017-10-13,2017-10-13,7,28,28,0,True
2017-10-13,2017-10-13,2017-10-20,2017-10-20,7,28,27,1,True
2017-10-20,2017-10-20,2017-10-27,2017-10-27,7,28,28,0,True
2017-10-27,2017-10-27,2017-11-03,2017-11-03,7,28,28,0,True
2017-11-03,2017-11-03,2017-11-10,2017-11-10,7,28,27,1,True
2017-11-10,2017-11-10,2017-11-17,2017-11-17,7,28,28,0,True
2017-11-17,2017-11-17,2017-11-24,2017-11-24,7,28,28,0,True
2017-11-24,2017-11-24,2017-12-01,2017-12-01,7,28,27,1,True
2017-12-01,2017-12-01,2017-12-08,2017-12-08,7,28,28,0,True
2017-12-08,2017-12-08,2017-12-15,2017-12-15,7,28,27,1,True
2017-12-15,2017-12-15,2017-12-22,2017-12-22,7,28,27,1,True
2017-12-22,2017-12-22,2017-12-29,2017-12-29,7,28,28,0,True
2017-12-29,2017-12-29,2018-01-05,2018-01-05,7,28,28,0,True
2018-01-05,2018-01-05,2018-01-12,2018-01-12,7,28,28,0,True
2018-01-12,2018-01-12,2018-01-19,2018-01-19,7,28,28,0,True
2018-01-19,2018-01-19,2018-01-26,2018-01-26,7,28,28,0,True
2018-01-26,2018-01-26,2018-02-02,2018-02-02,7,28,28,0,True
2018-02-02,2018-02-02,2018-02-09,2018-02-09,7,28,28,0,True
2018-02-09,2018-02-09,2018-02-16,2018-02-16,7,28,28,0,True
2018-02-16,2018-02-16,2018-02-23,2018-02-23,7,28,28,0,True
2018-02-23,2018-02-23,2018-03-02,2018-03-02,7,28,28,0,True
2018-03-02,2018-03-02,2018-03-09,2018-03-09,7,28,28,0,True
2018-03-09,2018-03-09,2018-03-16,2018-03-16,7,28,28,0,True
2018-03-16,2018-03-16,2018-03-23,2018-03-23,7,28,28,0,True
2018-03-23,2018-03-23,2018-03-29,2018-03-30,6,28,28,0,True
2018-03-29,2018-03-30,2018-04-06,2018-04-06,8,28,28,0,True
2018-04-06,2018-04-06,2018-04-13,2018-04-13,7,28,28,0,True
2018-04-13,2018-04-13,2018-04-20,2018-04-20,7,28,28,0,True
2018-04-20,2018-04-20,2018-04-27,2018-04-27,7,28,28,0,True
2018-04-27,2018-04-27,2018-05-04,2018-05-04,7,28,28,0,True
2018-05-04,2018-05-04,2018-05-11,2018-05-11,7,28,28,0,True
2018-05-11,2018-05-11,2018-05-18,2018-05-18,7,28,28,0,True
2018-05-18,2018-05-18,2018-05-25,2018-05-25,7,28,28,0,True
2018-05-25,2018-05-25,2018-06-01,2018-06-01,7,28,28,0,True
2018-06-01,2018-06-01,2018-06-08,2018-06-08,7,28,28,0,True
2018-06-08,2018-06-08,2018-06-15,2018-06-15,7,28,28,0,True
2018-06-15,2018-06-15,2018-06-22,2018-06-22,7,28,28,0,True
2018-06-22,2018-06-22,2018-06-29,2018-06-29,7,28,28,0,True
2018-06-29,2018-06-29,2018-07-06,2018-07-06,7,28,28,0,True
2018-07-06,2018-07-06,2018-07-13,2018-07-13,7,28,28,0,True
2018-07-13,2018-07-13,2018-07-20,2018-07-20,7,28,28,0,True
2018-07-20,2018-07-20,2018-07-27,2018-07-27,7,28,28,0,True
2018-07-27,2018-07-27,2018-08-03,2018-08-03,7,28,28,0,True
2018-08-03,2018-08-03,2018-08-10,2018-08-10,7,28,28,0,True
2018-08-10,2018-08-10,2018-08-17,2018-08-17,7,28,28,0,True
2018-08-17,2018-08-17,2018-08-24,2018-08-24,7,28,28,0,True
2018-08-24,2018-08-24,2018-08-31,2018-08-31,7,28,28,0,True
2018-08-31,2018-08-31,2018-09-07,2018-09-07,7,28,24,4,True
2018-09-07,2018-09-07,2018-09-14,2018-09-14,7,28,28,0,True
2018-09-14,2018-09-14,2018-09-21,2018-09-21,7,28,28,0,True
2018-09-21,2018-09-21,2018-09-28,2018-09-28,7,28,28,0,True
2018-09-28,2018-09-28,2018-10-05,2018-10-05,7,28,28,0,True
2018-10-05,2018-10-05,2018-10-12,2018-10-12,7,28,27,1,True
2018-10-12,2018-10-12,2018-10-19,2018-10-19,7,28,28,0,True
2018-10-19,2018-10-19,2018-10-26,2018-10-26,7,28,28,0,True
2018-10-26,2018-10-26,2018-11-02,2018-11-02,7,28,28,0,True
2018-11-02,2018-11-02,2018-11-09,2018-11-09,7,28,28,0,True
2018-11-09,2018-11-09,2018-11-16,2018-11-16,7,28,28,0,True
2018-11-16,2018-11-16,2018-11-23,2018-11-23,7,28,28,0,True
2018-11-23,2018-11-23,2018-11-30,2018-11-30,7,28,28,0,True
2018-11-30,2018-11-30,2018-12-07,2018-12-07,7,28,28,0,True
2018-12-07,2018-12-07,2018-12-14,2018-12-14,7,28,28,0,True
2018-12-14,2018-12-14,2018-12-21,2018-12-21,7,28,28,0,True
2018-12-21,2018-12-21,2018-12-28,2018-12-28,7,28,28,0,True
2018-12-28,2018-12-28,2019-01-04,2019-01-04,7,28,28,0,True
2019-01-04,2019-01-04,2019-01-11,2019-01-11,7,28,28,0,True
2019-01-11,2019-01-11,2019-01-18,2019-01-18,7,28,28,0,True
2019-01-18,2019-01-18,2019-01-25,2019-01-25,7,28,28,0,True
2019-01-25,2019-01-25,2019-02-01,2019-02-01,7,28,28,0,True
2019-02-01,2019-02-01,2019-02-08,2019-02-08,7,28,28,0,True
2019-02-08,2019-02-08,2019-02-15,2019-02-15,7,28,28,0,True
2019-02-15,2019-02-15,2019-02-22,2019-02-22,7,28,28,0,True
2019-02-22,2019-02-22,2019-03-01,2019-03-01,7,28,28,0,True
2019-03-01,2019-03-01,2019-03-08,2019-03-08,7,28,28,0,True
2019-03-08,2019-03-08,2019-03-15,2019-03-15,7,28,28,0,True
2019-03-15,2019-03-15,2019-03-22,2019-03-22,7,28,28,0,True
2019-03-22,2019-03-22,2019-03-29,2019-03-29,7,28,28,0,True
2019-03-29,2019-03-29,2019-04-05,2019-04-05,7,28,28,0,True
2019-04-05,2019-04-05,2019-04-12,2019-04-12,7,28,28,0,True
2019-04-12,2019-04-12,2019-04-18,2019-04-19,6,28,28,0,True
2019-04-18,2019-04-19,2019-04-26,2019-04-26,8,28,28,0,True
2019-04-26,2019-04-26,2019-05-03,2019-05-03,7,28,28,0,True
2019-05-03,2019-05-03,2019-05-10,2019-05-10,7,28,27,1,True
2019-05-10,2019-05-10,2019-05-17,2019-05-17,7,28,28,0,True
2019-05-17,2019-05-17,2019-05-24,2019-05-24,7,28,28,0,True
2019-05-24,2019-05-24,2019-05-31,2019-05-31,7,28,28,0,True
2019-05-31,2019-05-31,2019-06-07,2019-06-07,7,28,28,0,True
2019-06-07,2019-06-07,2019-06-14,2019-06-14,7,28,28,0,True
2019-06-14,2019-06-14,2019-06-21,2019-06-21,7,28,28,0,True
2019-06-21,2019-06-21,2019-06-28,2019-06-28,7,28,28,0,True
2019-06-28,2019-06-28,2019-07-05,2019-07-05,7,28,28,0,True
2019-07-05,2019-07-05,2019-07-12,2019-07-12,7,28,28,0,True
2019-07-12,2019-07-12,2019-07-19,2019-07-19,7,28,28,0,True
2019-07-19,2019-07-19,2019-07-26,2019-07-26,7,28,28,0,True
2019-07-26,2019-07-26,2019-08-02,2019-08-02,7,28,28,0,True
2019-08-02,2019-08-02,2019-08-09,2019-08-09,7,28,28,0,True
2019-08-09,2019-08-09,2019-08-16,2019-08-16,7,28,28,0,True
2019-08-16,2019-08-16,2019-08-23,2019-08-23,7,28,28,0,True
2019-08-23,2019-08-23,2019-08-30,2019-08-30,7,28,28,0,True
2019-08-30,2019-08-30,2019-09-06,2019-09-06,7,28,28,0,True
2019-09-06,2019-09-06,2019-09-13,2019-09-13,7,28,28,0,True
2019-09-13,2019-09-13,2019-09-20,2019-09-20,7,28,28,0,True
2019-09-20,2019-09-20,2019-09-27,2019-09-27,7,28,28,0,True
2019-09-27,2019-09-27,2019-10-04,2019-10-04,7,28,28,0,True
2019-10-04,2019-10-04,2019-10-11,2019-10-11,7,28,28,0,True
2019-10-11,2019-10-11,2019-10-18,2019-10-18,7,28,28,0,True
2019-10-18,2019-10-18,2019-10-25,2019-10-25,7,28,28,0,True
2019-10-25,2019-10-25,2019-11-01,2019-11-01,7,28,28,0,True
2019-11-01,2019-11-01,2019-11-08,2019-11-08,7,28,28,0,True
2019-11-08,2019-11-08,2019-11-15,2019-11-15,7,28,28,0,True
2019-11-15,2019-11-15,2019-11-22,2019-11-22,7,28,28,0,True
2019-11-22,2019-11-22,2019-11-29,2019-11-29,7,28,28,0,True
2019-11-29,2019-11-29,2019-12-06,2019-12-06,7,28,28,0,True
2019-12-06,2019-12-06,2019-12-13,2019-12-13,7,28,28,0,True
2019-12-13,2019-12-13,2019-12-20,2019-12-20,7,28,28,0,True
2019-12-20,2019-12-20,2019-12-27,2019-12-27,7,28,28,0,True
2019-12-27,2019-12-27,2020-01-03,2020-01-03,7,28,28,0,True
2020-01-03,2020-01-03,2020-01-10,2020-01-10,7,28,28,0,True
2020-01-10,2020-01-10,2020-01-17,2020-01-17,7,28,28,0,True
2020-01-17,2020-01-17,2020-01-24,2020-01-24,7,28,28,0,True
2020-01-24,2020-01-24,2020-01-31,2020-01-31,7,28,28,0,True
2020-01-31,2020-01-31,2020-02-07,2020-02-07,7,28,28,0,True
2020-02-07,2020-02-07,2020-02-14,2020-02-14,7,28,28,0,True
2020-02-14,2020-02-14,2020-02-21,2020-02-21,7,28,27,1,True
2020-02-21,2020-02-21,2020-02-28,2020-02-28,7,28,28,0,True
2020-02-28,2020-02-28,2020-03-06,2020-03-06,7,28,28,0,True
2020-03-06,2020-03-06,2020-03-13,2020-03-13,7,28,28,0,True
2020-03-13,2020-03-13,2020-03-20,2020-03-20,7,28,28,0,True
2020-03-20,2020-03-20,2020-03-27,2020-03-27,7,28,28,0,True
2020-03-27,2020-03-27,2020-04-03,2020-04-03,7,28,28,0,True
2020-04-03,2020-04-03,2020-04-09,2020-04-10,6,28,28,0,True
2020-04-09,2020-04-10,2020-04-17,2020-04-17,8,28,28,0,True
2020-04-17,2020-04-17,2020-04-24,2020-04-24,7,28,28,0,True
2020-04-24,2020-04-24,2020-05-01,2020-05-01,7,28,28,0,True
2020-05-01,2020-05-01,2020-05-08,2020-05-08,7,28,28,0,True
2020-05-08,2020-05-08,2020-05-15,2020-05-15,7,28,28,0,True
2020-05-15,2020-05-15,2020-05-22,2020-05-22,7,28,28,0,True
2020-05-22,2020-05-22,2020-05-29,2020-05-29,7,28,28,0,True
2020-05-29,2020-05-29,2020-06-05,2020-06-05,7,28,28,0,True
2020-06-05,2020-06-05,2020-06-12,2020-06-12,7,28,28,0,True
2020-06-12,2020-06-12,2020-06-19,2020-06-19,7,28,28,0,True
2020-06-19,2020-06-19,2020-06-26,2020-06-26,7,28,28,0,True
2020-06-26,2020-06-26,2020-07-02,2020-07-03,6,28,28,0,True
2020-07-02,2020-07-03,2020-07-10,2020-07-10,8,28,28,0,True
2020-07-10,2020-07-10,2020-07-17,2020-07-17,7,28,28,0,True
2020-07-17,2020-07-17,2020-07-24,2020-07-24,7,28,28,0,True
2020-07-24,2020-07-24,2020-07-31,2020-07-31,7,28,28,0,True
2020-07-31,2020-07-31,2020-08-07,2020-08-07,7,28,28,0,True
2020-08-07,2020-08-07,2020-08-14,2020-08-14,7,28,28,0,True
2020-08-14,2020-08-14,2020-08-21,2020-08-21,7,28,28,0,True
2020-08-21,2020-08-21,2020-08-28,2020-08-28,7,28,28,0,True
2020-08-28,2020-08-28,2020-09-04,2020-09-04,7,28,28,0,True
2020-09-04,2020-09-04,2020-09-11,2020-09-11,7,28,28,0,True
2020-09-11,2020-09-11,2020-09-18,2020-09-18,7,28,28,0,True
2020-09-18,2020-09-18,2020-09-25,2020-09-25,7,28,28,0,True
2020-09-25,2020-09-25,2020-10-02,2020-10-02,7,28,28,0,True
2020-10-02,2020-10-02,2020-10-09,2020-10-09,7,28,28,0,True
2020-10-09,2020-10-09,2020-10-16,2020-10-16,7,28,28,0,True
2020-10-16,2020-10-16,2020-10-23,2020-10-23,7,28,28,0,True
2020-10-23,2020-10-23,2020-10-30,2020-10-30,7,28,28,0,True
2020-10-30,2020-10-30,2020-11-06,2020-11-06,7,28,28,0,True
2020-11-06,2020-11-06,2020-11-13,2020-11-13,7,28,28,0,True
2020-11-13,2020-11-13,2020-11-20,2020-11-20,7,28,28,0,True
2020-11-20,2020-11-20,2020-11-27,2020-11-27,7,28,28,0,True
2020-11-27,2020-11-27,2020-12-04,2020-12-04,7,28,28,0,True
2020-12-04,2020-12-04,2020-12-11,2020-12-11,7,28,28,0,True
2020-12-11,2020-12-11,2020-12-18,2020-12-18,7,28,28,0,True
2020-12-18,2020-12-18,2020-12-24,2020-12-25,6,28,28,0,True
2020-12-24,2020-12-25,2020-12-31,2021-01-01,7,28,28,0,True
2020-12-31,2021-01-01,2021-01-08,2021-01-08,8,28,28,0,True
2021-01-08,2021-01-08,2021-01-15,2021-01-15,7,28,28,0,True
2021-01-15,2021-01-15,2021-01-22,2021-01-22,7,28,28,0,True
2021-01-22,2021-01-22,2021-01-29,2021-01-29,7,28,28,0,True
2021-01-29,2021-01-29,2021-02-05,2021-02-05,7,28,28,0,True
2021-02-05,2021-02-05,2021-02-12,2021-02-12,7,28,28,0,True
2021-02-12,2021-02-12,2021-02-19,2021-02-19,7,28,28,0,True
2021-02-19,2021-02-19,2021-02-26,2021-02-26,7,28,28,0,True
2021-02-26,2021-02-26,2021-03-05,2021-03-05,7,28,28,0,True
2021-03-05,2021-03-05,2021-03-12,2021-03-12,7,28,28,0,True
2021-03-12,2021-03-12,2021-03-19,2021-03-19,7,28,28,0,True
2021-03-19,2021-03-19,2021-03-26,2021-03-26,7,28,28,0,True
2021-03-26,2021-03-26,2021-04-01,2021-04-02,6,28,28,0,True
2021-04-01,2021-04-02,2021-04-09,2021-04-09,8,28,28,0,True
2021-04-09,2021-04-09,2021-04-16,2021-04-16,7,28,28,0,True
2021-04-16,2021-04-16,2021-04-23,2021-04-23,7,28,28,0,True
2021-04-23,2021-04-23,2021-04-30,2021-04-30,7,28,28,0,True
2021-04-30,2021-04-30,2021-05-07,2021-05-07,7,28,28,0,True
2021-05-07,2021-05-07,2021-05-14,2021-05-14,7,28,28,0,True
2021-05-14,2021-05-14,2021-05-21,2021-05-21,7,28,28,0,True
2021-05-21,2021-05-21,2021-05-28,2021-05-28,7,28,28,0,True
2021-05-28,2021-05-28,2021-06-04,2021-06-04,7,28,28,0,True
2021-06-04,2021-06-04,2021-06-11,2021-06-11,7,28,28,0,True
2021-06-11,2021-06-11,2021-06-18,2021-06-18,7,28,28,0,True
2021-06-18,2021-06-18,2021-06-25,2021-06-25,7,28,28,0,True
2021-06-25,2021-06-25,2021-07-02,2021-07-02,7,28,28,0,True
2021-07-02,2021-07-02,2021-07-09,2021-07-09,7,28,28,0,True
2021-07-09,2021-07-09,2021-07-16,2021-07-16,7,28,28,0,True
2021-07-16,2021-07-16,2021-07-23,2021-07-23,7,28,28,0,True
2021-07-23,2021-07-23,2021-07-30,2021-07-30,7,28,28,0,True
2021-07-30,2021-07-30,2021-08-06,2021-08-06,7,28,28,0,True
2021-08-06,2021-08-06,2021-08-13,2021-08-13,7,28,28,0,True
2021-08-13,2021-08-13,2021-08-20,2021-08-20,7,28,28,0,True
2021-08-20,2021-08-20,2021-08-27,2021-08-27,7,28,28,0,True
2021-08-27,2021-08-27,2021-09-03,2021-09-03,7,28,28,0,True
2021-09-03,2021-09-03,2021-09-10,2021-09-10,7,28,28,0,True
2021-09-10,2021-09-10,2021-09-17,2021-09-17,7,28,28,0,True
2021-09-17,2021-09-17,2021-09-24,2021-09-24,7,28,28,0,True
2021-09-24,2021-09-24,2021-10-01,2021-10-01,7,28,28,0,True
2021-10-01,2021-10-01,2021-10-08,2021-10-08,7,28,28,0,True
2021-10-08,2021-10-08,2021-10-15,2021-10-15,7,28,28,0,True
2021-10-15,2021-10-15,2021-10-22,2021-10-22,7,28,28,0,True
2021-10-22,2021-10-22,2021-10-29,2021-10-29,7,28,28,0,True
2021-10-29,2021-10-29,2021-11-05,2021-11-05,7,28,28,0,True
2021-11-05,2021-11-05,2021-11-12,2021-11-12,7,28,28,0,True
2021-11-12,2021-11-12,2021-11-19,2021-11-19,7,28,28,0,True
2021-11-19,2021-11-19,2021-11-26,2021-11-26,7,28,28,0,True
2021-11-26,2021-11-26,2021-12-03,2021-12-03,7,28,27,1,True
2021-12-03,2021-12-03,2021-12-10,2021-12-10,7,28,28,0,True
2021-12-10,2021-12-10,2021-12-17,2021-12-17,7,28,28,0,True
2021-12-17,2021-12-17,2021-12-23,2021-12-24,6,28,28,0,True
2021-12-23,2021-12-24,2021-12-31,2021-12-31,8,28,28,0,True
2021-12-31,2021-12-31,2022-01-07,2022-01-07,7,28,28,0,True
2022-01-07,2022-01-07,2022-01-14,2022-01-14,7,28,28,0,True
2022-01-14,2022-01-14,2022-01-21,2022-01-21,7,28,28,0,True
2022-01-21,2022-01-21,2022-01-28,2022-01-28,7,28,28,0,True
2022-01-28,2022-01-28,2022-02-04,2022-02-04,7,28,28,0,True
2022-02-04,2022-02-04,2022-02-11,2022-02-11,7,28,28,0,True
2022-02-11,2022-02-11,2022-02-18,2022-02-18,7,28,28,0,True
2022-02-18,2022-02-18,2022-02-25,2022-02-25,7,28,28,0,True
2022-02-25,2022-02-25,2022-03-04,2022-03-04,7,28,28,0,True
2022-03-04,2022-03-04,2022-03-11,2022-03-11,7,28,28,0,True
2022-03-11,2022-03-11,2022-03-18,2022-03-18,7,28,28,0,True
2022-03-18,2022-03-18,2022-03-25,2022-03-25,7,28,28,0,True
2022-03-25,2022-03-25,2022-04-01,2022-04-01,7,28,28,0,True
2022-04-01,2022-04-01,2022-04-08,2022-04-08,7,28,28,0,True
2022-04-08,2022-04-08,2022-04-14,2022-04-15,6,28,28,0,True
2022-04-14,2022-04-15,2022-04-22,2022-04-22,8,28,28,0,True
2022-04-22,2022-04-22,2022-04-29,2022-04-29,7,28,28,0,True
2022-04-29,2022-04-29,2022-05-06,2022-05-06,7,28,28,0,True
2022-05-06,2022-05-06,2022-05-13,2022-05-13,7,28,28,0,True
2022-05-13,2022-05-13,2022-05-20,2022-05-20,7,28,28,0,True
2022-05-20,2022-05-20,2022-05-27,2022-05-27,7,28,28,0,True
2022-05-27,2022-05-27,2022-06-03,2022-06-03,7,28,28,0,True
2022-06-03,2022-06-03,2022-06-10,2022-06-10,7,28,28,0,True
2022-06-10,2022-06-10,2022-06-17,2022-06-17,7,28,28,0,True
2022-06-17,2022-06-17,2022-06-24,2022-06-24,7,28,28,0,True
2022-06-24,2022-06-24,2022-07-01,2022-07-01,7,28,28,0,True
2022-07-01,2022-07-01,2022-07-08,2022-07-08,7,28,28,0,True
2022-07-08,2022-07-08,2022-07-15,2022-07-15,7,28,28,0,True
2022-07-15,2022-07-15,2022-07-22,2022-07-22,7,28,28,0,True
2022-07-22,2022-07-22,2022-07-29,2022-07-29,7,28,28,0,True
2022-07-29,2022-07-29,2022-08-05,2022-08-05,7,28,28,0,True
2022-08-05,2022-08-05,2022-08-12,2022-08-12,7,28,28,0,True
2022-08-12,2022-08-12,2022-08-19,2022-08-19,7,28,28,0,True
2022-08-19,2022-08-19,2022-08-26,2022-08-26,7,28,28,0,True
2022-08-26,2022-08-26,2022-09-02,2022-09-02,7,28,28,0,True
2022-09-02,2022-09-02,2022-09-09,2022-09-09,7,28,28,0,True
2022-09-09,2022-09-09,2022-09-16,2022-09-16,7,28,28,0,True
2022-09-16,2022-09-16,2022-09-23,2022-09-23,7,28,28,0,True
2022-09-23,2022-09-23,2022-09-30,2022-09-30,7,28,28,0,True
2022-09-30,2022-09-30,2022-10-07,2022-10-07,7,28,28,0,True
2022-10-07,2022-10-07,2022-10-14,2022-10-14,7,28,28,0,True
2022-10-14,2022-10-14,2022-10-21,2022-10-21,7,28,28,0,True
2022-10-21,2022-10-21,2022-10-28,2022-10-28,7,28,28,0,True
2022-10-28,2022-10-28,2022-11-04,2022-11-04,7,28,28,0,True
2022-11-04,2022-11-04,2022-11-11,2022-11-11,7,28,28,0,True
2022-11-11,2022-11-11,2022-11-18,2022-11-18,7,28,28,0,True
2022-11-18,2022-11-18,2022-11-25,2022-11-25,7,28,28,0,True
2022-11-25,2022-11-25,2022-12-02,2022-12-02,7,28,28,0,True
2022-12-02,2022-12-02,2022-12-09,2022-12-09,7,28,28,0,True
2022-12-09,2022-12-09,2022-12-16,2022-12-16,7,28,28,0,True
2022-12-16,2022-12-16,2022-12-23,2022-12-23,7,28,28,0,True
2022-12-23,2022-12-23,2022-12-30,2022-12-30,7,28,28,0,True
2022-12-30,2022-12-30,2023-01-06,2023-01-06,7,28,28,0,True
2023-01-06,2023-01-06,2023-01-13,2023-01-13,7,28,28,0,True
2023-01-13,2023-01-13,2023-01-20,2023-01-20,7,28,28,0,True
2023-01-20,2023-01-20,2023-01-27,2023-01-27,7,28,28,0,True
2023-01-27,2023-01-27,2023-02-03,2023-02-03,7,28,28,0,True
2023-02-03,2023-02-03,2023-02-10,2023-02-10,7,28,28,0,True
2023-02-10,2023-02-10,2023-02-17,2023-02-17,7,28,28,0,True
2023-02-17,2023-02-17,2023-02-24,2023-02-24,7,28,28,0,True
2023-02-24,2023-02-24,2023-03-03,2023-03-03,7,28,28,0,True
2023-03-03,2023-03-03,2023-03-10,2023-03-10,7,28,28,0,True
2023-03-10,2023-03-10,2023-03-17,2023-03-17,7,28,28,0,True
2023-03-17,2023-03-17,2023-03-24,2023-03-24,7,28,28,0,True
2023-03-24,2023-03-24,2023-03-31,2023-03-31,7,28,28,0,True
2023-03-31,2023-03-31,2023-04-06,2023-04-07,6,28,28,0,True
2023-04-06,2023-04-07,2023-04-14,2023-04-14,8,28,28,0,True
2023-04-14,2023-04-14,2023-04-21,2023-04-21,7,28,28,0,True
2023-04-21,2023-04-21,2023-04-28,2023-04-28,7,28,28,0,True
2023-04-28,2023-04-28,2023-05-05,2023-05-05,7,28,28,0,True
2023-05-05,2023-05-05,2023-05-12,2023-05-12,7,28,28,0,True
2023-05-12,2023-05-12,2023-05-19,2023-05-19,7,28,28,0,True
2023-05-19,2023-05-19,2023-05-26,2023-05-26,7,28,28,0,True
2023-05-26,2023-05-26,2023-06-02,2023-06-02,7,28,28,0,True
2023-06-02,2023-06-02,2023-06-09,2023-06-09,7,28,28,0,True
2023-06-09,2023-06-09,2023-06-16,2023-06-16,7,28,28,0,True
2023-06-16,2023-06-16,2023-06-23,2023-06-23,7,28,28,0,True
2023-06-23,2023-06-23,2023-06-30,2023-06-30,7,28,28,0,True
2023-06-30,2023-06-30,2023-07-07,2023-07-07,7,28,28,0,True
2023-07-07,2023-07-07,2023-07-14,2023-07-14,7,28,28,0,True
2023-07-14,2023-07-14,2023-07-21,2023-07-21,7,28,28,0,True
2023-07-21,2023-07-21,2023-07-28,2023-07-28,7,28,28,0,True
2023-07-28,2023-07-28,2023-08-04,2023-08-04,7,28,28,0,True
2023-08-04,2023-08-04,2023-08-11,2023-08-11,7,28,28,0,True
2023-08-11,2023-08-11,2023-08-18,2023-08-18,7,28,28,0,True
2023-08-18,2023-08-18,2023-08-25,2023-08-25,7,28,28,0,True
2023-08-25,2023-08-25,2023-09-01,2023-09-01,7,28,28,0,True
2023-09-01,2023-09-01,2023-09-08,2023-09-08,7,28,28,0,True
2023-09-08,2023-09-08,2023-09-15,2023-09-15,7,28,28,0,True
2023-09-15,2023-09-15,2023-09-22,2023-09-22,7,28,28,0,True
2023-09-22,2023-09-22,2023-09-29,2023-09-29,7,28,28,0,True
2023-09-29,2023-09-29,2023-10-06,2023-10-06,7,28,28,0,True
2023-10-06,2023-10-06,2023-10-13,2023-10-13,7,28,28,0,True
2023-10-13,2023-10-13,2023-10-20,2023-10-20,7,28,28,0,True
2023-10-20,2023-10-20,2023-10-27,2023-10-27,7,28,28,0,True
2023-10-27,2023-10-27,2023-11-03,2023-11-03,7,28,28,0,True
2023-11-03,2023-11-03,2023-11-10,2023-11-10,7,28,28,0,True
2023-11-10,2023-11-10,2023-11-17,2023-11-17,7,28,28,0,True
2023-11-17,2023-11-17,2023-11-24,2023-11-24,7,28,28,0,True
2023-11-24,2023-11-24,2023-12-01,2023-12-01,7,28,28,0,True
2023-12-01,2023-12-01,2023-12-08,2023-12-08,7,28,28,0,True
2023-12-08,2023-12-08,2023-12-15,2023-12-15,7,28,28,0,True
2023-12-15,2023-12-15,2023-12-22,2023-12-22,7,28,28,0,True
2023-12-22,2023-12-22,2023-12-29,2023-12-29,7,28,28,0,True
2023-12-29,2023-12-29,2024-01-05,2024-01-05,7,28,27,1,True
2024-01-05,2024-01-05,2024-01-12,2024-01-12,7,28,28,0,True
2024-01-12,2024-01-12,2024-01-19,2024-01-19,7,28,28,0,True
2024-01-19,2024-01-19,2024-01-26,2024-01-26,7,28,28,0,True
2024-01-26,2024-01-26,2024-02-02,2024-02-02,7,28,28,0,True
2024-02-02,2024-02-02,2024-02-09,2024-02-09,7,28,28,0,True
2024-02-09,2024-02-09,2024-02-16,2024-02-16,7,28,28,0,True
2024-02-16,2024-02-16,2024-02-23,2024-02-23,7,28,28,0,True
2024-02-23,2024-02-23,2024-03-01,2024-03-01,7,28,28,0,True
2024-03-01,2024-03-01,2024-03-08,2024-03-08,7,28,28,0,True
2024-03-08,2024-03-08,2024-03-15,2024-03-15,7,28,28,0,True
2024-03-15,2024-03-15,2024-03-22,2024-03-22,7,28,28,0,True
2024-03-22,2024-03-22,2024-03-28,2024-03-29,6,28,28,0,True
2024-03-28,2024-03-29,2024-04-05,2024-04-05,8,28,28,0,True
2024-04-05,2024-04-05,2024-04-12,2024-04-12,7,28,28,0,True
2024-04-12,2024-04-12,2024-04-19,2024-04-19,7,28,28,0,True
2024-04-19,2024-04-19,2024-04-26,2024-04-26,7,28,28,0,True
2024-04-26,2024-04-26,2024-05-03,2024-05-03,7,28,28,0,True
2024-05-03,2024-05-03,2024-05-10,2024-05-10,7,28,28,0,True
2024-05-10,2024-05-10,2024-05-17,2024-05-17,7,28,28,0,True
2024-05-17,2024-05-17,2024-05-24,2024-05-24,7,28,28,0,True
2024-05-24,2024-05-24,2024-05-31,2024-05-31,7,28,28,0,True
2024-05-31,2024-05-31,2024-06-07,2024-06-07,7,28,28,0,True
2024-06-07,2024-06-07,2024-06-14,2024-06-14,7,28,28,0,True
2024-06-14,2024-06-14,2024-06-21,2024-06-21,7,28,28,0,True
2024-06-21,2024-06-21,2024-06-28,2024-06-28,7,28,28,0,True
2024-06-28,2024-06-28,2024-07-05,2024-07-05,7,28,28,0,True
2024-07-05,2024-07-05,2024-07-12,2024-07-12,7,28,28,0,True
2024-07-12,2024-07-12,2024-07-19,2024-07-19,7,28,28,0,True
2024-07-19,2024-07-19,2024-07-26,2024-07-26,7,28,28,0,True
2024-07-26,2024-07-26,2024-08-02,2024-08-02,7,28,28,0,True
2024-08-02,2024-08-02,2024-08-09,2024-08-09,7,28,28,0,True
2024-08-09,2024-08-09,2024-08-16,2024-08-16,7,28,28,0,True
2024-08-16,2024-08-16,2024-08-23,2024-08-23,7,28,28,0,True
2024-08-23,2024-08-23,2024-08-30,2024-08-30,7,28,28,0,True
2024-08-30,2024-08-30,2024-09-06,2024-09-06,7,28,28,0,True
2024-09-06,2024-09-06,2024-09-13,2024-09-13,7,28,28,0,True
2024-09-13,2024-09-13,2024-09-20,2024-09-20,7,28,28,0,True
2024-09-20,2024-09-20,2024-09-27,2024-09-27,7,28,28,0,True
2024-09-27,2024-09-27,2024-10-04,2024-10-04,7,28,28,0,True
2024-10-04,2024-10-04,2024-10-11,2024-10-11,7,28,28,0,True
2024-10-11,2024-10-11,2024-10-18,2024-10-18,7,28,28,0,True
2024-10-18,2024-10-18,2024-10-25,2024-10-25,7,28,28,0,True
2024-10-25,2024-10-25,2024-11-01,2024-11-01,7,28,28,0,True
2024-11-01,2024-11-01,2024-11-08,2024-11-08,7,28,28,0,True
2024-11-08,2024-11-08,2024-11-15,2024-11-15,7,28,28,0,True
2024-11-15,2024-11-15,2024-11-22,2024-11-22,7,28,28,0,True
2024-11-22,2024-11-22,2024-11-29,2024-11-29,7,28,28,0,True
2024-11-29,2024-11-29,2024-12-06,2024-12-06,7,28,28,0,True
2024-12-06,2024-12-06,2024-12-13,2024-12-13,7,28,27,1,True
2024-12-13,2024-12-13,2024-12-20,2024-12-20,7,28,28,0,True
2024-12-20,2024-12-20,2024-12-27,2024-12-27,7,28,28,0,True
2024-12-27,2024-12-27,2025-01-03,2025-01-03,7,28,28,0,True
2025-01-03,2025-01-03,2025-01-10,2025-01-10,7,28,28,0,True
2025-01-10,2025-01-10,2025-01-17,2025-01-17,7,28,28,0,True
2025-01-17,2025-01-17,2025-01-24,2025-01-24,7,28,28,0,True
2025-01-24,2025-01-24,2025-01-31,2025-01-31,7,28,28,0,True
2025-01-31,2025-01-31,2025-02-07,2025-02-07,7,28,28,0,True
2025-02-07,2025-02-07,2025-02-14,2025-02-14,7,28,28,0,True
2025-02-14,2025-02-14,2025-02-21,2025-02-21,7,28,28,0,True
2025-02-21,2025-02-21,2025-02-28,2025-02-28,7,28,28,0,True
2025-02-28,2025-02-28,2025-03-07,2025-03-07,7,28,28,0,True
2025-03-07,2025-03-07,2025-03-14,2025-03-14,7,28,28,0,True
2025-03-14,2025-03-14,2025-03-21,2025-03-21,7,28,28,0,True
2025-03-21,2025-03-21,2025-03-28,2025-03-28,7,28,28,0,True
2025-03-28,2025-03-28,2025-04-04,2025-04-04,7,28,28,0,True
2025-04-04,2025-04-04,2025-04-11,2025-04-11,7,28,28,0,True
2025-04-11,2025-04-11,2025-04-17,2025-04-18,6,28,28,0,True
2025-04-17,2025-04-18,2025-04-25,2025-04-25,8,28,28,0,True
2025-04-25,2025-04-25,2025-05-02,2025-05-02,7,28,28,0,True
2025-05-02,2025-05-02,2025-05-09,2025-05-09,7,28,28,0,True
2025-05-09,2025-05-09,2025-05-16,2025-05-16,7,28,28,0,True
2025-05-16,2025-05-16,2025-05-23,2025-05-23,7,28,28,0,True
2025-05-23,2025-05-23,2025-05-30,2025-05-30,7,28,28,0,True
2025-05-30,2025-05-30,2025-06-06,2025-06-06,7,28,28,0,True
2025-06-06,2025-06-06,2025-06-13,2025-06-13,7,28,28,0,True
2025-06-13,2025-06-13,2025-06-20,2025-06-20,7,28,28,0,True
2025-06-20,2025-06-20,2025-06-27,2025-06-27,7,28,28,0,True
2025-06-27,2025-06-27,2025-07-03,2025-07-04,6,28,28,0,True
2025-07-03,2025-07-04,2025-07-11,2025-07-11,8,28,28,0,True
2025-07-11,2025-07-11,2025-07-18,2025-07-18,7,28,28,0,True
2025-07-18,2025-07-18,2025-07-25,2025-07-25,7,28,28,0,True
2025-07-25,2025-07-25,2025-08-01,2025-08-01,7,28,28,0,True
2025-08-01,2025-08-01,2025-08-08,2025-08-08,7,28,28,0,True
2025-08-08,2025-08-08,2025-08-15,2025-08-15,7,28,28,0,True
2025-08-15,2025-08-15,2025-08-22,2025-08-22,7,28,28,0,True
2025-08-22,2025-08-22,2025-08-29,2025-08-29,7,28,28,0,True
2025-08-29,2025-08-29,2025-09-05,2025-09-05,7,28,28,0,True
2025-09-05,2025-09-05,2025-09-12,2025-09-12,7,28,28,0,True
2025-09-12,2025-09-12,2025-09-19,2025-09-19,7,28,28,0,True
2025-09-19,2025-09-19,2025-09-26,2025-09-26,7,28,28,0,True
2025-09-26,2025-09-26,2025-10-03,2025-10-03,7,28,28,0,True
2025-10-03,2025-10-03,2025-10-10,2025-10-10,7,28,28,0,True
2025-10-10,2025-10-10,2025-10-17,2025-10-17,7,28,28,0,True
2025-10-17,2025-10-17,2025-10-24,2025-10-24,7,28,28,0,True
2025-10-24,2025-10-24,2025-10-31,2025-10-31,7,28,28,0,True
2025-10-31,2025-10-31,2025-11-07,2025-11-07,7,28,28,0,True
2025-11-07,2025-11-07,2025-11-14,2025-11-14,7,28,28,0,True
2025-11-14,2025-11-14,2025-11-21,2025-11-21,7,28,28,0,True
2025-11-21,2025-11-21,2025-11-28,2025-11-28,7,28,28,0,True
2025-11-28,2025-11-28,2025-12-05,2025-12-05,7,28,28,0,True
2025-12-05,2025-12-05,2025-12-12,2025-12-12,7,28,28,0,True
2025-12-12,2025-12-12,2025-12-19,2025-12-19,7,28,28,0,True
2025-12-19,2025-12-19,2025-12-26,2025-12-26,7,28,28,0,True
2025-12-26,2025-12-26,2026-01-02,2026-01-02,7,28,28,0,True
2026-01-02,2026-01-02,2026-01-09,2026-01-09,7,28,28,0,True
2026-01-09,2026-01-09,2026-01-16,2026-01-16,7,28,27,1,True
2026-01-16,2026-01-16,2026-01-23,2026-01-23,7,28,28,0,True
2026-01-23,2026-01-23,2026-01-30,2026-01-30,7,28,28,0,True
2026-01-30,2026-01-30,2026-02-06,2026-02-06,7,28,28,0,True
2026-02-06,2026-02-06,2026-02-13,2026-02-13,7,28,28,0,True
2026-02-13,2026-02-13,2026-02-20,2026-02-20,7,28,28,0,True
2026-02-20,2026-02-20,2026-02-27,2026-02-27,7,28,28,0,True
2026-02-27,2026-02-27,2026-03-06,2026-03-06,7,28,28,0,True
2026-03-06,2026-03-06,2026-03-13,2026-03-13,7,28,28,0,True
2026-03-13,2026-03-13,2026-03-20,2026-03-20,7,28,28,0,True
2026-03-20,2026-03-20,2026-03-27,2026-03-27,7,28,28,0,True
2026-03-27,2026-03-27,2026-04-02,2026-04-03,6,28,28,0,True
2026-04-02,2026-04-03,2026-04-10,2026-04-10,8,28,28,0,True
2026-04-10,2026-04-10,2026-04-17,2026-04-17,7,28,28,0,True
2026-04-17,2026-04-17,2026-04-24,2026-04-24,7,28,28,0,True
2026-04-24,2026-04-24,2026-05-01,2026-05-01,7,28,28,0,True
2026-05-01,2026-05-01,2026-05-08,2026-05-08,7,28,28,0,True
2026-05-08,2026-05-08,2026-05-15,2026-05-15,7,28,28,0,True
2026-05-15,2026-05-15,2026-05-22,2026-05-22,7,28,28,0,True
2026-05-22,2026-05-22,2026-05-29,2026-05-29,7,28,28,0,True
2026-05-29,2026-05-29,2026-06-05,2026-06-05,7,28,28,0,True
2026-06-05,2026-06-05,2026-06-12,2026-06-12,7,28,28,0,True
2026-06-12,2026-06-12,2026-06-18,2026-06-19,6,28,28,0,True
2026-06-18,2026-06-19,2026-06-26,2026-06-26,8,28,28,0,True
2026-06-26,2026-06-26,2026-07-02,2026-07-03,6,28,28,0,True
2026-07-02,2026-07-03,2026-07-10,2026-07-10,8,28,28,0,True
2026-07-10,2026-07-10,2026-07-17,2026-07-17,7,28,27,1,True
2026-07-17,2026-07-17,2026-07-24,2026-07-24,7,28,28,0,True
2026-07-24,2026-07-24,2026-07-31,2026-07-31,7,28,28,0,True
2026-07-31,2026-07-31,2026-08-07,2026-08-07,7,28,27,1,True
2026-08-07,2026-08-07,2026-08-14,2026-08-14,7,28,28,0,True
2026-08-14,2026-08-14,2026-08-21,2026-08-21,7,28,28,0,True
2026-08-21,2026-08-21,2026-08-28,2026-08-28,7,28,28,0,True
2026-08-28,2026-08-28,2026-09-04,2026-09-04,7,28,28,0,True
2026-09-04,2026-09-04,2026-09-11,2026-09-11,7,28,28,0,True
2026-09-11,2026-09-11,2026-09-18,2026-09-18,7,28,28,0,True
