cadence,entry_date,target_dte,reason
weekly,2016-09-23,75,No expiration within 4 days of 75 DTE
weekly,2016-10-21,75,No expiration within 4 days of 75 DTE
weekly,2016-10-28,75,No expiration within 4 days of 75 DTE
weekly,2016-11-11,75,No expiration within 4 days of 75 DTE
weekly,2016-11-25,75,No expiration within 4 days of 75 DTE
weekly,2016-12-09,75,No expiration within 4 days of 75 DTE
weekly,2016-12-23,75,No expiration within 4 days of 75 DTE
weekly,2017-01-06,75,No expiration within 4 days of 75 DTE
weekly,2017-01-20,75,No expiration within 4 days of 75 DTE
weekly,2017-01-27,75,No expiration within 4 days of 75 DTE
weekly,2017-03-10,75,No expiration within 4 days of 75 DTE
weekly,2017-03-24,75,No expiration within 4 days of 75 DTE
weekly,2017-04-07,75,No expiration within 4 days of 75 DTE
weekly,2017-04-21,75,No expiration within 4 days of 75 DTE
weekly,2017-04-28,75,No expiration within 4 days of 75 DTE
weekly,2017-05-12,75,No expiration within 4 days of 75 DTE
weekly,2017-05-26,75,No expiration within 4 days of 75 DTE
weekly,2017-06-09,75,No expiration within 4 days of 75 DTE
weekly,2017-06-23,75,No expiration within 4 days of 75 DTE
weekly,2017-07-07,75,No expiration within 4 days of 75 DTE
weekly,2017-07-21,75,No expiration within 4 days of 75 DTE
weekly,2017-07-28,75,No expiration within 4 days of 75 DTE
weekly,2017-08-11,75,No expiration within 4 days of 75 DTE
weekly,2017-08-25,75,No expiration within 4 days of 75 DTE
weekly,2017-09-08,75,No expiration within 4 days of 75 DTE
weekly,2017-09-22,75,No expiration within 4 days of 75 DTE
weekly,2017-10-06,75,No expiration within 4 days of 75 DTE
weekly,2017-10-20,75,No expiration within 4 days of 75 DTE
weekly,2017-10-27,75,No expiration within 4 days of 75 DTE
weekly,2017-11-10,75,No expiration within 4 days of 75 DTE
weekly,2017-11-24,75,No expiration within 4 days of 75 DTE
weekly,2017-12-08,75,No expiration within 4 days of 75 DTE
weekly,2017-12-22,75,No expiration within 4 days of 75 DTE
weekly,2018-01-05,75,No expiration within 4 days of 75 DTE
weekly,2018-01-19,75,No expiration within 4 days of 75 DTE
weekly,2018-01-26,75,No expiration within 4 days of 75 DTE
weekly,2018-02-09,75,No expiration within 4 days of 75 DTE
weekly,2018-02-23,75,No expiration within 4 days of 75 DTE
weekly,2018-03-09,75,No expiration within 4 days of 75 DTE
weekly,2018-03-23,75,No expiration within 4 days of 75 DTE
weekly,2018-04-06,75,No expiration within 4 days of 75 DTE
weekly,2018-04-20,75,No expiration within 4 days of 75 DTE
weekly,2018-04-27,75,No expiration within 4 days of 75 DTE
weekly,2018-05-11,75,No expiration within 4 days of 75 DTE
weekly,2018-05-25,75,No expiration within 4 days of 75 DTE
weekly,2018-06-08,75,No expiration within 4 days of 75 DTE
weekly,2018-06-22,75,No expiration within 4 days of 75 DTE
weekly,2018-06-29,75,No expiration within 4 days of 75 DTE
weekly,2018-07-20,75,No expiration within 4 days of 75 DTE
weekly,2018-07-27,75,No expiration within 4 days of 75 DTE
weekly,2018-08-24,75,No expiration within 4 days of 75 DTE
weekly,2018-09-07,75,No expiration within 4 days of 75 DTE
weekly,2018-09-21,75,No expiration within 4 days of 75 DTE
weekly,2018-09-28,75,No expiration within 4 days of 75 DTE
weekly,2018-10-12,75,No expiration within 4 days of 75 DTE
weekly,2018-10-26,75,No expiration within 4 days of 75 DTE
weekly,2018-11-09,75,No expiration within 4 days of 75 DTE
weekly,2018-11-23,75,No expiration within 4 days of 75 DTE
weekly,2018-12-07,75,No expiration within 4 days of 75 DTE
weekly,2018-12-21,75,No expiration within 4 days of 75 DTE
weekly,2019-01-04,75,No expiration within 4 days of 75 DTE
weekly,2019-01-18,75,No expiration within 4 days of 75 DTE
weekly,2019-01-25,75,No expiration within 4 days of 75 DTE
weekly,2019-02-08,75,No expiration within 4 days of 75 DTE
weekly,2019-02-22,75,No expiration within 4 days of 75 DTE
weekly,2019-03-08,75,No expiration within 4 days of 75 DTE
weekly,2019-03-22,75,No expiration within 4 days of 75 DTE
weekly,2019-03-29,75,No expiration within 4 days of 75 DTE
weekly,2019-04-26,75,No expiration within 4 days of 75 DTE
weekly,2019-05-24,75,No expiration within 4 days of 75 DTE
weekly,2019-06-07,75,No expiration within 4 days of 75 DTE
weekly,2019-06-21,75,No expiration within 4 days of 75 DTE
weekly,2019-06-28,75,No expiration within 4 days of 75 DTE
weekly,2019-07-12,75,No expiration within 4 days of 75 DTE
weekly,2019-07-26,75,No expiration within 4 days of 75 DTE
weekly,2019-08-09,75,No expiration within 4 days of 75 DTE
weekly,2019-08-23,75,No expiration within 4 days of 75 DTE
weekly,2019-09-06,75,No expiration within 4 days of 75 DTE
weekly,2019-09-20,75,No expiration within 4 days of 75 DTE
weekly,2019-09-27,75,No expiration within 4 days of 75 DTE
weekly,2019-10-11,75,No expiration within 4 days of 75 DTE
weekly,2019-10-25,75,No expiration within 4 days of 75 DTE
weekly,2019-11-08,75,No expiration within 4 days of 75 DTE
weekly,2019-11-22,75,No expiration within 4 days of 75 DTE
weekly,2019-11-29,75,No expiration within 4 days of 75 DTE
weekly,2019-12-27,75,No expiration within 4 days of 75 DTE
weekly,2020-01-24,75,No expiration within 4 days of 75 DTE
weekly,2020-02-07,75,No expiration within 4 days of 75 DTE
weekly,2020-02-21,75,No expiration within 4 days of 75 DTE
weekly,2020-03-06,75,No expiration within 4 days of 75 DTE
weekly,2020-03-20,75,No expiration within 4 days of 75 DTE
weekly,2020-03-27,75,No expiration within 4 days of 75 DTE
weekly,2020-04-24,75,No expiration within 4 days of 75 DTE
weekly,2020-05-08,60,No expiration within 4 days of 60 DTE
weekly,2020-05-08,75,No expiration within 4 days of 75 DTE
weekly,2020-05-22,75,No expiration within 4 days of 75 DTE
weekly,2020-05-29,75,No expiration within 4 days of 75 DTE
weekly,2020-06-12,75,No expiration within 4 days of 75 DTE
weekly,2020-06-26,75,No expiration within 4 days of 75 DTE
weekly,2020-07-10,75,No expiration within 4 days of 75 DTE
weekly,2020-07-24,75,No expiration within 4 days of 75 DTE
weekly,2020-08-07,60,No expiration within 4 days of 60 DTE
weekly,2020-08-07,75,No expiration within 4 days of 75 DTE
weekly,2020-08-28,75,No expiration within 4 days of 75 DTE
weekly,2020-09-11,75,No expiration within 4 days of 75 DTE
weekly,2020-09-25,75,No expiration within 4 days of 75 DTE
weekly,2020-10-09,75,No expiration within 4 days of 75 DTE
weekly,2020-10-23,75,No expiration within 4 days of 75 DTE
weekly,2020-11-06,60,No expiration within 4 days of 60 DTE
weekly,2020-11-06,75,No expiration within 4 days of 75 DTE
weekly,2020-11-20,75,No expiration within 4 days of 75 DTE
weekly,2020-11-27,75,No expiration within 4 days of 75 DTE
weekly,2020-12-18,75,No expiration within 4 days of 75 DTE
weekly,2021-01-08,75,No expiration within 4 days of 75 DTE
weekly,2021-01-22,75,No expiration within 4 days of 75 DTE
weekly,2021-02-05,60,No expiration within 4 days of 60 DTE
weekly,2021-02-05,75,No expiration within 4 days of 75 DTE
weekly,2021-02-19,75,No expiration within 4 days of 75 DTE
weekly,2021-02-26,75,No expiration within 4 days of 75 DTE
weekly,2021-03-19,75,No expiration within 4 days of 75 DTE
weekly,2021-03-26,75,No expiration within 4 days of 75 DTE
weekly,2021-04-09,75,No expiration within 4 days of 75 DTE
weekly,2021-04-23,75,No expiration within 4 days of 75 DTE
weekly,2021-05-07,75,No expiration within 4 days of 75 DTE
weekly,2021-05-21,75,No expiration within 4 days of 75 DTE
weekly,2021-05-28,75,No expiration within 4 days of 75 DTE
weekly,2021-06-11,75,No expiration within 4 days of 75 DTE
weekly,2021-06-25,75,No expiration within 4 days of 75 DTE
weekly,2021-07-09,75,No expiration within 4 days of 75 DTE
weekly,2021-07-23,75,No expiration within 4 days of 75 DTE
weekly,2021-08-06,60,No expiration within 4 days of 60 DTE
weekly,2021-08-06,75,No expiration within 4 days of 75 DTE
weekly,2021-08-20,75,No expiration within 4 days of 75 DTE
weekly,2021-08-27,75,No expiration within 4 days of 75 DTE
weekly,2021-09-10,75,No expiration within 4 days of 75 DTE
weekly,2021-09-24,75,No expiration within 4 days of 75 DTE
weekly,2021-10-08,75,No expiration within 4 days of 75 DTE
weekly,2021-10-22,75,No expiration within 4 days of 75 DTE
weekly,2021-10-29,75,No expiration within 4 days of 75 DTE
weekly,2021-11-12,75,No expiration within 4 days of 75 DTE
weekly,2021-11-26,75,No expiration within 4 days of 75 DTE
weekly,2021-12-10,75,No expiration within 4 days of 75 DTE
weekly,2022-01-07,60,No expiration within 4 days of 60 DTE
weekly,2022-01-07,75,No expiration within 4 days of 75 DTE
weekly,2022-01-21,75,No expiration within 4 days of 75 DTE
weekly,2022-02-04,60,No expiration within 4 days of 60 DTE
weekly,2022-02-04,75,No expiration within 4 days of 75 DTE
weekly,2022-02-18,60,No expiration within 4 days of 60 DTE
weekly,2022-02-18,75,No expiration within 4 days of 75 DTE
weekly,2022-02-25,75,No expiration within 4 days of 75 DTE
weekly,2022-03-11,75,No expiration within 4 days of 75 DTE
weekly,2022-03-25,75,No expiration within 4 days of 75 DTE
weekly,2022-04-08,75,No expiration within 4 days of 75 DTE
weekly,2022-04-22,75,No expiration within 4 days of 75 DTE
weekly,2022-05-06,60,No expiration within 4 days of 60 DTE
weekly,2022-05-06,75,No expiration within 4 days of 75 DTE
weekly,2022-05-20,75,No expiration within 4 days of 75 DTE
weekly,2022-05-27,75,No expiration within 4 days of 75 DTE
weekly,2022-06-10,75,No expiration within 4 days of 75 DTE
weekly,2022-06-24,75,No expiration within 4 days of 75 DTE
weekly,2022-07-08,75,No expiration within 4 days of 75 DTE
weekly,2022-07-22,75,No expiration within 4 days of 75 DTE
weekly,2022-07-29,75,No expiration within 4 days of 75 DTE
weekly,2022-08-12,75,No expiration within 4 days of 75 DTE
weekly,2022-08-26,75,No expiration within 4 days of 75 DTE
weekly,2022-09-09,75,No expiration within 4 days of 75 DTE
weekly,2022-09-23,75,No expiration within 4 days of 75 DTE
weekly,2022-10-07,60,No expiration within 4 days of 60 DTE
weekly,2022-10-07,75,No expiration within 4 days of 75 DTE
weekly,2022-10-21,75,No expiration within 4 days of 75 DTE
weekly,2022-10-28,75,No expiration within 4 days of 75 DTE
weekly,2022-11-11,75,No expiration within 4 days of 75 DTE
weekly,2022-11-25,75,No expiration within 4 days of 75 DTE
weekly,2022-12-09,75,No expiration within 4 days of 75 DTE
weekly,2022-12-23,75,No expiration within 4 days of 75 DTE
weekly,2023-01-06,60,No expiration within 4 days of 60 DTE
weekly,2023-01-06,75,No expiration within 4 days of 75 DTE
weekly,2023-01-20,75,No expiration within 4 days of 75 DTE
weekly,2023-01-27,75,No expiration within 4 days of 75 DTE
weekly,2023-02-17,75,No expiration within 4 days of 75 DTE
weekly,2023-02-24,75,No expiration within 4 days of 75 DTE
weekly,2023-03-24,75,No expiration within 4 days of 75 DTE
weekly,2023-04-21,75,No expiration within 4 days of 75 DTE
weekly,2023-04-28,75,No expiration within 4 days of 75 DTE
weekly,2023-05-12,75,No expiration within 4 days of 75 DTE
weekly,2023-05-26,75,No expiration within 4 days of 75 DTE
weekly,2023-06-09,75,No expiration within 4 days of 75 DTE
weekly,2023-06-23,75,No expiration within 4 days of 75 DTE
weekly,2023-07-07,60,No expiration within 4 days of 60 DTE
weekly,2023-07-07,75,No expiration within 4 days of 75 DTE
weekly,2023-07-21,75,No expiration within 4 days of 75 DTE
weekly,2023-07-28,75,No expiration within 4 days of 75 DTE
weekly,2023-08-11,75,No expiration within 4 days of 75 DTE
weekly,2023-08-25,75,No expiration within 4 days of 75 DTE
weekly,2023-09-08,75,No expiration within 4 days of 75 DTE
weekly,2023-09-22,75,No expiration within 4 days of 75 DTE
weekly,2023-10-06,60,No expiration within 4 days of 60 DTE
weekly,2023-10-06,75,No expiration within 4 days of 75 DTE
weekly,2023-10-20,75,No expiration within 4 days of 75 DTE
weekly,2023-10-27,75,No expiration within 4 days of 75 DTE
weekly,2023-11-10,75,No expiration within 4 days of 75 DTE
weekly,2023-11-24,75,No expiration within 4 days of 75 DTE
weekly,2023-12-08,75,No expiration within 4 days of 75 DTE
weekly,2023-12-22,75,No expiration within 4 days of 75 DTE
weekly,2024-01-05,60,No expiration within 4 days of 60 DTE
weekly,2024-01-05,75,No expiration within 4 days of 75 DTE
weekly,2024-01-19,75,No expiration within 4 days of 75 DTE
weekly,2024-01-26,75,No expiration within 4 days of 75 DTE
weekly,2024-02-02,60,No expiration within 4 days of 60 DTE
weekly,2024-02-09,75,No expiration within 4 days of 75 DTE
weekly,2024-02-23,75,No expiration within 4 days of 75 DTE
weekly,2024-03-08,75,No expiration within 4 days of 75 DTE
weekly,2024-03-22,75,No expiration within 4 days of 75 DTE
weekly,2024-04-19,75,No expiration within 4 days of 75 DTE
weekly,2024-04-26,75,No expiration within 4 days of 75 DTE
weekly,2024-05-10,75,No expiration within 4 days of 75 DTE
weekly,2024-05-24,75,No expiration within 4 days of 75 DTE
weekly,2024-06-07,75,No expiration within 4 days of 75 DTE
weekly,2024-06-21,75,No expiration within 4 days of 75 DTE
weekly,2024-06-28,75,No expiration within 4 days of 75 DTE
weekly,2024-07-12,75,No expiration within 4 days of 75 DTE
weekly,2024-07-26,75,No expiration within 4 days of 75 DTE
weekly,2024-08-09,75,No expiration within 4 days of 75 DTE
weekly,2024-09-06,75,No expiration within 4 days of 75 DTE
weekly,2024-09-20,75,No expiration within 4 days of 75 DTE
weekly,2024-09-27,75,No expiration within 4 days of 75 DTE
weekly,2024-10-11,75,No expiration within 4 days of 75 DTE
weekly,2024-10-25,75,No expiration within 4 days of 75 DTE
weekly,2024-11-08,75,No expiration within 4 days of 75 DTE
weekly,2024-11-22,75,No expiration within 4 days of 75 DTE
weekly,2024-11-29,75,No expiration within 4 days of 75 DTE
weekly,2024-12-20,75,No expiration within 4 days of 75 DTE
weekly,2024-12-27,75,No expiration within 4 days of 75 DTE
weekly,2025-01-10,75,No expiration within 4 days of 75 DTE
weekly,2025-01-24,75,No expiration within 4 days of 75 DTE
weekly,2025-02-07,75,No expiration within 4 days of 75 DTE
weekly,2025-02-21,60,No expiration within 4 days of 60 DTE
weekly,2025-02-21,75,No expiration within 4 days of 75 DTE
weekly,2025-03-07,60,No expiration within 4 days of 60 DTE
weekly,2025-03-07,75,No expiration within 4 days of 75 DTE
weekly,2025-03-21,75,No expiration within 4 days of 75 DTE
weekly,2025-03-28,75,No expiration within 4 days of 75 DTE
weekly,2025-04-11,75,No expiration within 4 days of 75 DTE
weekly,2025-04-25,75,No expiration within 4 days of 75 DTE
weekly,2025-05-09,75,No expiration within 4 days of 75 DTE
weekly,2025-05-23,75,No expiration within 4 days of 75 DTE
weekly,2025-06-06,75,No expiration within 4 days of 75 DTE
weekly,2025-06-20,75,No expiration within 4 days of 75 DTE
weekly,2025-06-27,75,No expiration within 4 days of 75 DTE
weekly,2025-07-11,75,No expiration within 4 days of 75 DTE
weekly,2025-07-25,75,No expiration within 4 days of 75 DTE
weekly,2025-08-08,75,No expiration within 4 days of 75 DTE
weekly,2025-08-22,75,No expiration within 4 days of 75 DTE
weekly,2025-08-29,75,No expiration within 4 days of 75 DTE
weekly,2025-09-19,75,No expiration within 4 days of 75 DTE
weekly,2025-09-26,75,No expiration within 4 days of 75 DTE
weekly,2025-10-10,75,No expiration within 4 days of 75 DTE
weekly,2025-10-24,75,No expiration within 4 days of 75 DTE
weekly,2025-11-07,75,No expiration within 4 days of 75 DTE
weekly,2025-11-21,75,No expiration within 4 days of 75 DTE
weekly,2025-11-28,75,No expiration within 4 days of 75 DTE
weekly,2025-12-19,75,No expiration within 4 days of 75 DTE
weekly,2025-12-26,75,No expiration within 4 days of 75 DTE
weekly,2026-01-09,75,No expiration within 4 days of 75 DTE
weekly,2026-01-23,75,No expiration within 4 days of 75 DTE
weekly,2026-02-06,75,No expiration within 4 days of 75 DTE
weekly,2026-02-20,75,No expiration within 4 days of 75 DTE
weekly,2026-03-06,75,No expiration within 4 days of 75 DTE
weekly,2026-03-20,75,No expiration within 4 days of 75 DTE
weekly,2026-03-27,75,No expiration within 4 days of 75 DTE
weekly,2026-04-10,75,No expiration within 4 days of 75 DTE
weekly,2026-04-24,60,No expiration within 4 days of 60 DTE
weekly,2026-04-24,75,No expiration within 4 days of 75 DTE
weekly,2026-05-08,75,No expiration within 4 days of 75 DTE
weekly,2026-05-22,75,No expiration within 4 days of 75 DTE
weekly,2026-05-29,75,No expiration within 4 days of 75 DTE
weekly,2026-06-12,75,No expiration within 4 days of 75 DTE
weekly,2026-06-26,75,No expiration within 4 days of 75 DTE
weekly,2026-07-10,75,No expiration within 4 days of 75 DTE
weekly,2026-07-24,75,No expiration within 4 days of 75 DTE
weekly,2026-08-07,60,No expiration within 4 days of 60 DTE
weekly,2026-08-07,75,No expiration within 4 days of 75 DTE
weekly,2026-08-28,75,No expiration within 4 days of 75 DTE
weekly,2026-09-11,75,No expiration within 4 days of 75 DTE
monthly,2016-10-21,75,No expiration within 4 days of 75 DTE
monthly,2017-01-20,75,No expiration within 4 days of 75 DTE
monthly,2017-04-21,75,No expiration within 4 days of 75 DTE
monthly,2017-07-21,75,No expiration within 4 days of 75 DTE
monthly,2017-10-20,75,No expiration within 4 days of 75 DTE
monthly,2018-01-19,75,No expiration within 4 days of 75 DTE
monthly,2018-04-20,75,No expiration within 4 days of 75 DTE
monthly,2018-07-20,75,No expiration within 4 days of 75 DTE
monthly,2018-09-21,75,No expiration within 4 days of 75 DTE
monthly,2018-12-21,75,No expiration within 4 days of 75 DTE
monthly,2019-01-18,75,No expiration within 4 days of 75 DTE
monthly,2019-06-21,75,No expiration within 4 days of 75 DTE
monthly,2019-09-20,75,No expiration within 4 days of 75 DTE
monthly,2020-02-21,75,No expiration within 4 days of 75 DTE
monthly,2020-03-20,75,No expiration within 4 days of 75 DTE
monthly,2020-11-20,75,No expiration within 4 days of 75 DTE
monthly,2020-12-18,75,No expiration within 4 days of 75 DTE
monthly,2021-02-19,75,No expiration within 4 days of 75 DTE
monthly,2021-03-19,75,No expiration within 4 days of 75 DTE
monthly,2021-05-21,75,No expiration within 4 days of 75 DTE
monthly,2021-08-20,75,No expiration within 4 days of 75 DTE
monthly,2022-01-21,75,No expiration within 4 days of 75 DTE
monthly,2022-02-18,60,No expiration within 4 days of 60 DTE
monthly,2022-02-18,75,No expiration within 4 days of 75 DTE
monthly,2022-05-20,75,No expiration within 4 days of 75 DTE
monthly,2022-10-21,75,No expiration within 4 days of 75 DTE
monthly,2023-01-20,75,No expiration within 4 days of 75 DTE
monthly,2023-02-17,75,No expiration within 4 days of 75 DTE
monthly,2023-04-21,75,No expiration within 4 days of 75 DTE
monthly,2023-07-21,75,No expiration within 4 days of 75 DTE
monthly,2023-10-20,75,No expiration within 4 days of 75 DTE
monthly,2024-01-19,75,No expiration within 4 days of 75 DTE
monthly,2024-04-19,75,No expiration within 4 days of 75 DTE
monthly,2024-06-21,75,No expiration within 4 days of 75 DTE
monthly,2024-09-20,75,No expiration within 4 days of 75 DTE
monthly,2024-12-20,75,No expiration within 4 days of 75 DTE
monthly,2025-02-21,60,No expiration within 4 days of 60 DTE
monthly,2025-02-21,75,No expiration within 4 days of 75 DTE
monthly,2025-03-21,75,No expiration within 4 days of 75 DTE
monthly,2025-06-20,75,No expiration within 4 days of 75 DTE
monthly,2025-09-19,75,No expiration within 4 days of 75 DTE
monthly,2025-11-21,75,No expiration within 4 days of 75 DTE
monthly,2025-12-19,75,No expiration within 4 days of 75 DTE
monthly,2026-02-20,75,No expiration within 4 days of 75 DTE
monthly,2026-03-20,75,No expiration within 4 days of 75 DTE
