strategy_id,parameter_id,family,structure,cadence,target_dte,selector,anchor,exit_rule,cagr,annualized_volatility,sharpe_zero_cash,max_drawdown,ending_equity,train_cagr,train_sharpe,validation_cagr,validation_sharpe,test_cagr,test_sharpe,trades,win_rate,average_exit_dte,average_short_delta,average_short_ratio,positive_all_splits,selection_score
vertical_103/100_monthly_dte60_m103_profit_25,vertical_103/100_monthly_dte60_m103,vertical,103/100,monthly,60,m,103.0,profit_25,0.04159270015291172,0.03804898796813831,1.089921170098861,-0.048542284151966486,1501369.767393528,0.04190972341933952,0.994401433862581,0.03750247437505361,1.0972668634166456,0.04474607695084276,1.6149617601202275,118,0.8813559322033898,36.13559322033898,0.7125212372881355,1.0300187272234615,True,1.3399499280035485
vertical_delta55_3wide_monthly_dte60_d55_profit_50,vertical_delta55_3wide_monthly_dte60_d55,vertical,delta55_3wide,monthly,60,d,55.0,profit_50,0.03205157686631899,0.03628557269288239,0.8876369571097499,-0.07830557772266089,1369725.1273464686,0.02148488893481626,0.5935346865981984,0.04981035591109606,1.2481434672160896,0.04636341292048818,1.5098912111631517,118,0.8728813559322034,28.04237288135593,0.5498523050847457,1.0098276817543208,True,1.244775371086303
vertical_delta55_3wide_monthly_dte60_d55_short_delta_40,vertical_delta55_3wide_monthly_dte60_d55,vertical,delta55_3wide,monthly,60,d,55.0,short_delta_40,0.030379935455478346,0.028492564630615738,1.064662917982457,-0.05865507061661257,1347761.0223896822,0.02443770966692549,0.9145935710849379,0.03838062255010333,1.1529711800440101,0.04031230026588517,1.403375965746914,118,0.9067796610169492,34.720338983050844,0.5498523050847457,1.0098276817543208,True,1.233586105345446
vertical_101/98_monthly_dte60_m101_profit_50,vertical_101/98_monthly_dte60_m101,vertical,101/98,monthly,60,m,101.0,profit_50,0.03217503399674149,0.041093321179487344,0.7912551894849384,-0.08276509816303601,1371359.9596834227,0.020889049526464865,0.4895712420732601,0.05029274426169117,1.2562702389919913,0.04833905269412031,1.5072766706050489,118,0.8728813559322034,27.64406779661017,0.5610367542372882,1.0099699228620325,True,1.2202671003100052
vertical_102/99_monthly_dte60_m102_profit_50,vertical_102/99_monthly_dte60_m102,vertical,102/99,monthly,60,m,102.0,profit_50,0.04024037995379359,0.040480045902653125,0.9948968732737391,-0.05178680227137211,1482044.1633340532,0.031621319683716065,0.78124847932654,0.055427290479847624,1.3210403783401028,0.051150563536947136,1.3281159321594758,118,0.8305084745762712,25.296610169491526,0.6375791864406779,1.0199378724138874,True,1.2109950198911184
vertical_delta75_3wide_monthly_dte60_d75_profit_25,vertical_delta75_3wide_monthly_dte60_d75,vertical,delta75_3wide,monthly,60,d,75.0,profit_25,0.04218436304365181,0.045809004399387544,0.9245626153466002,-0.051052061580912134,1509896.1139373742,0.040940579790470055,0.8463875193464232,0.02493843642436433,0.5829725315732188,0.06351863392760193,1.646694548750398,118,0.847457627118644,34.05084745762712,0.7435778220338983,1.036951221092252,True,1.1885047967051272
vertical_delta50_3wide_monthly_dte60_d50_short_delta_25,vertical_delta50_3wide_monthly_dte60_d50,vertical,delta50_3wide,monthly,60,d,50.0,short_delta_25,0.030497808845148633,0.036507354968739594,0.8411930450976487,-0.0652873156033349,1349299.3403517103,0.018799762625304917,0.5135980364436668,0.05675137250341167,1.4526944514323565,0.03986347228125631,1.2968617138767415,118,0.864406779661017,22.779661016949152,0.5006706694915254,1.0023144881534922,True,1.1727634797727746
vertical_100/97_monthly_dte60_m100_hold,vertical_100/97_monthly_dte60_m100,vertical,100/97,monthly,60,m,100.0,hold,0.03678807063416456,0.042596038672147035,0.8695046356730798,-0.07342633868302118,1433719.1371013045,0.028392718723279087,0.6566926317420483,0.0526513009718268,1.1289035802381313,0.046343804460683646,1.3924198980884763,118,0.8050847457627118,0.711864406779661,0.48840552542372884,1.000004017066631,True,1.1638902024323863
vertical_delta50_3wide_monthly_dte60_d50_hold,vertical_delta50_3wide_monthly_dte60_d50,vertical,delta50_3wide,monthly,60,d,50.0,hold,0.0377193900408932,0.04366000179526756,0.869935876783004,-0.07456788444200613,1446613.9617998826,0.029578592255868008,0.6688103274194745,0.05193297644337247,1.082253036993187,0.04814043918357602,1.4073965590601696,118,0.788135593220339,0.711864406779661,0.5006706694915254,1.0023144881534922,True,1.161576675569603
vertical_102/99_monthly_dte60_m102_short_delta_40,vertical_102/99_monthly_dte60_m102,vertical,102/99,monthly,60,m,102.0,short_delta_40,0.03541723032838906,0.051220496511556864,0.705202844490735,-0.11015801295447736,1414926.9085451546,0.022568080251218037,0.41784539576269203,0.05872016798106494,1.4455165750723518,0.05122938814631195,1.2499496023452266,118,0.7966101694915254,24.991525423728813,0.6375791864406779,1.0199378724138874,True,1.1195510387541785
vertical_100/97_monthly_dte60_m100_profit_75,vertical_100/97_monthly_dte60_m100,vertical,100/97,monthly,60,m,100.0,profit_75,0.030800754927731155,0.04108999062649963,0.758862080296562,-0.06377298304706025,1353260.2173302479,0.019413812643952477,0.48195135551680884,0.05139048911826816,1.0933400566620322,0.04481373333066396,1.3795789545388994,118,0.847457627118644,16.06779661016949,0.48840552542372884,1.000004017066631,True,1.1113034027921354
vertical_delta55_3wide_monthly_dte60_d55_hold,vertical_delta55_3wide_monthly_dte60_d55,vertical,delta55_3wide,monthly,60,d,55.0,hold,0.039336903125907874,0.0475652264692978,0.835007432193935,-0.08731885454962074,1469257.8639849725,0.03089393948089758,0.6559632971817972,0.04989510449706125,0.9475157756563714,0.054337816832409125,1.356227134147768,118,0.7627118644067796,0.711864406779661,0.5498523050847457,1.0098276817543208,True,1.09688774878464
vertical_delta55_3wide_monthly_dte60_d55_profit_75,vertical_delta55_3wide_monthly_dte60_d55,vertical,delta55_3wide,monthly,60,d,55.0,profit_75,0.035253888744147144,0.0450200622455905,0.7921375368834052,-0.08364516085476292,1412702.574558211,0.023801165617566955,0.5460880962495563,0.05462465662134619,1.0560622948240572,0.0506797526487166,1.3314681632285759,118,0.8050847457627118,14.55084745762712,0.5498523050847457,1.0098276817543208,True,1.0908766234460763
vertical_delta60_3wide_monthly_dte60_d60_profit_50,vertical_delta60_3wide_monthly_dte60_d60,vertical,delta60_3wide,monthly,60,d,60.0,profit_50,0.03378919964364013,0.044195748014229694,0.7740601925984124,-0.08562542111922544,1392897.04700456,0.023715732354832708,0.525456575836361,0.04974400933508405,1.1575583537163938,0.04838670938549616,1.2785988627460492,118,0.8559322033898306,25.593220338983052,0.5997658474576271,1.0169863029328152,True,1.0849135254374183
vertical_delta65_3wide_monthly_dte60_d65_short_delta_40,vertical_delta65_3wide_monthly_dte60_d65,vertical,delta65_3wide,monthly,60,d,65.0,short_delta_40,0.03433955846250436,0.047345722107984024,0.7368296693485251,-0.09012151807669977,1400309.5067382737,0.021031459961442955,0.4582914993332779,0.04695270423211606,0.9642459633445495,0.062304147697582524,1.3950058854545089,118,0.7457627118644068,21.983050847457626,0.6496711101694915,1.0240095021303877,True,1.0809911253982358
vertical_delta65_3wide_monthly_dte60_d65_profit_50,vertical_delta65_3wide_monthly_dte60_d65,vertical,delta65_3wide,monthly,60,d,65.0,profit_50,0.03434225115687406,0.04515947315748835,0.7703145169762671,-0.0840308346269929,1400345.860134052,0.02248249321778184,0.5211574947955503,0.04458052358105369,0.9183329287797729,0.06020987661571153,1.3770304746938462,118,0.7711864406779662,23.21186440677966,0.6496711101694915,1.0240095021303877,True,1.0733035454588256
vertical_101/98_monthly_dte60_m101_profit_75,vertical_101/98_monthly_dte60_m101,vertical,101/98,monthly,60,m,101.0,profit_75,0.03603014140909355,0.04898762041422948,0.7471150732350093,-0.07201789652130852,1423301.460976536,0.025254931944453718,0.5111802214316636,0.05471436343318259,1.0627300118515317,0.050058361350146185,1.3032771002901313,118,0.8050847457627118,14.194915254237289,0.5610367542372882,1.0099699228620325,True,1.068709593646199
vertical_delta70_3wide_monthly_dte60_d70_profit_25,vertical_delta70_3wide_monthly_dte60_d70,vertical,delta70_3wide,monthly,60,d,70.0,profit_25,0.037739109392495696,0.03810723910380604,0.9910526720384467,-0.051139555611681486,1446888.1156327422,0.040607823313030256,1.0421752970796823,0.020438412339823353,0.5325689923540361,0.04664072819092491,1.3519238937844058,118,0.8813559322033898,36.559322033898304,0.6969659067796611,1.0306211074614036,True,1.0645357567465088
vertical_delta60_3wide_monthly_dte60_d60_profit_75,vertical_delta60_3wide_monthly_dte60_d60,vertical,delta60_3wide,monthly,60,d,60.0,profit_75,0.03764255846905873,0.051799030878431254,0.739322644014177,-0.10009737631435467,1445546.2350050705,0.02667360830480292,0.5207293544055509,0.04843213650550382,0.8832632992209436,0.06018830410082998,1.3806148764640351,118,0.788135593220339,13.483050847457626,0.5997658474576271,1.0169863029328152,True,1.063164930599504
vertical_101/98_monthly_dte60_m101_hold,vertical_101/98_monthly_dte60_m101,vertical,101/98,monthly,60,m,101.0,hold,0.039784665875228775,0.05221178726234755,0.7734327528279992,-0.08363865855711017,1475582.2896105142,0.032214274522787134,0.5995906240959116,0.049227905080174716,0.936246468036054,0.05323433680874268,1.3072597346344075,118,0.7627118644067796,0.711864406779661,0.5610367542372882,1.0099699228620325,True,1.0549733532234038
vertical_delta60_3wide_monthly_dte30_d60_hold,vertical_delta60_3wide_monthly_dte30_d60,vertical,delta60_3wide,monthly,30,d,60.0,hold,0.049771434131917314,0.06305060271763818,0.8019688006238298,-0.14175801718239223,1623160.7879363457,0.03735243261041665,0.5711818556617301,0.0841102616057876,1.4799515747165042,0.05341805866822047,1.0094779545803967,120,0.7333333333333333,0.23333333333333334,0.6010593166666667,1.0113177265741595,True,1.0406010293809669
vertical_100/97_monthly_dte45_m100_profit_75,vertical_100/97_monthly_dte45_m100,vertical,100/97,monthly,45,m,100.0,profit_75,0.030610139212244647,0.04575865704864315,0.6818250627248007,-0.09687266933554206,1350766.7884387828,0.016839698834023364,0.3842174590542936,0.048504557335720566,0.9934800305762033,0.0546807589574283,1.3248920204783257,120,0.8083333333333333,11.55,0.49078516666666666,0.9999566207571413,True,1.0366311430138377
vertical_delta50_3wide_monthly_dte60_d50_profit_75,vertical_delta50_3wide_monthly_dte60_d50,vertical,delta50_3wide,monthly,60,d,50.0,profit_75,0.031002493182640478,0.042173302698735246,0.7450804862127576,-0.06408067071477952,1355903.6492279305,0.02081520669531689,0.5047622550149583,0.05051100101212591,1.0508538619862486,0.04241207264478741,1.2440999362476597,118,0.8220338983050848,15.805084745762711,0.5006706694915254,1.0023144881534922,True,1.0349858204939115
vertical_101/98_monthly_dte30_m101_hold,vertical_101/98_monthly_dte30_m101,vertical,101/98,monthly,30,m,101.0,hold,0.049795448651726026,0.05752412474241882,0.8736569960968725,-0.13206459966469764,1623531.107977477,0.03957346036159226,0.6769043893350787,0.08068842708637836,1.4456770531401202,0.05012374664420172,0.9575080165339215,120,0.7333333333333333,0.23333333333333334,0.6053335833333333,1.0099982164152184,True,1.0290746295619397
vertical_delta50_3wide_monthly_dte45_d50_profit_75,vertical_delta50_3wide_monthly_dte45_d50,vertical,delta50_3wide,monthly,45,d,50.0,profit_75,0.03279114402987471,0.04785748845299522,0.6981002827641398,-0.09677969604508307,1379544.8257341958,0.021373512725769483,0.4499714097567906,0.047315158133010904,0.9680836363802451,0.05296071261899793,1.2969878783016096,120,0.8083333333333333,11.633333333333333,0.4994719083333334,1.001404573469321,True,1.0278205879857987
