entry_date,target_dte,reason
2016-09-22,75,No expiration within 4 days of 75 DTE
2016-09-23,75,No expiration within 4 days of 75 DTE
2016-09-26,75,No expiration within 4 days of 75 DTE
2016-09-27,75,No expiration within 4 days of 75 DTE
2016-09-28,75,No expiration within 4 days of 75 DTE
2016-10-10,75,No expiration within 4 days of 75 DTE
2016-10-11,75,No expiration within 4 days of 75 DTE
2016-10-21,75,No expiration within 4 days of 75 DTE
2016-10-24,75,No expiration within 4 days of 75 DTE
2016-10-25,75,No expiration within 4 days of 75 DTE
2016-10-26,75,No expiration within 4 days of 75 DTE
2016-10-27,75,No expiration within 4 days of 75 DTE
2016-10-28,75,No expiration within 4 days of 75 DTE
2016-10-31,75,No expiration within 4 days of 75 DTE
2016-11-01,75,No expiration within 4 days of 75 DTE
2016-11-11,75,No expiration within 4 days of 75 DTE
2016-11-22,75,No expiration within 4 days of 75 DTE
2016-11-23,75,No expiration within 4 days of 75 DTE
2016-11-25,75,No expiration within 4 days of 75 DTE
2016-11-28,75,No expiration within 4 days of 75 DTE
2016-11-29,75,No expiration within 4 days of 75 DTE
2016-12-09,75,No expiration within 4 days of 75 DTE
2016-12-20,75,No expiration within 4 days of 75 DTE
2016-12-21,75,No expiration within 4 days of 75 DTE
2016-12-22,75,No expiration within 4 days of 75 DTE
2016-12-23,75,No expiration within 4 days of 75 DTE
2016-12-27,75,No expiration within 4 days of 75 DTE
2017-01-06,75,No expiration within 4 days of 75 DTE
2017-01-09,75,No expiration within 4 days of 75 DTE
2017-01-10,75,No expiration within 4 days of 75 DTE
2017-01-20,75,No expiration within 4 days of 75 DTE
2017-01-23,60,No expiration within 4 days of 60 DTE
2017-01-23,75,No expiration within 4 days of 75 DTE
2017-01-24,60,No expiration within 4 days of 60 DTE
2017-01-24,75,No expiration within 4 days of 75 DTE
2017-01-25,60,No expiration within 4 days of 60 DTE
2017-01-25,75,No expiration within 4 days of 75 DTE
2017-01-26,75,No expiration within 4 days of 75 DTE
2017-01-27,75,No expiration within 4 days of 75 DTE
2017-01-30,75,No expiration within 4 days of 75 DTE
2017-01-31,75,No expiration within 4 days of 75 DTE
2017-03-10,75,No expiration within 4 days of 75 DTE
2017-03-22,75,No expiration within 4 days of 75 DTE
2017-03-23,75,No expiration within 4 days of 75 DTE
2017-03-24,75,No expiration within 4 days of 75 DTE
2017-03-27,75,No expiration within 4 days of 75 DTE
2017-03-28,75,No expiration within 4 days of 75 DTE
2017-04-07,75,No expiration within 4 days of 75 DTE
2017-04-10,75,No expiration within 4 days of 75 DTE
2017-04-11,75,No expiration within 4 days of 75 DTE
2017-04-21,75,No expiration within 4 days of 75 DTE
2017-04-24,75,No expiration within 4 days of 75 DTE
2017-04-25,75,No expiration within 4 days of 75 DTE
2017-04-26,75,No expiration within 4 days of 75 DTE
2017-04-27,75,No expiration within 4 days of 75 DTE
2017-04-28,75,No expiration within 4 days of 75 DTE
2017-05-01,75,No expiration within 4 days of 75 DTE
2017-05-02,75,No expiration within 4 days of 75 DTE
2017-05-12,75,No expiration within 4 days of 75 DTE
2017-05-22,75,No expiration within 4 days of 75 DTE
2017-05-23,75,No expiration within 4 days of 75 DTE
2017-05-24,75,No expiration within 4 days of 75 DTE
2017-05-25,75,No expiration within 4 days of 75 DTE
2017-05-26,75,No expiration within 4 days of 75 DTE
2017-05-30,75,No expiration within 4 days of 75 DTE
2017-06-09,75,No expiration within 4 days of 75 DTE
2017-06-12,75,No expiration within 4 days of 75 DTE
2017-06-22,75,No expiration within 4 days of 75 DTE
2017-06-23,75,No expiration within 4 days of 75 DTE
2017-06-26,75,No expiration within 4 days of 75 DTE
2017-06-27,75,No expiration within 4 days of 75 DTE
2017-07-07,75,No expiration within 4 days of 75 DTE
2017-07-10,60,No expiration within 4 days of 60 DTE
2017-07-10,75,No expiration within 4 days of 75 DTE
2017-07-11,60,No expiration within 4 days of 60 DTE
2017-07-11,75,No expiration within 4 days of 75 DTE
2017-07-12,60,No expiration within 4 days of 60 DTE
2017-07-21,75,No expiration within 4 days of 75 DTE
2017-07-24,60,No expiration within 4 days of 60 DTE
2017-07-24,75,No expiration within 4 days of 75 DTE
2017-07-25,60,No expiration within 4 days of 60 DTE
2017-07-25,75,No expiration within 4 days of 75 DTE
2017-07-26,60,No expiration within 4 days of 60 DTE
2017-07-26,75,No expiration within 4 days of 75 DTE
2017-07-27,75,No expiration within 4 days of 75 DTE
2017-07-28,75,No expiration within 4 days of 75 DTE
2017-07-31,75,No expiration within 4 days of 75 DTE
2017-08-01,75,No expiration within 4 days of 75 DTE
2017-08-11,75,No expiration within 4 days of 75 DTE
2017-08-22,75,No expiration within 4 days of 75 DTE
2017-08-23,75,No expiration within 4 days of 75 DTE
2017-08-24,75,No expiration within 4 days of 75 DTE
2017-08-25,75,No expiration within 4 days of 75 DTE
2017-08-28,75,No expiration within 4 days of 75 DTE
2017-08-29,75,No expiration within 4 days of 75 DTE
2017-09-08,75,No expiration within 4 days of 75 DTE
2017-09-11,75,No expiration within 4 days of 75 DTE
2017-09-21,75,No expiration within 4 days of 75 DTE
2017-09-22,75,No expiration within 4 days of 75 DTE
2017-09-25,75,No expiration within 4 days of 75 DTE
2017-09-26,75,No expiration within 4 days of 75 DTE
2017-10-06,75,No expiration within 4 days of 75 DTE
2017-10-09,60,No expiration within 4 days of 60 DTE
2017-10-09,75,No expiration within 4 days of 75 DTE
2017-10-10,60,No expiration within 4 days of 60 DTE
2017-10-10,75,No expiration within 4 days of 75 DTE
2017-10-11,60,No expiration within 4 days of 60 DTE
2017-10-20,75,No expiration within 4 days of 75 DTE
2017-10-23,60,No expiration within 4 days of 60 DTE
2017-10-23,75,No expiration within 4 days of 75 DTE
2017-10-24,60,No expiration within 4 days of 60 DTE
2017-10-24,75,No expiration within 4 days of 75 DTE
2017-10-25,60,No expiration within 4 days of 60 DTE
2017-10-25,75,No expiration within 4 days of 75 DTE
2017-10-26,75,No expiration within 4 days of 75 DTE
2017-10-27,75,No expiration within 4 days of 75 DTE
2017-10-30,75,No expiration within 4 days of 75 DTE
2017-10-31,75,No expiration within 4 days of 75 DTE
2017-11-10,75,No expiration within 4 days of 75 DTE
2017-11-22,75,No expiration within 4 days of 75 DTE
2017-11-24,75,No expiration within 4 days of 75 DTE
2017-11-27,75,No expiration within 4 days of 75 DTE
2017-11-28,75,No expiration within 4 days of 75 DTE
2017-12-08,75,No expiration within 4 days of 75 DTE
2017-12-20,75,No expiration within 4 days of 75 DTE
2017-12-21,75,No expiration within 4 days of 75 DTE
2017-12-22,75,No expiration within 4 days of 75 DTE
2017-12-26,75,No expiration within 4 days of 75 DTE
2018-01-05,75,No expiration within 4 days of 75 DTE
2018-01-08,60,No expiration within 4 days of 60 DTE
2018-01-08,75,No expiration within 4 days of 75 DTE
2018-01-09,60,No expiration within 4 days of 60 DTE
2018-01-10,60,No expiration within 4 days of 60 DTE
2018-01-18,75,No expiration within 4 days of 75 DTE
2018-01-19,75,No expiration within 4 days of 75 DTE
2018-01-22,60,No expiration within 4 days of 60 DTE
2018-01-22,75,No expiration within 4 days of 75 DTE
2018-01-23,60,No expiration within 4 days of 60 DTE
2018-01-23,75,No expiration within 4 days of 75 DTE
2018-01-24,75,No expiration within 4 days of 75 DTE
2018-01-25,75,No expiration within 4 days of 75 DTE
2018-01-26,75,No expiration within 4 days of 75 DTE
2018-01-29,75,No expiration within 4 days of 75 DTE
2018-01-30,75,No expiration within 4 days of 75 DTE
2018-02-09,75,No expiration within 4 days of 75 DTE
2018-02-20,75,No expiration within 4 days of 75 DTE
2018-02-21,75,No expiration within 4 days of 75 DTE
2018-02-22,75,No expiration within 4 days of 75 DTE
2018-02-23,75,No expiration within 4 days of 75 DTE
2018-02-26,75,No expiration within 4 days of 75 DTE
2018-02-27,75,No expiration within 4 days of 75 DTE
2018-03-09,75,No expiration within 4 days of 75 DTE
2018-03-12,75,No expiration within 4 days of 75 DTE
2018-03-22,75,No expiration within 4 days of 75 DTE
2018-03-23,75,No expiration within 4 days of 75 DTE
2018-03-26,75,No expiration within 4 days of 75 DTE
2018-03-27,75,No expiration within 4 days of 75 DTE
2018-04-06,75,No expiration within 4 days of 75 DTE
2018-04-09,60,No expiration within 4 days of 60 DTE
2018-04-09,75,No expiration within 4 days of 75 DTE
2018-04-10,60,No expiration within 4 days of 60 DTE
2018-04-10,75,No expiration within 4 days of 75 DTE
2018-04-11,60,No expiration within 4 days of 60 DTE
2018-04-20,75,No expiration within 4 days of 75 DTE
2018-04-23,60,No expiration within 4 days of 60 DTE
2018-04-23,75,No expiration within 4 days of 75 DTE
2018-04-24,60,No expiration within 4 days of 60 DTE
2018-04-24,75,No expiration within 4 days of 75 DTE
2018-04-25,60,No expiration within 4 days of 60 DTE
2018-04-25,75,No expiration within 4 days of 75 DTE
2018-04-26,75,No expiration within 4 days of 75 DTE
2018-04-27,75,No expiration within 4 days of 75 DTE
2018-04-30,75,No expiration within 4 days of 75 DTE
2018-05-01,75,No expiration within 4 days of 75 DTE
2018-05-11,75,No expiration within 4 days of 75 DTE
2018-05-22,75,No expiration within 4 days of 75 DTE
2018-05-23,75,No expiration within 4 days of 75 DTE
2018-05-24,75,No expiration within 4 days of 75 DTE
2018-05-25,75,No expiration within 4 days of 75 DTE
2018-05-29,75,No expiration within 4 days of 75 DTE
2018-06-08,75,No expiration within 4 days of 75 DTE
2018-06-11,75,No expiration within 4 days of 75 DTE
2018-06-12,75,No expiration within 4 days of 75 DTE
2018-06-22,75,No expiration within 4 days of 75 DTE
2018-06-25,75,No expiration within 4 days of 75 DTE
2018-06-26,75,No expiration within 4 days of 75 DTE
2018-06-27,75,No expiration within 4 days of 75 DTE
2018-06-28,75,No expiration within 4 days of 75 DTE
2018-06-29,75,No expiration within 4 days of 75 DTE
2018-07-02,75,No expiration within 4 days of 75 DTE
2018-07-03,75,No expiration within 4 days of 75 DTE
2018-07-20,75,No expiration within 4 days of 75 DTE
2018-07-23,75,No expiration within 4 days of 75 DTE
2018-07-24,75,No expiration within 4 days of 75 DTE
2018-07-25,75,No expiration within 4 days of 75 DTE
2018-07-27,75,No expiration within 4 days of 75 DTE
2018-07-30,75,No expiration within 4 days of 75 DTE
2018-07-31,75,No expiration within 4 days of 75 DTE
2018-08-22,75,No expiration within 4 days of 75 DTE
2018-08-24,75,No expiration within 4 days of 75 DTE
2018-08-27,75,No expiration within 4 days of 75 DTE
2018-08-28,75,No expiration within 4 days of 75 DTE
2018-09-07,75,No expiration within 4 days of 75 DTE
2018-09-10,75,No expiration within 4 days of 75 DTE
2018-09-11,75,No expiration within 4 days of 75 DTE
2018-09-21,75,No expiration within 4 days of 75 DTE
2018-09-24,75,No expiration within 4 days of 75 DTE
2018-09-25,75,No expiration within 4 days of 75 DTE
2018-09-26,75,No expiration within 4 days of 75 DTE
2018-09-27,75,No expiration within 4 days of 75 DTE
2018-09-28,75,No expiration within 4 days of 75 DTE
2018-10-01,75,No expiration within 4 days of 75 DTE
2018-10-02,75,No expiration within 4 days of 75 DTE
2018-10-12,75,No expiration within 4 days of 75 DTE
2018-10-22,75,No expiration within 4 days of 75 DTE
2018-10-23,75,No expiration within 4 days of 75 DTE
2018-10-24,75,No expiration within 4 days of 75 DTE
2018-10-25,75,No expiration within 4 days of 75 DTE
2018-10-26,75,No expiration within 4 days of 75 DTE
2018-10-29,75,No expiration within 4 days of 75 DTE
2018-10-30,75,No expiration within 4 days of 75 DTE
2018-11-09,75,No expiration within 4 days of 75 DTE
2018-11-12,75,No expiration within 4 days of 75 DTE
2018-11-23,75,No expiration within 4 days of 75 DTE
2018-11-26,75,No expiration within 4 days of 75 DTE
2018-11-27,75,No expiration within 4 days of 75 DTE
2018-12-07,75,No expiration within 4 days of 75 DTE
2018-12-10,60,No expiration within 4 days of 60 DTE
2018-12-10,75,No expiration within 4 days of 75 DTE
2018-12-11,60,No expiration within 4 days of 60 DTE
2018-12-12,60,No expiration within 4 days of 60 DTE
2018-12-20,75,No expiration within 4 days of 75 DTE
2018-12-21,75,No expiration within 4 days of 75 DTE
2018-12-24,60,No expiration within 4 days of 60 DTE
2018-12-24,75,No expiration within 4 days of 75 DTE
2019-01-04,75,No expiration within 4 days of 75 DTE
2019-01-07,60,No expiration within 4 days of 60 DTE
2019-01-07,75,No expiration within 4 days of 75 DTE
2019-01-08,60,No expiration within 4 days of 60 DTE
2019-01-08,75,No expiration within 4 days of 75 DTE
2019-01-09,60,No expiration within 4 days of 60 DTE
2019-01-18,75,No expiration within 4 days of 75 DTE
2019-01-22,60,No expiration within 4 days of 60 DTE
2019-01-22,75,No expiration within 4 days of 75 DTE
2019-01-23,60,No expiration within 4 days of 60 DTE
2019-01-23,75,No expiration within 4 days of 75 DTE
2019-01-24,75,No expiration within 4 days of 75 DTE
2019-01-25,75,No expiration within 4 days of 75 DTE
2019-01-28,75,No expiration within 4 days of 75 DTE
2019-02-07,75,No expiration within 4 days of 75 DTE
2019-02-08,75,No expiration within 4 days of 75 DTE
2019-02-19,75,No expiration within 4 days of 75 DTE
2019-02-20,75,No expiration within 4 days of 75 DTE
2019-02-21,75,No expiration within 4 days of 75 DTE
2019-02-22,75,No expiration within 4 days of 75 DTE
2019-02-25,75,No expiration within 4 days of 75 DTE
2019-02-26,75,No expiration within 4 days of 75 DTE
2019-03-08,75,No expiration within 4 days of 75 DTE
2019-03-11,75,No expiration within 4 days of 75 DTE
2019-03-12,75,No expiration within 4 days of 75 DTE
2019-03-22,75,No expiration within 4 days of 75 DTE
2019-03-25,75,No expiration within 4 days of 75 DTE
2019-03-26,75,No expiration within 4 days of 75 DTE
2019-03-27,75,No expiration within 4 days of 75 DTE
2019-03-28,75,No expiration within 4 days of 75 DTE
2019-03-29,75,No expiration within 4 days of 75 DTE
2019-04-01,75,No expiration within 4 days of 75 DTE
2019-04-02,75,No expiration within 4 days of 75 DTE
2019-04-22,75,No expiration within 4 days of 75 DTE
2019-04-23,75,No expiration within 4 days of 75 DTE
2019-04-24,75,No expiration within 4 days of 75 DTE
2019-04-26,75,No expiration within 4 days of 75 DTE
2019-04-29,75,No expiration within 4 days of 75 DTE
2019-04-30,75,No expiration within 4 days of 75 DTE
2019-05-22,75,No expiration within 4 days of 75 DTE
2019-05-24,75,No expiration within 4 days of 75 DTE
2019-05-28,75,No expiration within 4 days of 75 DTE
2019-06-07,75,No expiration within 4 days of 75 DTE
2019-06-10,75,No expiration within 4 days of 75 DTE
2019-06-11,75,No expiration within 4 days of 75 DTE
2019-06-21,75,No expiration within 4 days of 75 DTE
2019-06-24,75,No expiration within 4 days of 75 DTE
2019-06-25,75,No expiration within 4 days of 75 DTE
2019-06-26,75,No expiration within 4 days of 75 DTE
2019-06-27,75,No expiration within 4 days of 75 DTE
2019-06-28,75,No expiration within 4 days of 75 DTE
2019-07-01,75,No expiration within 4 days of 75 DTE
2019-07-02,75,No expiration within 4 days of 75 DTE
2019-07-12,75,No expiration within 4 days of 75 DTE
2019-07-22,75,No expiration within 4 days of 75 DTE
2019-07-23,75,No expiration within 4 days of 75 DTE
2019-07-24,75,No expiration within 4 days of 75 DTE
2019-07-25,75,No expiration within 4 days of 75 DTE
2019-07-26,75,No expiration within 4 days of 75 DTE
2019-07-29,75,No expiration within 4 days of 75 DTE
2019-07-30,75,No expiration within 4 days of 75 DTE
2019-08-09,75,No expiration within 4 days of 75 DTE
2019-08-12,75,No expiration within 4 days of 75 DTE
2019-08-22,75,No expiration within 4 days of 75 DTE
2019-08-23,75,No expiration within 4 days of 75 DTE
2019-08-26,75,No expiration within 4 days of 75 DTE
2019-08-27,75,No expiration within 4 days of 75 DTE
2019-09-06,75,No expiration within 4 days of 75 DTE
2019-09-09,60,No expiration within 4 days of 60 DTE
2019-09-09,75,No expiration within 4 days of 75 DTE
2019-09-10,60,No expiration within 4 days of 60 DTE
2019-09-10,75,No expiration within 4 days of 75 DTE
2019-09-11,60,No expiration within 4 days of 60 DTE
2019-09-20,75,No expiration within 4 days of 75 DTE
2019-09-23,60,No expiration within 4 days of 60 DTE
2019-09-23,75,No expiration within 4 days of 75 DTE
2019-09-24,60,No expiration within 4 days of 60 DTE
2019-09-24,75,No expiration within 4 days of 75 DTE
2019-09-25,60,No expiration within 4 days of 60 DTE
2019-09-25,75,No expiration within 4 days of 75 DTE
2019-09-26,75,No expiration within 4 days of 75 DTE
2019-09-27,75,No expiration within 4 days of 75 DTE
2019-09-30,75,No expiration within 4 days of 75 DTE
2019-10-01,75,No expiration within 4 days of 75 DTE
2019-10-11,75,No expiration within 4 days of 75 DTE
2019-10-22,75,No expiration within 4 days of 75 DTE
2019-10-23,75,No expiration within 4 days of 75 DTE
2019-10-24,75,No expiration within 4 days of 75 DTE
2019-10-25,75,No expiration within 4 days of 75 DTE
2019-10-28,75,No expiration within 4 days of 75 DTE
2019-10-29,75,No expiration within 4 days of 75 DTE
2019-11-08,75,No expiration within 4 days of 75 DTE
2019-11-11,75,No expiration within 4 days of 75 DTE
2019-11-12,75,No expiration within 4 days of 75 DTE
2019-11-22,75,No expiration within 4 days of 75 DTE
2019-11-25,75,No expiration within 4 days of 75 DTE
2019-11-26,75,No expiration within 4 days of 75 DTE
2019-11-27,75,No expiration within 4 days of 75 DTE
2019-11-29,75,No expiration within 4 days of 75 DTE
2019-12-02,75,No expiration within 4 days of 75 DTE
2019-12-03,75,No expiration within 4 days of 75 DTE
2019-12-27,75,No expiration within 4 days of 75 DTE
2019-12-30,75,No expiration within 4 days of 75 DTE
2019-12-31,75,No expiration within 4 days of 75 DTE
2020-01-21,75,No expiration within 4 days of 75 DTE
2020-01-22,75,No expiration within 4 days of 75 DTE
2020-01-24,75,No expiration within 4 days of 75 DTE
2020-01-27,75,No expiration within 4 days of 75 DTE
2020-01-28,75,No expiration within 4 days of 75 DTE
2020-02-07,75,No expiration within 4 days of 75 DTE
2020-02-10,75,No expiration within 4 days of 75 DTE
2020-02-20,75,No expiration within 4 days of 75 DTE
2020-02-21,75,No expiration within 4 days of 75 DTE
2020-02-24,75,No expiration within 4 days of 75 DTE
2020-02-25,75,No expiration within 4 days of 75 DTE
2020-03-06,75,No expiration within 4 days of 75 DTE
2020-03-09,60,No expiration within 4 days of 60 DTE
2020-03-09,75,No expiration within 4 days of 75 DTE
2020-03-10,60,No expiration within 4 days of 60 DTE
2020-03-10,75,No expiration within 4 days of 75 DTE
2020-03-11,60,No expiration within 4 days of 60 DTE
2020-03-20,75,No expiration within 4 days of 75 DTE
2020-03-23,60,No expiration within 4 days of 60 DTE
2020-03-23,75,No expiration within 4 days of 75 DTE
2020-03-24,60,No expiration within 4 days of 60 DTE
2020-03-24,75,No expiration within 4 days of 75 DTE
2020-03-25,60,No expiration within 4 days of 60 DTE
2020-03-25,75,No expiration within 4 days of 75 DTE
2020-03-26,75,No expiration within 4 days of 75 DTE
2020-03-27,75,No expiration within 4 days of 75 DTE
2020-03-30,75,No expiration within 4 days of 75 DTE
2020-03-31,75,No expiration within 4 days of 75 DTE
2020-04-06,60,No expiration within 4 days of 60 DTE
2020-04-07,60,No expiration within 4 days of 60 DTE
2020-04-08,60,No expiration within 4 days of 60 DTE
2020-04-13,60,No expiration within 4 days of 60 DTE
2020-04-14,60,No expiration within 4 days of 60 DTE
2020-04-15,60,No expiration within 4 days of 60 DTE
2020-04-21,75,No expiration within 4 days of 75 DTE
2020-04-22,75,No expiration within 4 days of 75 DTE
2020-04-23,75,No expiration within 4 days of 75 DTE
2020-04-24,75,No expiration within 4 days of 75 DTE
2020-04-27,75,No expiration within 4 days of 75 DTE
2020-04-28,75,No expiration within 4 days of 75 DTE
2020-05-06,60,No expiration within 4 days of 60 DTE
2020-05-08,60,No expiration within 4 days of 60 DTE
2020-05-08,75,No expiration within 4 days of 75 DTE
2020-05-11,60,No expiration within 4 days of 60 DTE
2020-05-11,75,No expiration within 4 days of 75 DTE
2020-05-12,60,No expiration within 4 days of 60 DTE
2020-05-12,75,No expiration within 4 days of 75 DTE
2020-05-13,60,No expiration within 4 days of 60 DTE
2020-05-22,75,No expiration within 4 days of 75 DTE
2020-05-26,60,No expiration within 4 days of 60 DTE
2020-05-26,75,No expiration within 4 days of 75 DTE
2020-05-27,60,No expiration within 4 days of 60 DTE
2020-05-27,75,No expiration within 4 days of 75 DTE
2020-05-28,75,No expiration within 4 days of 75 DTE
2020-05-29,75,No expiration within 4 days of 75 DTE
2020-06-01,75,No expiration within 4 days of 75 DTE
2020-06-02,75,No expiration within 4 days of 75 DTE
2020-06-08,60,No expiration within 4 days of 60 DTE
2020-06-09,60,No expiration within 4 days of 60 DTE
2020-06-10,60,No expiration within 4 days of 60 DTE
2020-06-12,75,No expiration within 4 days of 75 DTE
2020-06-15,60,No expiration within 4 days of 60 DTE
2020-06-16,60,No expiration within 4 days of 60 DTE
2020-06-17,60,No expiration within 4 days of 60 DTE
2020-06-22,75,No expiration within 4 days of 75 DTE
2020-06-23,75,No expiration within 4 days of 75 DTE
2020-06-24,75,No expiration within 4 days of 75 DTE
2020-06-25,75,No expiration within 4 days of 75 DTE
2020-06-26,75,No expiration within 4 days of 75 DTE
2020-06-29,75,No expiration within 4 days of 75 DTE
2020-06-30,75,No expiration within 4 days of 75 DTE
2020-07-07,60,No expiration within 4 days of 60 DTE
2020-07-08,60,No expiration within 4 days of 60 DTE
2020-07-10,75,No expiration within 4 days of 75 DTE
2020-07-13,60,No expiration within 4 days of 60 DTE
2020-07-14,60,No expiration within 4 days of 60 DTE
2020-07-15,60,No expiration within 4 days of 60 DTE
2020-07-22,75,No expiration within 4 days of 75 DTE
2020-07-23,75,No expiration within 4 days of 75 DTE
2020-07-24,75,No expiration within 4 days of 75 DTE
2020-07-27,60,No expiration within 4 days of 60 DTE
2020-07-27,75,No expiration within 4 days of 75 DTE
2020-07-28,75,No expiration within 4 days of 75 DTE
2020-08-06,60,No expiration within 4 days of 60 DTE
2020-08-07,60,No expiration within 4 days of 60 DTE
2020-08-07,75,No expiration within 4 days of 75 DTE
2020-08-10,60,No expiration within 4 days of 60 DTE
2020-08-10,75,No expiration within 4 days of 75 DTE
2020-08-11,60,No expiration within 4 days of 60 DTE
2020-08-11,75,No expiration within 4 days of 75 DTE
2020-08-12,60,No expiration within 4 days of 60 DTE
2020-08-24,45,No expiration within 4 days of 45 DTE
2020-08-24,60,No expiration within 4 days of 60 DTE
2020-08-25,45,No expiration within 4 days of 45 DTE
2020-08-25,60,No expiration within 4 days of 60 DTE
2020-08-26,45,No expiration within 4 days of 45 DTE
2020-08-26,60,No expiration within 4 days of 60 DTE
2020-08-26,75,No expiration within 4 days of 75 DTE
2020-08-27,75,No expiration within 4 days of 75 DTE
2020-08-28,75,No expiration within 4 days of 75 DTE
2020-08-31,75,No expiration within 4 days of 75 DTE
2020-09-01,75,No expiration within 4 days of 75 DTE
2020-09-11,75,No expiration within 4 days of 75 DTE
2020-09-14,60,No expiration within 4 days of 60 DTE
2020-09-15,60,No expiration within 4 days of 60 DTE
2020-09-16,60,No expiration within 4 days of 60 DTE
2020-09-21,75,No expiration within 4 days of 75 DTE
2020-09-22,75,No expiration within 4 days of 75 DTE
2020-09-23,75,No expiration within 4 days of 75 DTE
2020-09-24,75,No expiration within 4 days of 75 DTE
2020-09-25,75,No expiration within 4 days of 75 DTE
2020-09-28,75,No expiration within 4 days of 75 DTE
2020-09-29,75,No expiration within 4 days of 75 DTE
2020-10-06,60,No expiration within 4 days of 60 DTE
2020-10-07,60,No expiration within 4 days of 60 DTE
2020-10-09,75,No expiration within 4 days of 75 DTE
2020-10-12,60,No expiration within 4 days of 60 DTE
2020-10-12,75,No expiration within 4 days of 75 DTE
2020-10-13,60,No expiration within 4 days of 60 DTE
2020-10-14,60,No expiration within 4 days of 60 DTE
2020-10-22,75,No expiration within 4 days of 75 DTE
2020-10-23,75,No expiration within 4 days of 75 DTE
2020-10-26,60,No expiration within 4 days of 60 DTE
2020-10-26,75,No expiration within 4 days of 75 DTE
2020-10-27,60,No expiration within 4 days of 60 DTE
2020-10-27,75,No expiration within 4 days of 75 DTE
2020-11-06,60,No expiration within 4 days of 60 DTE
2020-11-06,75,No expiration within 4 days of 75 DTE
2020-11-09,60,No expiration within 4 days of 60 DTE
2020-11-09,75,No expiration within 4 days of 75 DTE
2020-11-10,60,No expiration within 4 days of 60 DTE
2020-11-10,75,No expiration within 4 days of 75 DTE
2020-11-11,60,No expiration within 4 days of 60 DTE
2020-11-20,75,No expiration within 4 days of 75 DTE
2020-11-23,60,No expiration within 4 days of 60 DTE
2020-11-23,75,No expiration within 4 days of 75 DTE
2020-11-24,60,No expiration within 4 days of 60 DTE
2020-11-24,75,No expiration within 4 days of 75 DTE
2020-11-25,75,No expiration within 4 days of 75 DTE
2020-11-27,75,No expiration within 4 days of 75 DTE
2020-11-30,75,No expiration within 4 days of 75 DTE
2020-12-01,75,No expiration within 4 days of 75 DTE
2020-12-18,75,No expiration within 4 days of 75 DTE
2020-12-21,75,No expiration within 4 days of 75 DTE
2020-12-22,75,No expiration within 4 days of 75 DTE
2020-12-23,75,No expiration within 4 days of 75 DTE
2020-12-28,75,No expiration within 4 days of 75 DTE
2020-12-29,75,No expiration within 4 days of 75 DTE
2021-01-08,75,No expiration within 4 days of 75 DTE
2021-01-20,75,No expiration within 4 days of 75 DTE
2021-01-21,75,No expiration within 4 days of 75 DTE
2021-01-22,75,No expiration within 4 days of 75 DTE
2021-01-25,75,No expiration within 4 days of 75 DTE
2021-01-26,75,No expiration within 4 days of 75 DTE
2021-02-05,60,No expiration within 4 days of 60 DTE
2021-02-05,75,No expiration within 4 days of 75 DTE
2021-02-08,60,No expiration within 4 days of 60 DTE
2021-02-08,75,No expiration within 4 days of 75 DTE
2021-02-09,60,No expiration within 4 days of 60 DTE
2021-02-09,75,No expiration within 4 days of 75 DTE
2021-02-10,60,No expiration within 4 days of 60 DTE
2021-02-19,75,No expiration within 4 days of 75 DTE
2021-02-22,60,No expiration within 4 days of 60 DTE
2021-02-22,75,No expiration within 4 days of 75 DTE
2021-02-23,60,No expiration within 4 days of 60 DTE
2021-02-23,75,No expiration within 4 days of 75 DTE
2021-02-24,60,No expiration within 4 days of 60 DTE
2021-02-24,75,No expiration within 4 days of 75 DTE
2021-02-25,75,No expiration within 4 days of 75 DTE
2021-02-26,75,No expiration within 4 days of 75 DTE
2021-03-01,75,No expiration within 4 days of 75 DTE
2021-03-02,75,No expiration within 4 days of 75 DTE
2021-03-08,60,No expiration within 4 days of 60 DTE
2021-03-09,60,No expiration within 4 days of 60 DTE
2021-03-10,60,No expiration within 4 days of 60 DTE
2021-03-15,60,No expiration within 4 days of 60 DTE
2021-03-16,60,No expiration within 4 days of 60 DTE
2021-03-17,60,No expiration within 4 days of 60 DTE
2021-03-19,75,No expiration within 4 days of 75 DTE
2021-03-22,75,No expiration within 4 days of 75 DTE
2021-03-23,75,No expiration within 4 days of 75 DTE
2021-03-24,75,No expiration within 4 days of 75 DTE
2021-03-25,75,No expiration within 4 days of 75 DTE
2021-03-26,75,No expiration within 4 days of 75 DTE
2021-03-29,75,No expiration within 4 days of 75 DTE
2021-03-30,75,No expiration within 4 days of 75 DTE
2021-04-09,75,No expiration within 4 days of 75 DTE
2021-04-21,75,No expiration within 4 days of 75 DTE
2021-04-22,75,No expiration within 4 days of 75 DTE
2021-04-23,75,No expiration within 4 days of 75 DTE
2021-04-26,75,No expiration within 4 days of 75 DTE
2021-04-27,75,No expiration within 4 days of 75 DTE
2021-05-07,75,No expiration within 4 days of 75 DTE
2021-05-10,60,No expiration within 4 days of 60 DTE
2021-05-10,75,No expiration within 4 days of 75 DTE
2021-05-11,60,No expiration within 4 days of 60 DTE
2021-05-11,75,No expiration within 4 days of 75 DTE
2021-05-12,60,No expiration within 4 days of 60 DTE
2021-05-21,75,No expiration within 4 days of 75 DTE
2021-05-24,60,No expiration within 4 days of 60 DTE
2021-05-24,75,No expiration within 4 days of 75 DTE
2021-05-25,60,No expiration within 4 days of 60 DTE
2021-05-25,75,No expiration within 4 days of 75 DTE
2021-05-26,60,No expiration within 4 days of 60 DTE
2021-05-26,75,No expiration within 4 days of 75 DTE
2021-05-27,75,No expiration within 4 days of 75 DTE
2021-05-28,75,No expiration within 4 days of 75 DTE
2021-06-01,75,No expiration within 4 days of 75 DTE
2021-06-07,60,No expiration within 4 days of 60 DTE
2021-06-08,60,No expiration within 4 days of 60 DTE
2021-06-09,60,No expiration within 4 days of 60 DTE
2021-06-11,75,No expiration within 4 days of 75 DTE
2021-06-14,60,No expiration within 4 days of 60 DTE
2021-06-15,60,No expiration within 4 days of 60 DTE
2021-06-16,60,No expiration within 4 days of 60 DTE
2021-06-22,75,No expiration within 4 days of 75 DTE
2021-06-23,75,No expiration within 4 days of 75 DTE
2021-06-24,75,No expiration within 4 days of 75 DTE
2021-06-25,75,No expiration within 4 days of 75 DTE
2021-06-28,75,No expiration within 4 days of 75 DTE
2021-06-29,75,No expiration within 4 days of 75 DTE
2021-07-07,60,No expiration within 4 days of 60 DTE
2021-07-09,75,No expiration within 4 days of 75 DTE
2021-07-12,60,No expiration within 4 days of 60 DTE
2021-07-12,75,No expiration within 4 days of 75 DTE
2021-07-13,60,No expiration within 4 days of 60 DTE
2021-07-14,60,No expiration within 4 days of 60 DTE
2021-07-22,75,No expiration within 4 days of 75 DTE
2021-07-23,75,No expiration within 4 days of 75 DTE
2021-07-26,60,No expiration within 4 days of 60 DTE
2021-07-26,75,No expiration within 4 days of 75 DTE
2021-07-27,60,No expiration within 4 days of 60 DTE
2021-07-27,75,No expiration within 4 days of 75 DTE
2021-08-06,60,No expiration within 4 days of 60 DTE
2021-08-06,75,No expiration within 4 days of 75 DTE
2021-08-09,60,No expiration within 4 days of 60 DTE
2021-08-09,75,No expiration within 4 days of 75 DTE
2021-08-10,60,No expiration within 4 days of 60 DTE
2021-08-10,75,No expiration within 4 days of 75 DTE
2021-08-11,60,No expiration within 4 days of 60 DTE
2021-08-20,75,No expiration within 4 days of 75 DTE
2021-08-23,45,No expiration within 4 days of 45 DTE
2021-08-23,60,No expiration within 4 days of 60 DTE
2021-08-23,75,No expiration within 4 days of 75 DTE
2021-08-24,45,No expiration within 4 days of 45 DTE
2021-08-24,60,No expiration within 4 days of 60 DTE
2021-08-24,75,No expiration within 4 days of 75 DTE
2021-08-25,45,No expiration within 4 days of 45 DTE
2021-08-25,60,No expiration within 4 days of 60 DTE
2021-08-25,75,No expiration within 4 days of 75 DTE
2021-08-26,75,No expiration within 4 days of 75 DTE
2021-08-27,75,No expiration within 4 days of 75 DTE
2021-08-30,75,No expiration within 4 days of 75 DTE
2021-08-31,75,No expiration within 4 days of 75 DTE
2021-09-07,60,No expiration within 4 days of 60 DTE
2021-09-08,60,No expiration within 4 days of 60 DTE
2021-09-10,75,No expiration within 4 days of 75 DTE
2021-09-13,60,No expiration within 4 days of 60 DTE
2021-09-14,60,No expiration within 4 days of 60 DTE
2021-09-15,60,No expiration within 4 days of 60 DTE
2021-09-21,75,No expiration within 4 days of 75 DTE
2021-09-22,75,No expiration within 4 days of 75 DTE
2021-09-23,75,No expiration within 4 days of 75 DTE
2021-09-24,75,No expiration within 4 days of 75 DTE
2021-09-27,75,No expiration within 4 days of 75 DTE
2021-09-28,75,No expiration within 4 days of 75 DTE
2021-10-06,60,No expiration within 4 days of 60 DTE
2021-10-08,75,No expiration within 4 days of 75 DTE
2021-10-11,60,No expiration within 4 days of 60 DTE
2021-10-11,75,No expiration within 4 days of 75 DTE
2021-10-12,60,No expiration within 4 days of 60 DTE
2021-10-12,75,No expiration within 4 days of 75 DTE
2021-10-13,60,No expiration within 4 days of 60 DTE
2021-10-22,75,No expiration within 4 days of 75 DTE
2021-10-25,60,No expiration within 4 days of 60 DTE
2021-10-25,75,No expiration within 4 days of 75 DTE
2021-10-26,60,No expiration within 4 days of 60 DTE
2021-10-26,75,No expiration within 4 days of 75 DTE
2021-10-27,60,No expiration within 4 days of 60 DTE
2021-10-27,75,No expiration within 4 days of 75 DTE
2021-10-28,75,No expiration within 4 days of 75 DTE
2021-10-29,75,No expiration within 4 days of 75 DTE
2021-11-01,75,No expiration within 4 days of 75 DTE
2021-11-02,75,No expiration within 4 days of 75 DTE
2021-11-08,60,No expiration within 4 days of 60 DTE
2021-11-09,60,No expiration within 4 days of 60 DTE
2021-11-10,60,No expiration within 4 days of 60 DTE
2021-11-12,75,No expiration within 4 days of 75 DTE
2021-11-15,60,No expiration within 4 days of 60 DTE
2021-11-16,60,No expiration within 4 days of 60 DTE
2021-11-17,60,No expiration within 4 days of 60 DTE
2021-11-22,75,No expiration within 4 days of 75 DTE
2021-11-23,75,No expiration within 4 days of 75 DTE
2021-11-24,75,No expiration within 4 days of 75 DTE
2021-11-26,75,No expiration within 4 days of 75 DTE
2021-11-29,75,No expiration within 4 days of 75 DTE
2021-11-30,75,No expiration within 4 days of 75 DTE
2021-12-07,60,No expiration within 4 days of 60 DTE
2021-12-08,60,No expiration within 4 days of 60 DTE
2021-12-10,75,No expiration within 4 days of 75 DTE
2021-12-13,60,No expiration within 4 days of 60 DTE
2021-12-14,60,No expiration within 4 days of 60 DTE
2021-12-15,60,No expiration within 4 days of 60 DTE
2021-12-20,75,No expiration within 4 days of 75 DTE
2021-12-21,75,No expiration within 4 days of 75 DTE
2021-12-22,75,No expiration within 4 days of 75 DTE
2021-12-23,75,No expiration within 4 days of 75 DTE
2021-12-27,75,No expiration within 4 days of 75 DTE
2021-12-28,75,No expiration within 4 days of 75 DTE
2022-01-04,60,No expiration within 4 days of 60 DTE
2022-01-05,60,No expiration within 4 days of 60 DTE
2022-01-06,60,No expiration within 4 days of 60 DTE
2022-01-07,60,No expiration within 4 days of 60 DTE
2022-01-07,75,No expiration within 4 days of 75 DTE
2022-01-10,60,No expiration within 4 days of 60 DTE
2022-01-10,75,No expiration within 4 days of 75 DTE
2022-01-11,60,No expiration within 4 days of 60 DTE
2022-01-12,60,No expiration within 4 days of 60 DTE
2022-01-20,75,No expiration within 4 days of 75 DTE
2022-01-21,75,No expiration within 4 days of 75 DTE
2022-01-24,45,No expiration within 4 days of 45 DTE
2022-01-24,60,No expiration within 4 days of 60 DTE
2022-01-24,75,No expiration within 4 days of 75 DTE
2022-01-25,45,No expiration within 4 days of 45 DTE
2022-01-25,60,No expiration within 4 days of 60 DTE
2022-01-26,45,No expiration within 4 days of 45 DTE
2022-02-03,75,No expiration within 4 days of 75 DTE
2022-02-04,60,No expiration within 4 days of 60 DTE
2022-02-04,75,No expiration within 4 days of 75 DTE
2022-02-07,60,No expiration within 4 days of 60 DTE
2022-02-07,75,No expiration within 4 days of 75 DTE
2022-02-08,60,No expiration within 4 days of 60 DTE
2022-02-08,75,No expiration within 4 days of 75 DTE
2022-02-18,60,No expiration within 4 days of 60 DTE
2022-02-18,75,No expiration within 4 days of 75 DTE
2022-02-22,45,No expiration within 4 days of 45 DTE
2022-02-22,60,No expiration within 4 days of 60 DTE
2022-02-22,75,No expiration within 4 days of 75 DTE
2022-02-23,45,No expiration within 4 days of 45 DTE
2022-02-23,60,No expiration within 4 days of 60 DTE
2022-02-23,75,No expiration within 4 days of 75 DTE
2022-02-24,75,No expiration within 4 days of 75 DTE
2022-02-25,75,No expiration within 4 days of 75 DTE
2022-02-28,75,No expiration within 4 days of 75 DTE
2022-03-01,75,No expiration within 4 days of 75 DTE
2022-03-07,60,No expiration within 4 days of 60 DTE
2022-03-08,60,No expiration within 4 days of 60 DTE
2022-03-09,60,No expiration within 4 days of 60 DTE
2022-03-11,75,No expiration within 4 days of 75 DTE
2022-03-14,60,No expiration within 4 days of 60 DTE
2022-03-15,60,No expiration within 4 days of 60 DTE
2022-03-16,60,No expiration within 4 days of 60 DTE
2022-03-22,75,No expiration within 4 days of 75 DTE
2022-03-23,75,No expiration within 4 days of 75 DTE
2022-03-24,75,No expiration within 4 days of 75 DTE
2022-03-25,75,No expiration within 4 days of 75 DTE
2022-03-28,75,No expiration within 4 days of 75 DTE
2022-03-29,75,No expiration within 4 days of 75 DTE
2022-04-06,60,No expiration within 4 days of 60 DTE
2022-04-08,75,No expiration within 4 days of 75 DTE
2022-04-11,60,No expiration within 4 days of 60 DTE
2022-04-11,75,No expiration within 4 days of 75 DTE
2022-04-12,60,No expiration within 4 days of 60 DTE
2022-04-13,60,No expiration within 4 days of 60 DTE
2022-04-21,75,No expiration within 4 days of 75 DTE
2022-04-22,75,No expiration within 4 days of 75 DTE
2022-04-25,60,No expiration within 4 days of 60 DTE
2022-04-25,75,No expiration within 4 days of 75 DTE
2022-04-26,60,No expiration within 4 days of 60 DTE
2022-04-26,75,No expiration within 4 days of 75 DTE
2022-05-06,60,No expiration within 4 days of 60 DTE
2022-05-06,75,No expiration within 4 days of 75 DTE
2022-05-09,60,No expiration within 4 days of 60 DTE
2022-05-09,75,No expiration within 4 days of 75 DTE
2022-05-10,60,No expiration within 4 days of 60 DTE
2022-05-10,75,No expiration within 4 days of 75 DTE
2022-05-11,60,No expiration within 4 days of 60 DTE
2022-05-20,75,No expiration within 4 days of 75 DTE
2022-05-23,45,No expiration within 4 days of 45 DTE
2022-05-23,60,No expiration within 4 days of 60 DTE
2022-05-23,75,No expiration within 4 days of 75 DTE
2022-05-24,45,No expiration within 4 days of 45 DTE
2022-05-24,60,No expiration within 4 days of 60 DTE
2022-05-24,75,No expiration within 4 days of 75 DTE
2022-05-25,45,No expiration within 4 days of 45 DTE
2022-05-25,60,No expiration within 4 days of 60 DTE
2022-05-25,75,No expiration within 4 days of 75 DTE
2022-05-26,75,No expiration within 4 days of 75 DTE
2022-05-27,75,No expiration within 4 days of 75 DTE
2022-05-31,75,No expiration within 4 days of 75 DTE
2022-06-06,60,No expiration within 4 days of 60 DTE
2022-06-07,60,No expiration within 4 days of 60 DTE
2022-06-08,60,No expiration within 4 days of 60 DTE
2022-06-10,75,No expiration within 4 days of 75 DTE
2022-06-13,60,No expiration within 4 days of 60 DTE
2022-06-14,60,No expiration within 4 days of 60 DTE
2022-06-15,60,No expiration within 4 days of 60 DTE
2022-06-22,75,No expiration within 4 days of 75 DTE
2022-06-23,75,No expiration within 4 days of 75 DTE
2022-06-24,75,No expiration within 4 days of 75 DTE
2022-06-27,60,No expiration within 4 days of 60 DTE
2022-06-27,75,No expiration within 4 days of 75 DTE
2022-06-28,75,No expiration within 4 days of 75 DTE
2022-07-08,75,No expiration within 4 days of 75 DTE
2022-07-11,60,No expiration within 4 days of 60 DTE
2022-07-11,75,No expiration within 4 days of 75 DTE
2022-07-12,60,No expiration within 4 days of 60 DTE
2022-07-12,75,No expiration within 4 days of 75 DTE
2022-07-13,60,No expiration within 4 days of 60 DTE
2022-07-22,75,No expiration within 4 days of 75 DTE
2022-07-25,60,No expiration within 4 days of 60 DTE
2022-07-25,75,No expiration within 4 days of 75 DTE
2022-07-26,60,No expiration within 4 days of 60 DTE
2022-07-26,75,No expiration within 4 days of 75 DTE
2022-07-27,60,No expiration within 4 days of 60 DTE
2022-07-27,75,No expiration within 4 days of 75 DTE
2022-07-28,75,No expiration within 4 days of 75 DTE
2022-07-29,75,No expiration within 4 days of 75 DTE
2022-08-01,75,No expiration within 4 days of 75 DTE
2022-08-02,75,No expiration within 4 days of 75 DTE
2022-08-08,60,No expiration within 4 days of 60 DTE
2022-08-09,60,No expiration within 4 days of 60 DTE
2022-08-10,60,No expiration within 4 days of 60 DTE
2022-08-12,75,No expiration within 4 days of 75 DTE
2022-08-15,60,No expiration within 4 days of 60 DTE
2022-08-16,60,No expiration within 4 days of 60 DTE
2022-08-17,60,No expiration within 4 days of 60 DTE
2022-08-22,75,No expiration within 4 days of 75 DTE
2022-08-23,75,No expiration within 4 days of 75 DTE
2022-08-24,75,No expiration within 4 days of 75 DTE
2022-08-25,75,No expiration within 4 days of 75 DTE
2022-08-26,75,No expiration within 4 days of 75 DTE
2022-08-29,75,No expiration within 4 days of 75 DTE
2022-08-30,75,No expiration within 4 days of 75 DTE
2022-09-06,60,No expiration within 4 days of 60 DTE
2022-09-07,60,No expiration within 4 days of 60 DTE
2022-09-09,75,No expiration within 4 days of 75 DTE
2022-09-12,60,No expiration within 4 days of 60 DTE
2022-09-13,60,No expiration within 4 days of 60 DTE
2022-09-14,60,No expiration within 4 days of 60 DTE
2022-09-21,75,No expiration within 4 days of 75 DTE
2022-09-22,75,No expiration within 4 days of 75 DTE
2022-09-23,75,No expiration within 4 days of 75 DTE
2022-09-26,60,No expiration within 4 days of 60 DTE
2022-09-26,75,No expiration within 4 days of 75 DTE
2022-09-27,75,No expiration within 4 days of 75 DTE
2022-10-06,60,No expiration within 4 days of 60 DTE
2022-10-07,60,No expiration within 4 days of 60 DTE
2022-10-07,75,No expiration within 4 days of 75 DTE
2022-10-10,60,No expiration within 4 days of 60 DTE
2022-10-10,75,No expiration within 4 days of 75 DTE
2022-10-11,60,No expiration within 4 days of 60 DTE
2022-10-11,75,No expiration within 4 days of 75 DTE
2022-10-12,60,No expiration within 4 days of 60 DTE
2022-10-21,75,No expiration within 4 days of 75 DTE
2022-10-24,45,No expiration within 4 days of 45 DTE
2022-10-24,60,No expiration within 4 days of 60 DTE
2022-10-24,75,No expiration within 4 days of 75 DTE
2022-10-25,45,No expiration within 4 days of 45 DTE
2022-10-25,60,No expiration within 4 days of 60 DTE
2022-10-25,75,No expiration within 4 days of 75 DTE
2022-10-26,60,No expiration within 4 days of 60 DTE
2022-10-26,75,No expiration within 4 days of 75 DTE
2022-10-27,75,No expiration within 4 days of 75 DTE
2022-10-28,75,No expiration within 4 days of 75 DTE
2022-10-31,75,No expiration within 4 days of 75 DTE
2022-11-01,75,No expiration within 4 days of 75 DTE
2022-11-07,60,No expiration within 4 days of 60 DTE
2022-11-08,60,No expiration within 4 days of 60 DTE
2022-11-11,75,No expiration within 4 days of 75 DTE
2022-11-14,60,No expiration within 4 days of 60 DTE
2022-11-15,60,No expiration within 4 days of 60 DTE
2022-11-16,60,No expiration within 4 days of 60 DTE
2022-11-22,75,No expiration within 4 days of 75 DTE
2022-11-23,75,No expiration within 4 days of 75 DTE
2022-11-25,75,No expiration within 4 days of 75 DTE
2022-11-28,75,No expiration within 4 days of 75 DTE
2022-11-29,75,No expiration within 4 days of 75 DTE
2022-12-09,75,No expiration within 4 days of 75 DTE
2022-12-12,60,No expiration within 4 days of 60 DTE
2022-12-13,60,No expiration within 4 days of 60 DTE
2022-12-14,60,No expiration within 4 days of 60 DTE
2022-12-20,75,No expiration within 4 days of 75 DTE
2022-12-21,75,No expiration within 4 days of 75 DTE
2022-12-22,75,No expiration within 4 days of 75 DTE
2022-12-23,75,No expiration within 4 days of 75 DTE
2022-12-27,75,No expiration within 4 days of 75 DTE
2023-01-04,60,No expiration within 4 days of 60 DTE
2023-01-05,60,No expiration within 4 days of 60 DTE
2023-01-06,60,No expiration within 4 days of 60 DTE
2023-01-06,75,No expiration within 4 days of 75 DTE
2023-01-09,60,No expiration within 4 days of 60 DTE
2023-01-09,75,No expiration within 4 days of 75 DTE
2023-01-10,60,No expiration within 4 days of 60 DTE
2023-01-10,75,No expiration within 4 days of 75 DTE
2023-01-11,60,No expiration within 4 days of 60 DTE
2023-01-20,75,No expiration within 4 days of 75 DTE
2023-01-23,45,No expiration within 4 days of 45 DTE
2023-01-23,60,No expiration within 4 days of 60 DTE
2023-01-23,75,No expiration within 4 days of 75 DTE
2023-01-24,45,No expiration within 4 days of 45 DTE
2023-01-24,60,No expiration within 4 days of 60 DTE
2023-01-24,75,No expiration within 4 days of 75 DTE
2023-01-25,60,No expiration within 4 days of 60 DTE
2023-01-25,75,No expiration within 4 days of 75 DTE
2023-01-26,75,No expiration within 4 days of 75 DTE
2023-01-27,75,No expiration within 4 days of 75 DTE
2023-01-30,75,No expiration within 4 days of 75 DTE
2023-01-31,75,No expiration within 4 days of 75 DTE
2023-02-06,60,No expiration within 4 days of 60 DTE
2023-02-07,60,No expiration within 4 days of 60 DTE
2023-02-08,60,No expiration within 4 days of 60 DTE
2023-02-17,75,No expiration within 4 days of 75 DTE
2023-02-21,45,No expiration within 4 days of 45 DTE
2023-02-21,75,No expiration within 4 days of 75 DTE
2023-02-22,45,No expiration within 4 days of 45 DTE
2023-02-24,75,No expiration within 4 days of 75 DTE
2023-02-27,75,No expiration within 4 days of 75 DTE
2023-02-28,75,No expiration within 4 days of 75 DTE
2023-03-24,75,No expiration within 4 days of 75 DTE
2023-03-27,75,No expiration within 4 days of 75 DTE
2023-03-28,75,No expiration within 4 days of 75 DTE
2023-04-10,75,No expiration within 4 days of 75 DTE
2023-04-11,75,No expiration within 4 days of 75 DTE
2023-04-21,75,No expiration within 4 days of 75 DTE
2023-04-24,60,No expiration within 4 days of 60 DTE
2023-04-24,75,No expiration within 4 days of 75 DTE
2023-04-25,60,No expiration within 4 days of 60 DTE
2023-04-25,75,No expiration within 4 days of 75 DTE
2023-04-26,60,No expiration within 4 days of 60 DTE
2023-04-26,75,No expiration within 4 days of 75 DTE
2023-04-27,75,No expiration within 4 days of 75 DTE
2023-04-28,75,No expiration within 4 days of 75 DTE
2023-05-01,75,No expiration within 4 days of 75 DTE
2023-05-02,75,No expiration within 4 days of 75 DTE
2023-05-08,60,No expiration within 4 days of 60 DTE
2023-05-09,60,No expiration within 4 days of 60 DTE
2023-05-12,75,No expiration within 4 days of 75 DTE
2023-05-15,60,No expiration within 4 days of 60 DTE
2023-05-16,60,No expiration within 4 days of 60 DTE
2023-05-17,60,No expiration within 4 days of 60 DTE
2023-05-22,75,No expiration within 4 days of 75 DTE
2023-05-23,75,No expiration within 4 days of 75 DTE
2023-05-24,75,No expiration within 4 days of 75 DTE
2023-05-25,75,No expiration within 4 days of 75 DTE
2023-05-26,75,No expiration within 4 days of 75 DTE
2023-05-30,75,No expiration within 4 days of 75 DTE
2023-06-06,60,No expiration within 4 days of 60 DTE
2023-06-09,75,No expiration within 4 days of 75 DTE
2023-06-12,60,No expiration within 4 days of 60 DTE
2023-06-12,75,No expiration within 4 days of 75 DTE
2023-06-13,60,No expiration within 4 days of 60 DTE
2023-06-14,60,No expiration within 4 days of 60 DTE
2023-06-22,75,No expiration within 4 days of 75 DTE
2023-06-23,75,No expiration within 4 days of 75 DTE
2023-06-26,60,No expiration within 4 days of 60 DTE
2023-06-26,75,No expiration within 4 days of 75 DTE
2023-06-27,60,No expiration within 4 days of 60 DTE
2023-06-27,75,No expiration within 4 days of 75 DTE
2023-07-07,60,No expiration within 4 days of 60 DTE
2023-07-07,75,No expiration within 4 days of 75 DTE
2023-07-10,60,No expiration within 4 days of 60 DTE
2023-07-10,75,No expiration within 4 days of 75 DTE
2023-07-11,60,No expiration within 4 days of 60 DTE
2023-07-11,75,No expiration within 4 days of 75 DTE
2023-07-12,60,No expiration within 4 days of 60 DTE
2023-07-21,75,No expiration within 4 days of 75 DTE
2023-07-24,45,No expiration within 4 days of 45 DTE
2023-07-24,60,No expiration within 4 days of 60 DTE
2023-07-24,75,No expiration within 4 days of 75 DTE
2023-07-25,45,No expiration within 4 days of 45 DTE
2023-07-25,60,No expiration within 4 days of 60 DTE
2023-07-25,75,No expiration within 4 days of 75 DTE
2023-07-26,60,No expiration within 4 days of 60 DTE
2023-07-26,75,No expiration within 4 days of 75 DTE
2023-07-27,75,No expiration within 4 days of 75 DTE
2023-07-28,75,No expiration within 4 days of 75 DTE
2023-07-31,75,No expiration within 4 days of 75 DTE
2023-08-01,75,No expiration within 4 days of 75 DTE
2023-08-07,60,No expiration within 4 days of 60 DTE
2023-08-08,60,No expiration within 4 days of 60 DTE
2023-08-11,75,No expiration within 4 days of 75 DTE
2023-08-14,60,No expiration within 4 days of 60 DTE
2023-08-15,60,No expiration within 4 days of 60 DTE
2023-08-16,60,No expiration within 4 days of 60 DTE
2023-08-22,75,No expiration within 4 days of 75 DTE
2023-08-23,75,No expiration within 4 days of 75 DTE
2023-08-24,75,No expiration within 4 days of 75 DTE
2023-08-25,75,No expiration within 4 days of 75 DTE
2023-08-28,75,No expiration within 4 days of 75 DTE
2023-08-29,75,No expiration within 4 days of 75 DTE
2023-09-08,75,No expiration within 4 days of 75 DTE
2023-09-11,60,No expiration within 4 days of 60 DTE
2023-09-11,75,No expiration within 4 days of 75 DTE
2023-09-12,60,No expiration within 4 days of 60 DTE
2023-09-13,60,No expiration within 4 days of 60 DTE
2023-09-21,75,No expiration within 4 days of 75 DTE
2023-09-22,75,No expiration within 4 days of 75 DTE
2023-09-25,60,No expiration within 4 days of 60 DTE
2023-09-25,75,No expiration within 4 days of 75 DTE
2023-09-26,60,No expiration within 4 days of 60 DTE
2023-09-26,75,No expiration within 4 days of 75 DTE
2023-10-06,60,No expiration within 4 days of 60 DTE
2023-10-06,75,No expiration within 4 days of 75 DTE
2023-10-09,60,No expiration within 4 days of 60 DTE
2023-10-09,75,No expiration within 4 days of 75 DTE
2023-10-10,60,No expiration within 4 days of 60 DTE
2023-10-10,75,No expiration within 4 days of 75 DTE
2023-10-11,60,No expiration within 4 days of 60 DTE
2023-10-20,75,No expiration within 4 days of 75 DTE
2023-10-23,45,No expiration within 4 days of 45 DTE
2023-10-23,60,No expiration within 4 days of 60 DTE
2023-10-23,75,No expiration within 4 days of 75 DTE
2023-10-24,60,No expiration within 4 days of 60 DTE
2023-10-24,75,No expiration within 4 days of 75 DTE
2023-10-25,60,No expiration within 4 days of 60 DTE
2023-10-25,75,No expiration within 4 days of 75 DTE
2023-10-26,75,No expiration within 4 days of 75 DTE
2023-10-27,75,No expiration within 4 days of 75 DTE
2023-10-30,75,No expiration within 4 days of 75 DTE
2023-10-31,75,No expiration within 4 days of 75 DTE
2023-11-06,60,No expiration within 4 days of 60 DTE
2023-11-07,60,No expiration within 4 days of 60 DTE
2023-11-10,75,No expiration within 4 days of 75 DTE
2023-11-13,60,No expiration within 4 days of 60 DTE
2023-11-14,60,No expiration within 4 days of 60 DTE
2023-11-15,60,No expiration within 4 days of 60 DTE
2023-11-22,75,No expiration within 4 days of 75 DTE
2023-11-24,75,No expiration within 4 days of 75 DTE
2023-11-27,75,No expiration within 4 days of 75 DTE
2023-11-28,75,No expiration within 4 days of 75 DTE
2023-12-08,75,No expiration within 4 days of 75 DTE
2023-12-11,75,No expiration within 4 days of 75 DTE
2023-12-12,60,No expiration within 4 days of 60 DTE
2023-12-13,60,No expiration within 4 days of 60 DTE
2023-12-21,75,No expiration within 4 days of 75 DTE
2023-12-22,75,No expiration within 4 days of 75 DTE
2023-12-26,60,No expiration within 4 days of 60 DTE
2023-12-26,75,No expiration within 4 days of 75 DTE
2024-01-05,60,No expiration within 4 days of 60 DTE
2024-01-05,75,No expiration within 4 days of 75 DTE
2024-01-08,60,No expiration within 4 days of 60 DTE
2024-01-08,75,No expiration within 4 days of 75 DTE
2024-01-09,60,No expiration within 4 days of 60 DTE
2024-01-10,60,No expiration within 4 days of 60 DTE
2024-01-18,75,No expiration within 4 days of 75 DTE
2024-01-19,75,No expiration within 4 days of 75 DTE
2024-01-22,60,No expiration within 4 days of 60 DTE
2024-01-22,75,No expiration within 4 days of 75 DTE
2024-01-23,60,No expiration within 4 days of 60 DTE
2024-01-23,75,No expiration within 4 days of 75 DTE
2024-01-24,75,No expiration within 4 days of 75 DTE
2024-01-25,75,No expiration within 4 days of 75 DTE
2024-01-26,75,No expiration within 4 days of 75 DTE
2024-01-29,75,No expiration within 4 days of 75 DTE
2024-01-30,75,No expiration within 4 days of 75 DTE
2024-02-02,60,No expiration within 4 days of 60 DTE
2024-02-05,60,No expiration within 4 days of 60 DTE
2024-02-06,60,No expiration within 4 days of 60 DTE
2024-02-09,75,No expiration within 4 days of 75 DTE
2024-02-12,60,No expiration within 4 days of 60 DTE
2024-02-13,60,No expiration within 4 days of 60 DTE
2024-02-14,60,No expiration within 4 days of 60 DTE
2024-02-20,75,No expiration within 4 days of 75 DTE
2024-02-21,75,No expiration within 4 days of 75 DTE
2024-02-22,75,No expiration within 4 days of 75 DTE
2024-02-23,75,No expiration within 4 days of 75 DTE
2024-02-26,75,No expiration within 4 days of 75 DTE
2024-02-27,75,No expiration within 4 days of 75 DTE
2024-03-08,75,No expiration within 4 days of 75 DTE
2024-03-11,60,No expiration within 4 days of 60 DTE
2024-03-11,75,No expiration within 4 days of 75 DTE
2024-03-12,60,No expiration within 4 days of 60 DTE
2024-03-12,75,No expiration within 4 days of 75 DTE
2024-03-13,60,No expiration within 4 days of 60 DTE
2024-03-22,75,No expiration within 4 days of 75 DTE
2024-03-25,60,No expiration within 4 days of 60 DTE
2024-03-25,75,No expiration within 4 days of 75 DTE
2024-03-26,60,No expiration within 4 days of 60 DTE
2024-03-26,75,No expiration within 4 days of 75 DTE
2024-03-27,60,No expiration within 4 days of 60 DTE
2024-03-27,75,No expiration within 4 days of 75 DTE
2024-03-28,75,No expiration within 4 days of 75 DTE
2024-04-01,75,No expiration within 4 days of 75 DTE
2024-04-02,75,No expiration within 4 days of 75 DTE
2024-04-08,60,No expiration within 4 days of 60 DTE
2024-04-09,60,No expiration within 4 days of 60 DTE
2024-04-15,60,No expiration within 4 days of 60 DTE
2024-04-16,60,No expiration within 4 days of 60 DTE
2024-04-19,75,No expiration within 4 days of 75 DTE
2024-04-22,75,No expiration within 4 days of 75 DTE
2024-04-23,75,No expiration within 4 days of 75 DTE
2024-04-24,75,No expiration within 4 days of 75 DTE
2024-04-25,75,No expiration within 4 days of 75 DTE
2024-04-26,75,No expiration within 4 days of 75 DTE
2024-04-29,75,No expiration within 4 days of 75 DTE
2024-04-30,75,No expiration within 4 days of 75 DTE
2024-05-10,75,No expiration within 4 days of 75 DTE
2024-05-22,75,No expiration within 4 days of 75 DTE
2024-05-23,75,No expiration within 4 days of 75 DTE
2024-05-24,75,No expiration within 4 days of 75 DTE
2024-05-28,75,No expiration within 4 days of 75 DTE
2024-06-07,75,No expiration within 4 days of 75 DTE
2024-06-10,60,No expiration within 4 days of 60 DTE
2024-06-10,75,No expiration within 4 days of 75 DTE
2024-06-11,60,No expiration within 4 days of 60 DTE
2024-06-11,75,No expiration within 4 days of 75 DTE
2024-06-21,75,No expiration within 4 days of 75 DTE
2024-06-24,60,No expiration within 4 days of 60 DTE
2024-06-24,75,No expiration within 4 days of 75 DTE
2024-06-25,60,No expiration within 4 days of 60 DTE
2024-06-25,75,No expiration within 4 days of 75 DTE
2024-06-26,60,No expiration within 4 days of 60 DTE
2024-06-26,75,No expiration within 4 days of 75 DTE
2024-06-27,75,No expiration within 4 days of 75 DTE
2024-06-28,75,No expiration within 4 days of 75 DTE
2024-07-01,75,No expiration within 4 days of 75 DTE
2024-07-02,75,No expiration within 4 days of 75 DTE
2024-07-08,60,No expiration within 4 days of 60 DTE
2024-07-09,60,No expiration within 4 days of 60 DTE
2024-07-12,75,No expiration within 4 days of 75 DTE
2024-07-15,60,No expiration within 4 days of 60 DTE
2024-07-16,60,No expiration within 4 days of 60 DTE
2024-07-17,60,No expiration within 4 days of 60 DTE
2024-07-22,75,No expiration within 4 days of 75 DTE
2024-07-23,75,No expiration within 4 days of 75 DTE
2024-07-24,75,No expiration within 4 days of 75 DTE
2024-07-25,75,No expiration within 4 days of 75 DTE
2024-07-26,75,No expiration within 4 days of 75 DTE
2024-07-29,75,No expiration within 4 days of 75 DTE
2024-07-30,75,No expiration within 4 days of 75 DTE
2024-08-06,60,No expiration within 4 days of 60 DTE
2024-08-09,75,No expiration within 4 days of 75 DTE
2024-08-12,60,No expiration within 4 days of 60 DTE
2024-08-12,75,No expiration within 4 days of 75 DTE
2024-08-13,60,No expiration within 4 days of 60 DTE
2024-08-14,60,No expiration within 4 days of 60 DTE
2024-08-26,60,No expiration within 4 days of 60 DTE
2024-08-27,60,No expiration within 4 days of 60 DTE
2024-09-06,75,No expiration within 4 days of 75 DTE
2024-09-09,75,No expiration within 4 days of 75 DTE
2024-09-10,75,No expiration within 4 days of 75 DTE
2024-09-20,75,No expiration within 4 days of 75 DTE
2024-09-23,60,No expiration within 4 days of 60 DTE
2024-09-23,75,No expiration within 4 days of 75 DTE
2024-09-24,60,No expiration within 4 days of 60 DTE
2024-09-24,75,No expiration within 4 days of 75 DTE
2024-09-25,60,No expiration within 4 days of 60 DTE
2024-09-25,75,No expiration within 4 days of 75 DTE
2024-09-26,75,No expiration within 4 days of 75 DTE
2024-09-27,75,No expiration within 4 days of 75 DTE
2024-09-30,75,No expiration within 4 days of 75 DTE
2024-10-01,75,No expiration within 4 days of 75 DTE
2024-10-07,60,No expiration within 4 days of 60 DTE
2024-10-08,60,No expiration within 4 days of 60 DTE
2024-10-11,75,No expiration within 4 days of 75 DTE
2024-10-14,60,No expiration within 4 days of 60 DTE
2024-10-15,60,No expiration within 4 days of 60 DTE
2024-10-16,60,No expiration within 4 days of 60 DTE
2024-10-22,75,No expiration within 4 days of 75 DTE
2024-10-23,75,No expiration within 4 days of 75 DTE
2024-10-24,75,No expiration within 4 days of 75 DTE
2024-10-25,75,No expiration within 4 days of 75 DTE
2024-10-28,75,No expiration within 4 days of 75 DTE
2024-11-08,75,No expiration within 4 days of 75 DTE
2024-11-11,75,No expiration within 4 days of 75 DTE
2024-11-12,75,No expiration within 4 days of 75 DTE
2024-11-22,75,No expiration within 4 days of 75 DTE
2024-11-25,60,No expiration within 4 days of 60 DTE
2024-11-25,75,No expiration within 4 days of 75 DTE
2024-11-26,60,No expiration within 4 days of 60 DTE
2024-11-26,75,No expiration within 4 days of 75 DTE
2024-11-27,60,No expiration within 4 days of 60 DTE
2024-11-27,75,No expiration within 4 days of 75 DTE
2024-11-29,75,No expiration within 4 days of 75 DTE
2024-12-02,75,No expiration within 4 days of 75 DTE
2024-12-03,75,No expiration within 4 days of 75 DTE
2024-12-09,60,No expiration within 4 days of 60 DTE
2024-12-10,60,No expiration within 4 days of 60 DTE
2024-12-16,60,No expiration within 4 days of 60 DTE
2024-12-17,60,No expiration within 4 days of 60 DTE
2024-12-18,60,No expiration within 4 days of 60 DTE
2024-12-20,75,No expiration within 4 days of 75 DTE
2024-12-23,75,No expiration within 4 days of 75 DTE
2024-12-24,75,No expiration within 4 days of 75 DTE
2024-12-26,75,No expiration within 4 days of 75 DTE
2024-12-27,75,No expiration within 4 days of 75 DTE
2024-12-30,75,No expiration within 4 days of 75 DTE
2024-12-31,75,No expiration within 4 days of 75 DTE
2025-01-10,75,No expiration within 4 days of 75 DTE
2025-01-21,75,No expiration within 4 days of 75 DTE
2025-01-22,75,No expiration within 4 days of 75 DTE
2025-01-23,75,No expiration within 4 days of 75 DTE
2025-01-24,75,No expiration within 4 days of 75 DTE
2025-01-27,75,No expiration within 4 days of 75 DTE
2025-02-04,60,No expiration within 4 days of 60 DTE
2025-02-06,75,No expiration within 4 days of 75 DTE
2025-02-07,75,No expiration within 4 days of 75 DTE
2025-02-10,60,No expiration within 4 days of 60 DTE
2025-02-11,60,No expiration within 4 days of 60 DTE
2025-02-19,75,No expiration within 4 days of 75 DTE
2025-02-20,75,No expiration within 4 days of 75 DTE
2025-02-21,60,No expiration within 4 days of 60 DTE
2025-02-21,75,No expiration within 4 days of 75 DTE
2025-02-24,60,No expiration within 4 days of 60 DTE
2025-02-24,75,No expiration within 4 days of 75 DTE
2025-02-25,75,No expiration within 4 days of 75 DTE
2025-03-06,60,No expiration within 4 days of 60 DTE
2025-03-07,60,No expiration within 4 days of 60 DTE
2025-03-07,75,No expiration within 4 days of 75 DTE
2025-03-10,60,No expiration within 4 days of 60 DTE
2025-03-10,75,No expiration within 4 days of 75 DTE
2025-03-11,60,No expiration within 4 days of 60 DTE
2025-03-11,75,No expiration within 4 days of 75 DTE
2025-03-12,60,No expiration within 4 days of 60 DTE
2025-03-21,75,No expiration within 4 days of 75 DTE
2025-03-24,45,No expiration within 4 days of 45 DTE
2025-03-24,60,No expiration within 4 days of 60 DTE
2025-03-24,75,No expiration within 4 days of 75 DTE
2025-03-25,60,No expiration within 4 days of 60 DTE
2025-03-25,75,No expiration within 4 days of 75 DTE
2025-03-26,60,No expiration within 4 days of 60 DTE
2025-03-26,75,No expiration within 4 days of 75 DTE
2025-03-27,75,No expiration within 4 days of 75 DTE
2025-03-28,75,No expiration within 4 days of 75 DTE
2025-03-31,75,No expiration within 4 days of 75 DTE
2025-04-01,75,No expiration within 4 days of 75 DTE
2025-04-07,60,No expiration within 4 days of 60 DTE
2025-04-08,60,No expiration within 4 days of 60 DTE
2025-04-11,75,No expiration within 4 days of 75 DTE
2025-04-14,60,No expiration within 4 days of 60 DTE
2025-04-15,60,No expiration within 4 days of 60 DTE
2025-04-16,60,No expiration within 4 days of 60 DTE
2025-04-21,75,No expiration within 4 days of 75 DTE
2025-04-22,75,No expiration within 4 days of 75 DTE
2025-04-23,75,No expiration within 4 days of 75 DTE
2025-04-24,75,No expiration within 4 days of 75 DTE
2025-04-25,75,No expiration within 4 days of 75 DTE
2025-04-28,75,No expiration within 4 days of 75 DTE
2025-04-29,75,No expiration within 4 days of 75 DTE
2025-05-06,60,No expiration within 4 days of 60 DTE
2025-05-07,60,No expiration within 4 days of 60 DTE
2025-05-09,75,No expiration within 4 days of 75 DTE
2025-05-12,75,No expiration within 4 days of 75 DTE
2025-05-22,75,No expiration within 4 days of 75 DTE
2025-05-23,75,No expiration within 4 days of 75 DTE
2025-05-27,75,No expiration within 4 days of 75 DTE
2025-06-06,75,No expiration within 4 days of 75 DTE
2025-06-09,60,No expiration within 4 days of 60 DTE
2025-06-09,75,No expiration within 4 days of 75 DTE
2025-06-10,60,No expiration within 4 days of 60 DTE
2025-06-10,75,No expiration within 4 days of 75 DTE
2025-06-20,75,No expiration within 4 days of 75 DTE
2025-06-23,60,No expiration within 4 days of 60 DTE
2025-06-23,75,No expiration within 4 days of 75 DTE
2025-06-24,60,No expiration within 4 days of 60 DTE
2025-06-24,75,No expiration within 4 days of 75 DTE
2025-06-25,75,No expiration within 4 days of 75 DTE
2025-06-26,75,No expiration within 4 days of 75 DTE
2025-06-27,75,No expiration within 4 days of 75 DTE
2025-06-30,75,No expiration within 4 days of 75 DTE
2025-07-01,75,No expiration within 4 days of 75 DTE
2025-07-07,60,No expiration within 4 days of 60 DTE
2025-07-08,60,No expiration within 4 days of 60 DTE
2025-07-11,75,No expiration within 4 days of 75 DTE
2025-07-14,60,No expiration within 4 days of 60 DTE
2025-07-15,60,No expiration within 4 days of 60 DTE
2025-07-16,60,No expiration within 4 days of 60 DTE
2025-07-22,75,No expiration within 4 days of 75 DTE
2025-07-23,75,No expiration within 4 days of 75 DTE
2025-07-24,75,No expiration within 4 days of 75 DTE
2025-07-25,75,No expiration within 4 days of 75 DTE
2025-07-28,75,No expiration within 4 days of 75 DTE
2025-07-29,75,No expiration within 4 days of 75 DTE
2025-08-08,75,No expiration within 4 days of 75 DTE
2025-08-11,60,No expiration within 4 days of 60 DTE
2025-08-11,75,No expiration within 4 days of 75 DTE
2025-08-12,60,No expiration within 4 days of 60 DTE
2025-08-12,75,No expiration within 4 days of 75 DTE
2025-08-13,60,No expiration within 4 days of 60 DTE
2025-08-22,75,No expiration within 4 days of 75 DTE
2025-08-25,60,No expiration within 4 days of 60 DTE
2025-08-25,75,No expiration within 4 days of 75 DTE
2025-08-26,60,No expiration within 4 days of 60 DTE
2025-08-26,75,No expiration within 4 days of 75 DTE
2025-08-27,60,No expiration within 4 days of 60 DTE
2025-08-27,75,No expiration within 4 days of 75 DTE
2025-08-28,75,No expiration within 4 days of 75 DTE
2025-08-29,75,No expiration within 4 days of 75 DTE
2025-09-02,75,No expiration within 4 days of 75 DTE
2025-09-08,60,No expiration within 4 days of 60 DTE
2025-09-09,60,No expiration within 4 days of 60 DTE
2025-09-15,60,No expiration within 4 days of 60 DTE
2025-09-16,60,No expiration within 4 days of 60 DTE
2025-09-17,60,No expiration within 4 days of 60 DTE
2025-09-19,75,No expiration within 4 days of 75 DTE
2025-09-22,75,No expiration within 4 days of 75 DTE
2025-09-23,75,No expiration within 4 days of 75 DTE
2025-09-24,75,No expiration within 4 days of 75 DTE
2025-09-25,75,No expiration within 4 days of 75 DTE
2025-09-26,75,No expiration within 4 days of 75 DTE
2025-09-29,75,No expiration within 4 days of 75 DTE
2025-09-30,75,No expiration within 4 days of 75 DTE
2025-10-10,75,No expiration within 4 days of 75 DTE
2025-10-22,75,No expiration within 4 days of 75 DTE
2025-10-23,75,No expiration within 4 days of 75 DTE
2025-10-24,75,No expiration within 4 days of 75 DTE
2025-10-27,75,No expiration within 4 days of 75 DTE
2025-10-28,75,No expiration within 4 days of 75 DTE
2025-11-07,75,No expiration within 4 days of 75 DTE
2025-11-10,60,No expiration within 4 days of 60 DTE
2025-11-10,75,No expiration within 4 days of 75 DTE
2025-11-11,75,No expiration within 4 days of 75 DTE
2025-11-21,75,No expiration within 4 days of 75 DTE
2025-11-24,60,No expiration within 4 days of 60 DTE
2025-11-24,75,No expiration within 4 days of 75 DTE
2025-11-25,60,No expiration within 4 days of 60 DTE
2025-11-25,75,No expiration within 4 days of 75 DTE
2025-11-26,60,No expiration within 4 days of 60 DTE
2025-11-26,75,No expiration within 4 days of 75 DTE
2025-11-28,75,No expiration within 4 days of 75 DTE
2025-12-01,75,No expiration within 4 days of 75 DTE
2025-12-02,75,No expiration within 4 days of 75 DTE
2025-12-08,60,No expiration within 4 days of 60 DTE
2025-12-09,60,No expiration within 4 days of 60 DTE
2025-12-15,60,No expiration within 4 days of 60 DTE
2025-12-16,60,No expiration within 4 days of 60 DTE
2025-12-17,60,No expiration within 4 days of 60 DTE
2025-12-19,75,No expiration within 4 days of 75 DTE
2025-12-22,75,No expiration within 4 days of 75 DTE
2025-12-23,75,No expiration within 4 days of 75 DTE
2025-12-24,75,No expiration within 4 days of 75 DTE
2025-12-26,75,No expiration within 4 days of 75 DTE
2025-12-29,75,No expiration within 4 days of 75 DTE
2025-12-30,75,No expiration within 4 days of 75 DTE
2026-01-09,75,No expiration within 4 days of 75 DTE
2026-01-20,75,No expiration within 4 days of 75 DTE
2026-01-21,75,No expiration within 4 days of 75 DTE
2026-01-22,75,No expiration within 4 days of 75 DTE
2026-01-23,75,No expiration within 4 days of 75 DTE
2026-01-26,75,No expiration within 4 days of 75 DTE
2026-01-27,75,No expiration within 4 days of 75 DTE
2026-02-04,60,No expiration within 4 days of 60 DTE
2026-02-06,75,No expiration within 4 days of 75 DTE
2026-02-09,75,No expiration within 4 days of 75 DTE
2026-02-19,45,No expiration within 4 days of 45 DTE
2026-02-19,75,No expiration within 4 days of 75 DTE
2026-02-20,75,No expiration within 4 days of 75 DTE
2026-02-23,75,No expiration within 4 days of 75 DTE
2026-02-24,75,No expiration within 4 days of 75 DTE
2026-03-06,75,No expiration within 4 days of 75 DTE
2026-03-09,60,No expiration within 4 days of 60 DTE
2026-03-09,75,No expiration within 4 days of 75 DTE
2026-03-10,60,No expiration within 4 days of 60 DTE
2026-03-10,75,No expiration within 4 days of 75 DTE
2026-03-20,75,No expiration within 4 days of 75 DTE
2026-03-23,60,No expiration within 4 days of 60 DTE
2026-03-23,75,No expiration within 4 days of 75 DTE
2026-03-24,60,No expiration within 4 days of 60 DTE
2026-03-24,75,No expiration within 4 days of 75 DTE
2026-03-25,75,No expiration within 4 days of 75 DTE
2026-03-26,75,No expiration within 4 days of 75 DTE
2026-03-27,75,No expiration within 4 days of 75 DTE
2026-03-30,75,No expiration within 4 days of 75 DTE
2026-04-06,60,No expiration within 4 days of 60 DTE
2026-04-07,60,No expiration within 4 days of 60 DTE
2026-04-09,75,No expiration within 4 days of 75 DTE
2026-04-10,75,No expiration within 4 days of 75 DTE
2026-04-13,60,No expiration within 4 days of 60 DTE
2026-04-14,60,No expiration within 4 days of 60 DTE
2026-04-21,75,No expiration within 4 days of 75 DTE
2026-04-22,75,No expiration within 4 days of 75 DTE
2026-04-23,75,No expiration within 4 days of 75 DTE
2026-04-24,60,No expiration within 4 days of 60 DTE
2026-04-24,75,No expiration within 4 days of 75 DTE
2026-04-27,75,No expiration within 4 days of 75 DTE
2026-04-28,75,No expiration within 4 days of 75 DTE
2026-05-06,60,No expiration within 4 days of 60 DTE
2026-05-08,75,No expiration within 4 days of 75 DTE
2026-05-11,75,No expiration within 4 days of 75 DTE
2026-05-12,75,No expiration within 4 days of 75 DTE
2026-05-22,75,No expiration within 4 days of 75 DTE
2026-05-26,75,No expiration within 4 days of 75 DTE
2026-05-27,75,No expiration within 4 days of 75 DTE
2026-05-28,75,No expiration within 4 days of 75 DTE
2026-05-29,75,No expiration within 4 days of 75 DTE
2026-06-01,75,No expiration within 4 days of 75 DTE
2026-06-02,75,No expiration within 4 days of 75 DTE
2026-06-12,75,No expiration within 4 days of 75 DTE
2026-06-22,75,No expiration within 4 days of 75 DTE
2026-06-23,75,No expiration within 4 days of 75 DTE
2026-06-24,75,No expiration within 4 days of 75 DTE
2026-06-25,75,No expiration within 4 days of 75 DTE
2026-06-26,75,No expiration within 4 days of 75 DTE
2026-06-29,75,No expiration within 4 days of 75 DTE
2026-06-30,75,No expiration within 4 days of 75 DTE
2026-07-07,60,No expiration within 4 days of 60 DTE
2026-07-10,75,No expiration within 4 days of 75 DTE
2026-07-13,60,No expiration within 4 days of 60 DTE
2026-07-14,60,No expiration within 4 days of 60 DTE
2026-07-15,60,No expiration within 4 days of 60 DTE
2026-07-22,75,No expiration within 4 days of 75 DTE
2026-07-23,75,No expiration within 4 days of 75 DTE
2026-07-24,75,No expiration within 4 days of 75 DTE
2026-07-27,60,No expiration within 4 days of 60 DTE
2026-07-27,75,No expiration within 4 days of 75 DTE
2026-07-28,75,No expiration within 4 days of 75 DTE
2026-08-06,60,No expiration within 4 days of 60 DTE
2026-08-07,60,No expiration within 4 days of 60 DTE
2026-08-07,75,No expiration within 4 days of 75 DTE
2026-08-10,60,No expiration within 4 days of 60 DTE
2026-08-10,75,No expiration within 4 days of 75 DTE
2026-08-11,60,No expiration within 4 days of 60 DTE
2026-08-11,75,No expiration within 4 days of 75 DTE
2026-08-12,60,No expiration within 4 days of 60 DTE
2026-08-24,60,No expiration within 4 days of 60 DTE
2026-08-25,60,No expiration within 4 days of 60 DTE
2026-08-26,60,No expiration within 4 days of 60 DTE
2026-08-26,75,No expiration within 4 days of 75 DTE
2026-08-27,75,No expiration within 4 days of 75 DTE
2026-08-28,75,No expiration within 4 days of 75 DTE
2026-08-31,75,No expiration within 4 days of 75 DTE
2026-09-01,75,No expiration within 4 days of 75 DTE
2026-09-11,75,No expiration within 4 days of 75 DTE
2026-09-14,60,No expiration within 4 days of 60 DTE
2026-09-15,60,No expiration within 4 days of 60 DTE
2026-09-16,60,No expiration within 4 days of 60 DTE
2026-09-21,75,No expiration within 4 days of 75 DTE
2026-09-22,75,No expiration within 4 days of 75 DTE
