strategy_id,parameter_id,structure,target_dte,exit_rule,overlay_id,hedge_delta,hedge_budget,trades,win_rate,average_hedge_ratio,mean_trade_return_spx_down_5,mean_trade_return_spx_down_10,cagr,annualized_volatility,sharpe_zero_cash,max_drawdown,ending_equity
104/101_dte21_profit_90_none,104/101_dte21,104/101,21,profit_90,none,,0.0,171,0.4678362573099415,0.0,-0.0091909288977703,-0.0125168711656441,0.043631131036667936,0.043752196495055656,0.9979230231258108,-0.07531241476663786,1530929.0326065384
104/101_dte45_hold_none,104/101_dte45,104/101,45,hold,none,,0.0,76,0.5657894736842105,0.0,-0.0119802232860365,-0.0129741294347575,0.03258916162775671,0.03342387732478701,0.9762427072659742,-0.049797854523626284,1376856.7110317876
102/99_dte21_profit_90_none,102/99_dte21,102/99,21,profit_90,none,,0.0,177,0.6101694915254238,0.0,-0.0157432131969316,-0.0163542243580458,0.045237819669774915,0.052029687550701004,0.8764227676431237,-0.09960975845833642,1554595.4785698568
103/100_dte21_profit_90_none,103/100_dte21,103/100,21,profit_90,none,,0.0,173,0.5433526011560693,0.0,-0.0123746257808531,-0.0136860647514819,0.04215065272991825,0.04885858358658684,0.8694459215635466,-0.05989184214913401,1509409.1528723845
103/100_dte30_profit_60_none,103/100_dte30,103/100,30,profit_60,none,,0.0,140,0.65,0.0,-0.0123439596391884,-0.0119147116572188,0.03307642759727836,0.038711552495886654,0.8600072108108452,-0.07458357817654648,1383349.611833291
100/97_dte75_profit_60_none,100/97_dte75,100/97,75,profit_60,none,,0.0,70,0.9,0.0,-0.0214920726148223,-0.0211033390903657,0.022497320585958214,0.02627762278457026,0.8598252093273833,-0.058010824036404895,1248398.9434559834
101/98_dte75_profit_40_none,101/98_dte75,101/98,75,profit_40,none,,0.0,90,0.8888888888888888,0.0,-0.0149379393923744,-0.0044917118660195,0.023670816672875183,0.02825629901553973,0.8421060660230897,-0.048764820222004346,1262760.5121313722
103/100_dte45_hold_none,103/100_dte45,103/100,45,hold,none,,0.0,76,0.6447368421052632,0.0,-0.014492795402395,-0.0156081475975189,0.033294308218946966,0.040329057998547704,0.8323525250203877,-0.05757053522216238,1386261.8104689505
101/98_dte60_profit_60_none,101/98_dte60,101/98,60,profit_60,none,,0.0,85,0.8,0.0,-0.0191310556024804,-0.0192259238313859,0.025571681015200243,0.03189506391952784,0.8076513170589477,-0.06779812030705146,1286339.454621768
101/98_dte21_profit_90_none,101/98_dte21,101/98,21,profit_90,none,,0.0,184,0.6902173913043478,0.0,-0.0191597216844126,-0.0192570929070929,0.0397030513082941,0.050245750860478285,0.8001031058282292,-0.09234501221489766,1474427.7024228564
103/100_dte15_hold_none,103/100_dte15,103/100,15,hold,none,,0.0,222,0.5135135135135135,0.0,-0.0116904617569066,-0.0132403009036282,0.04152354342966169,0.05300937892127368,0.7940364396340966,-0.07667923366619078,1500375.9954293093
101/98_dte15_profit_90_none,101/98_dte15,101/98,15,profit_90,none,,0.0,240,0.6625,0.0,-0.0188816226051997,,0.044687477125700426,0.05725532106281021,0.7922687016251534,-0.1317310718607283,1546452.1544460328
100/97_dte60_profit_40_none,100/97_dte60,100/97,60,profit_40,none,,0.0,121,0.8842975206611571,0.0,-0.0177503164567865,-0.0155562580040362,0.023799589970325608,0.031107542981513317,0.771681963627528,-0.06514964939102008,1264345.4912107012
101/98_dte15_profit_80_none,101/98_dte15,101/98,15,profit_80,none,,0.0,257,0.6848249027237354,0.0,-0.0190302776536339,-0.0194182830065954,0.0420320787630859,0.0556974448450369,0.767138418083851,-0.1205723046002769,1507697.4195365973
101/98_dte15_profit_90_put_d20_b5,101/98_dte15,101/98,15,profit_90,put_d20_b5,20.0,0.05,240,0.6625,0.159342371067557,-0.0154151153002959,,0.04108422342028395,0.05474046561202245,0.7629606749594268,-0.13086400959624667,1494076.8404826852
101/98_dte15_profit_80_put_d20_b5,101/98_dte15,101/98,15,profit_80,put_d20_b5,20.0,0.05,257,0.6731517509727627,0.1639187268139609,-0.0140631981907465,-0.0106759600838135,0.03926172081254986,0.05262680634061061,0.7581370726478978,-0.11640181110466263,1468198.3458865476
101/98_dte15_profit_70_none,101/98_dte15,101/98,15,profit_70,none,,0.0,268,0.6902985074626866,0.0,-0.018933055185317,-0.0194182830065954,0.0440199364560625,0.059155134890633364,0.7578396351204508,-0.10524124911392785,1536626.1903064554
101/98_dte21_profit_50_none,101/98_dte21,101/98,21,profit_50,none,,0.0,240,0.7625,0.0,-0.0186572026320225,-0.0185646601064165,0.03727128299501814,0.05020945893148075,0.7539709672181538,-0.09466850759381806,1440396.6122982453
101/98_dte21_profit_90_put_d20_b5,101/98_dte21,101/98,21,profit_90,put_d20_b5,20.0,0.05,184,0.6739130434782609,0.1222540220872415,-0.0151159259365552,-0.0125173349064934,0.035372081226756835,0.048092178385223325,0.746915144626234,-0.09514074090635927,1414311.7674721156
101/98_dte15_profit_80_put_d15_b5,101/98_dte15,101/98,15,profit_80,put_d15_b5,15.0,0.05,257,0.6731517509727627,0.2028017911239636,-0.0136369660953612,-0.0086731357151063,0.03886814416499984,0.05294268084522451,0.7467722065539668,-0.11894712229493176,1462663.0180075443
103/100_dte21_hold_none,103/100_dte21,103/100,21,hold,none,,0.0,167,0.5329341317365269,0.0,-0.0116993107662293,-0.0115021954487223,0.03605424986831274,0.049373707710826525,0.7420865611612493,-0.06424648522693988,1423631.7782195022
101/98_dte21_profit_50_put_d20_b5,101/98_dte21,101/98,21,profit_50,put_d20_b5,20.0,0.05,240,0.7625,0.1278931411034008,-0.0148964680248329,-0.0145522459085127,0.03483348282450893,0.047702445797086115,0.7416844248556214,-0.08497027099181298,1406992.0817631283
102/99_dte15_profit_80_none,102/99_dte15,102/99,15,profit_80,none,,0.0,241,0.5892116182572614,0.0,-0.01494691284253,-0.0173560550859807,0.04128753433188481,0.056804796840488885,0.7406688685702271,-0.13267501696567974,1496989.033877532
101/98_dte21_profit_90_put_d15_b5,101/98_dte21,101/98,21,profit_90,put_d15_b5,15.0,0.05,184,0.6739130434782609,0.1607292684350774,-0.0150728836596841,-0.0112107757676539,0.03495750478470372,0.04839616810358473,0.7342501327033016,-0.09749997892822437,1408674.5436286367
101/98_dte21_profit_50_put_d15_b5,101/98_dte21,101/98,21,profit_50,put_d15_b5,15.0,0.05,240,0.7625,0.1658592992241435,-0.0147962268352435,-0.0143538870922542,0.03454459708768853,0.048132610384542605,0.7296823332219877,-0.08737946884659209,1403080.1127759698
100/97_dte21_profit_70_none,100/97_dte21,100/97,21,profit_70,none,,0.0,225,0.8044444444444444,0.0,-0.0214252650876176,-0.0211027381994139,0.03348064374843629,0.04695703461811633,0.724865620535719,-0.0997698634378662,1388756.751047716
101/98_dte15_profit_80_put_d10_b5,101/98_dte15,101/98,15,profit_80,put_d10_b5,10.0,0.05,257,0.6770428015564203,0.2989934248794498,-0.0134169806734014,-0.0056402687058164,0.03806247047579725,0.05363836649815119,0.7233097710202885,-0.1243179475544045,1451390.4073780822
100/97_dte45_profit_50_none,100/97_dte45,100/97,45,profit_50,none,,0.0,141,0.8368794326241135,0.0,-0.013719894426749,-0.0211088033758465,0.026596109204857887,0.03856463129044115,0.6997863694660804,-0.07497637979366889,1299210.385681234
100/97_dte45_profit_50_put_d10_b5,100/97_dte45,100/97,45,profit_50,put_d10_b5,10.0,0.05,141,0.8368794326241135,0.1172588773023289,-0.0098980044748015,-0.0123440679643334,0.02567243586012169,0.03764869772206296,0.6919704015071667,-0.0797698322445839,1287600.233342514
101/98_dte15_profit_50_none,101/98_dte15,101/98,15,profit_50,none,,0.0,312,0.7339743589743589,0.0,-0.0188645995841759,-0.0183996221338556,0.04088107518694972,0.06060237703567419,0.6915016969885652,-0.12738170566406537,1491172.0693241372
100/97_dte45_profit_50_put_d5_b5,100/97_dte45,100/97,45,profit_50,put_d5_b5,5.0,0.05,141,0.8439716312056738,0.2229177099095754,-0.0092232094127103,-0.0105596689991188,0.026341663933797443,0.038925263040815866,0.6872836688920776,-0.08366213471231088,1296002.762378644
100/97_dte60_profit_40_put_d20_b10,100/97_dte60,100/97,60,profit_40,put_d20_b10,20.0,0.1,121,0.8760330578512396,0.1044079835865196,-0.0149166498210141,-0.0113626522084166,0.019217597749294102,0.028339784518620622,0.685854092685697,-0.06600009548019581,1209036.742136302
101/98_dte15_profit_80_put_d5_b5,101/98_dte15,101/98,15,profit_80,put_d5_b5,5.0,0.05,257,0.6809338521400778,0.5728878515867627,-0.013985121004375,3.7832188222821965e-05,0.037071386391227534,0.05549307785608469,0.683735881243636,-0.13438614083698042,1437630.8702852945
100/97_dte75_profit_60_put_d20_b15,100/97_dte75,100/97,75,profit_60,put_d20_b15,20.0,0.15,70,0.9,0.1358723660844286,-0.0193936817713254,-0.0145725060528006,0.016800893314742327,0.02491951321505426,0.6810791858583567,-0.06066873179448751,1180750.6497128282
100/97_dte15_profit_70_none,100/97_dte15,100/97,15,profit_70,none,,0.0,297,0.7777777777777778,0.0,-0.0218933518223869,-0.021081058177565,0.03638215302507963,0.05493729893170843,0.6780216862440671,-0.10540962567963563,1428131.3317539897
100/97_dte45_profit_40_put_d15_b10,100/97_dte45,100/97,45,profit_40,put_d15_b10,15.0,0.1,164,0.8658536585365854,0.1588060119287008,-0.0065377173144173,-0.0058004996936731,0.02402318613681964,0.03605900358511611,0.676221062678153,-0.07405246298675794,1267101.8303795569
100/97_dte45_profit_40_put_d20_b10,100/97_dte45,100/97,45,profit_40,put_d20_b10,20.0,0.1,164,0.8658536585365854,0.119796993301449,-0.0072628801301801,-0.0080101282682081,0.02339976863003157,0.03527321435007767,0.6732269216500654,-0.07172174240413765,1259430.2142558135
100/97_dte45_profit_40_none,100/97_dte45,100/97,45,profit_40,none,,0.0,164,0.8597560975609756,0.0,-0.0145462201820574,-0.0210563981507429,0.025147984061710593,0.03804835033388656,0.6716604214548608,-0.07561680305240015,1281049.7418093937
100/97_dte45_profit_50_put_d15_b10,100/97_dte45,100/97,45,profit_50,put_d15_b10,15.0,0.1,141,0.8439716312056738,0.15870511308992,-0.0068460029137897,-0.0061115844903288,0.0240195265573937,0.03647792132753211,0.6687694060918808,-0.08014024444357915,1267056.6741272763
100/97_dte60_profit_40_put_d15_b10,100/97_dte60,100/97,60,profit_40,put_d15_b10,15.0,0.1,121,0.8760330578512396,0.1383313478452035,-0.014831821294786,-0.0107713450441529,0.019177652205242035,0.029125215433273784,0.6667793698890365,-0.0695502482750906,1208564.2914143903
100/97_dte45_profit_50_put_d20_b10,100/97_dte45,100/97,45,profit_50,put_d20_b10,20.0,0.1,141,0.8439716312056738,0.1198063532925328,-0.0074983145685485,-0.008161787231991,0.023507068047276647,0.035836820387631564,0.6661202379980243,-0.07763127559149874,1260747.628589552
100/97_dte45_profit_40_put_d10_b10,100/97_dte45,100/97,45,profit_40,put_d10_b10,10.0,0.1,164,0.8719512195121951,0.2351439726045582,-0.0058169183660207,-0.0033601309706237,0.02470427970829392,0.038060271845566804,0.6600772991492269,-0.0772482791794703,1275531.230202819
100/97_dte45_profit_50_put_d10_b10,100/97_dte45,100/97,45,profit_50,put_d10_b10,10.0,0.1,141,0.851063829787234,0.2345177546046579,-0.0060761145228541,-0.0035793325528203,0.024690054957329233,0.03821764947058602,0.6571466168560985,-0.08454934871395703,1275354.6662185758
100/97_dte45_profit_40_put_d20_b15,100/97_dte45,100/97,45,profit_40,put_d20_b15,20.0,0.15,164,0.8719512195121951,0.1796954899521735,-0.0036212101042415,-0.0014869933269407,0.022482846781509247,0.03493382795069176,0.653763281321588,-0.06985264185290829,1248222.730318558
101/98_dte75_exit_14dte_none,101/98_dte75,101/98,75,exit_14dte,none,,0.0,59,0.7288135593220338,0.0,-0.019923368464641,-0.0198569612591511,0.01857977320377513,0.028858845205855254,0.6523528997009636,-0.055926688277982195,1201512.775872448
100/97_dte45_profit_40_put_d15_b15,100/97_dte45,100/97,45,profit_40,put_d15_b15,15.0,0.15,164,0.8719512195121951,0.2382090178930511,-0.0025334658805973,0.0018274495348618,0.023400172334399283,0.03660367134000479,0.6500650015922862,-0.07340164838295582,1259435.168586119
101/98_dte15_profit_80_put_d20_b20,101/98_dte15,101/98,15,profit_80,put_d20_b20,20.0,0.2,257,0.6809338521400778,0.6100521659662873,0.0008110009285299,0.0155510086845321,0.03214947038603899,0.05282509391916154,0.6254169611882654,-0.10959067341576167,1371021.2996043698
100/97_dte60_profit_40_put_d20_b15,100/97_dte60,100/97,60,profit_40,put_d20_b15,20.0,0.15,121,0.8760330578512396,0.1566119753797794,-0.0134998165031278,-0.0092658493106068,0.01692698848980423,0.02763393049228211,0.6212333338028879,-0.06643189890154022,1182211.6635004054
100/97_dte75_profit_80_none,100/97_dte75,100/97,75,profit_80,none,,0.0,59,0.8305084745762712,0.0,-0.0161976858836542,-0.005836664742387,0.017691901880705796,0.029158057111056804,0.6160460050146137,-0.05627476973614476,1191109.3193553013
100/97_dte45_profit_40_put_d10_b15,100/97_dte45,100/97,45,profit_40,put_d10_b15,10.0,0.15,164,0.8719512195121951,0.3527159589068374,-0.0014522674580024,0.0054880026194358,0.024393746895897017,0.0404707480079474,0.615591202700544,-0.07822724902983047,1271681.7539763101
102/99_dte75_exit_14dte_none,102/99_dte75,102/99,75,exit_14dte,none,,0.0,59,0.6779661016949152,0.0,-0.0181534027267621,-0.0179826135105204,0.018845691377205043,0.03140918979134165,0.6101389176438096,-0.060251703135206,1204644.489220401
103/100_dte21_hold_put_d5_b5,103/100_dte21,103/100,21,hold,put_d5_b5,5.0,0.05,167,0.5209580838323353,0.7453759912125745,-0.003363015637748,0.0415003307399735,0.03241715426158631,0.05631503089415091,0.594564684668083,-0.0730633333320374,1374571.2403452941
100/97_dte60_profit_40_put_d15_b15,100/97_dte60,100/97,60,profit_40,put_d15_b15,15.0,0.15,121,0.8760330578512396,0.2074970217678053,-0.0133725737137857,-0.0083788885642113,0.01686597986295335,0.029031533011984856,0.5906118284936194,-0.07174704358286843,1181504.5782417813
100/97_dte75_profit_60_put_d20_b20,100/97_dte75,100/97,75,profit_60,put_d20_b20,20.0,0.2,70,0.9,0.1811631547792382,-0.0186942181568265,-0.0123955617069455,0.014903426833899447,0.025752768639609912,0.5873243248579153,-0.06178037168486783,1158960.7407556812
101/98_dte15_profit_80_put_d15_b20,101/98_dte15,101/98,15,profit_80,put_d15_b20,15.0,0.2,257,0.6809338521400778,0.7517987329181243,0.0020865815515078,0.0235623061593609,0.030382189511456215,0.05604285464251526,0.5620321973854937,-0.1191309117626751,1347790.4243580687
103/100_dte30_profit_60_put_d5_b10,103/100_dte30,103/100,30,profit_60,put_d5_b10,5.0,0.1,140,0.6142857142857143,0.908634113620737,0.0013156197107079,0.0769790201729106,0.031976481382877786,0.060412878548883386,0.550855582759041,-0.09868092084041968,1368731.5629364469
100/97_dte60_profit_40_put_d20_b20,100/97_dte60,100/97,60,profit_40,put_d20_b20,20.0,0.2,121,0.8760330578512396,0.2088159671730392,-0.0120829831852416,-0.007169046412797,0.014636700894172128,0.027424912725229164,0.5435408912064273,-0.06686806787401867,1155926.9247802158
103/100_dte30_profit_60_put_d5_b15,103/100_dte30,103/100,30,profit_60,put_d5_b15,5.0,0.15,140,0.6142857142857143,0.9733313768715376,0.0010180165727786,0.076683580612471,0.03000228838041119,0.06067083052107064,0.517206928634628,-0.09936279283841676,1342843.1233688165
100/97_dte75_exit_14dte_none,100/97_dte75,100/97,75,exit_14dte,none,,0.0,59,0.7457627118644068,0.0,-0.0211705123590341,-0.0219946737707084,0.017707526353929692,0.03564696259872237,0.510260850215918,-0.06846408597610909,1191291.6931975465
100/97_dte60_profit_40_put_d15_b20,100/97_dte60,100/97,60,profit_40,put_d15_b20,15.0,0.2,121,0.8760330578512396,0.2766626956904071,-0.0119133261327854,-0.0059864320842697,0.014553919798104609,0.029541982662682136,0.5038529483266839,-0.07394148932491562,1154986.803284727
100/97_dte60_profit_40_put_d10_b20,100/97_dte60,100/97,60,profit_40,put_d10_b20,10.0,0.2,121,0.8760330578512396,0.4066969283179835,-0.0139821976183299,-0.0085107770131149,0.012742291892489543,0.03175843101447109,0.4145526641998746,-0.0816952013621366,1134584.1584826591
