structure,target_dte,target_otm_pct,observations,average_actual_otm_pct,average_absolute_delta,average_debit_points,median_debit_points,average_cost_pct_spot_notional,average_cost_pct_core_credit,median_cost_pct_core_credit
103/100,15,1.0,2512,1.0020093884236627,0.3564668304140127,35.78202826433121,32.59,0.008722383543534608,0.49004436605850005,0.3585221180559486
103/100,15,2.0,2512,2.0011265043706503,0.25708375517515925,26.083486265923565,22.490000000000002,0.0064157301133398814,0.3671225503690602,0.24631525908500357
103/100,15,3.0,2512,2.999553367357398,0.18787635191082802,19.36986166401274,15.440000000000001,0.004815746554875896,0.2800714635582931,0.17121975524735242
103/100,15,4.0,2512,3.997876346163913,0.1393901421178344,14.62951532643312,10.8525,0.0036778797464593837,0.21700701728161748,0.11969796167953739
103/100,15,5.0,2512,4.999921823121222,0.10491240644904458,11.223220541401274,7.815,0.002853109155204665,0.17056460087262967,0.08563899272659195
103/100,15,7.5,2512,7.498186702970353,0.055490780652866244,6.278977906050955,3.8150000000000004,0.0016320822682666354,0.10011241064790012,0.04138661311375293
103/100,15,10.0,2512,9.99381113380023,0.032429583598726115,3.9395670780254775,2.2775,0.0010357824793854834,0.06459755618785949,0.024540767802668152
103/100,15,12.5,2512,12.492628947410266,0.020489216958598726,2.692906050955414,1.5399999999999998,0.000709401700278909,0.0446541795143975,0.01633157002721739
103/100,15,15.0,2512,14.987017613628645,0.013670139331210193,1.951206210191083,1.1212499999999999,0.0005135219159265127,0.03251586473508713,0.011830724140396027
103/100,21,1.0,2512,1.0006592442554836,0.3769987420382166,45.06865246815287,41.99,0.010954883373763076,0.6465687329171339,0.4930808698371684
103/100,21,2.0,2512,2.000765593950413,0.28760423168789806,34.62919187898089,31.215000000000003,0.008467229887932606,0.5066879671203061,0.3619803403284005
103/100,21,3.0,2512,2.9990857056011824,0.2212167898089172,26.959476512738853,23.515,0.006639681167972499,0.40224426855458945,0.2693085189265208
103/100,21,4.0,2512,3.9996674853302623,0.17169754299363058,21.216811305732485,17.6025,0.00526527452108361,0.32251699212212964,0.20071611892531127
103/100,21,5.0,2512,4.999272788319272,0.13460766401273885,16.886476910828026,13.2775,0.004223837332067443,0.26138706200738554,0.15368523380563265
103/100,21,7.5,2512,7.498185247280094,0.07657387181528662,10.014104299363057,7.140000000000001,0.002549429511287206,0.16107801273576722,0.08151961427493856
103/100,21,10.0,2512,9.99376839832183,0.04650962420382166,6.407406449044586,4.264999999999999,0.0016503174555076894,0.1059364306582755,0.0486066552044606
103/100,21,12.5,2512,12.496468642501075,0.030003914808917197,4.390298566878981,2.8775000000000004,0.001134812315335946,0.07352222064382788,0.03187434984800092
103/100,21,15.0,2512,14.989207242144838,0.020403455015923565,3.180296576433121,2.04,0.0008220764385133167,0.05360808584229133,0.022912597061678003
103/100,30,1.0,2512,1.0023999904278746,0.3955967655254777,57.41419386942675,54.9525,0.013929258284047698,0.8737756571660417,0.6923960585749604
103/100,30,2.0,2512,2.001299501601695,0.3175024900477707,46.27074243630573,43.540000000000006,0.011269098439643795,0.7140488644580232,0.5440066256985651
103/100,30,3.0,2512,2.9984381581576263,0.2559927300955414,37.634247611464964,34.59,0.009208160209037438,0.5888147866283674,0.4293294038944051
103/100,30,4.0,2512,3.9978158041021143,0.2074334191878981,30.83079418789809,27.490000000000002,0.0075804540698812106,0.48878778789016253,0.3434806502042882
103/100,30,5.0,2512,4.997509234587416,0.1690871146496815,25.41562699044586,22.090000000000003,0.006283183679188829,0.4082789749574639,0.2719320672751461
103/100,30,7.5,2512,7.498036613349068,0.10409565445859874,16.15593351910828,12.915,0.004043654830268073,0.26699245073664113,0.16061613705356909
103/100,30,10.0,2512,9.99397032686157,0.06661262460191084,10.737103901273885,8.04,0.002713700051718161,0.18155634020890835,0.09962159796129277
103/100,30,12.5,2512,12.502477081996126,0.04431646496815286,7.468960987261146,5.365,0.001897766777192779,0.12819494108166976,0.0663559950309266
103/100,30,15.0,2512,14.997674967796032,0.030714937101910828,5.441268909235669,3.9650000000000003,0.001384979835075248,0.09419449602405038,0.0470522703483329
103/100,45,1.0,2487,1.000429417083198,0.4125021190188982,74.51864897466828,73.215,0.018083241007558065,1.1938647344293711,0.9876287643550697
103/100,45,2.0,2487,1.9996356862413978,0.34620926899879373,62.63223964616003,60.64,0.015241249768660162,1.012968602022001,0.8174153219944763
103/100,45,3.0,2487,3.000194815001895,0.29104558061922,52.97026739043024,50.84,0.01292767406114315,0.8645082710188441,0.6761799715060437
103/100,45,4.0,2487,3.999948161395937,0.245460652995577,45.031917973462,42.489999999999995,0.011024579828810551,0.7413109704913977,0.566662470099459
103/100,45,5.0,2487,4.998136500865892,0.20774040048250908,38.47531363088058,35.59,0.00945056726991112,0.6389219590084151,0.4711890751637614
103/100,45,7.5,2487,7.498224576815555,0.13880907840772017,26.372287897064737,23.39,0.006530609194524815,0.44672555450441714,0.3049936151623092
103/100,45,10.0,2487,9.999092260242856,0.09472087977482911,18.510169883393647,15.540000000000001,0.004619119732821353,0.31914457649947264,0.20189656006579904
103/100,45,12.5,2487,12.497723477496521,0.06609037836751105,13.33164656212304,10.64,0.003343757777083542,0.23288844943351317,0.13875917278185454
103/100,45,15.0,2487,14.995071796171208,0.04720527503015681,9.867688982710092,7.714999999999999,0.002482937516067363,0.17403581977702431,0.09936982693754705
103/100,60,1.0,2093,0.999361927891367,0.4216855757286192,86.809099378882,84.99,0.021286563392392963,1.457389893895818,1.2478265369488721
103/100,60,2.0,2093,1.9987827584723596,0.3628490391782131,74.79630673674151,72.215,0.018367717100009343,1.2637137403871974,1.0579710144927534
103/100,60,3.0,2093,2.9992209299166754,0.3124420353559484,64.6889608217869,61.14,0.01591078798387172,1.0993198194808866,0.9058550968828976
103/100,60,4.0,2093,4.002417563628016,0.26941804777830863,56.14247252747253,52.215,0.013831469894349087,0.9595145831360689,0.7713041519633607
103/100,60,5.0,2093,5.00151799681109,0.23292598041089344,48.9267773530817,45.04,0.01207271450630825,0.840692535318423,0.6631982079630034
103/100,60,7.5,2093,7.50277736856522,0.16333127424749164,35.09986622073579,31.365000000000002,0.008698186514399462,0.6109570875390611,0.4550548459091125
103/100,60,10.0,2093,9.997251543068979,0.1161731165790731,25.600344003822265,21.840000000000003,0.006367427912746053,0.4506144010231511,0.3190341953670792
103/100,60,12.5,2093,12.500207226827628,0.08369601481127568,18.94933468705208,15.690000000000001,0.004727689557965305,0.33668245972723126,0.22543562439496612
103/100,60,15.0,2093,15.001935645890097,0.06123126564739608,14.294747969421882,11.415000000000001,0.0035729602575053187,0.25582767095829795,0.1650585802894555
103/100,75,1.0,1590,0.9994237036216104,0.42896861194968555,104.73149371069181,106.64000000000001,0.025459422683862098,1.8091175175753957,1.5563664377355657
103/100,75,2.0,1590,1.9985048466701016,0.3773380597484277,92.06388364779873,92.6525,0.02241800159757454,1.598447933517531,1.356478696854808
103/100,75,3.0,1590,2.999344642633031,0.33196664150943395,81.219606918239,81.1275,0.019809575288603748,1.4169909823464786,1.1885270894784417
103/100,75,4.0,1590,3.9995781112637454,0.2923237257861635,71.86133647798742,71.07750000000001,0.01755609688381615,1.259730616749721,1.0387361026064705
103/100,75,5.0,1590,5.00144824183483,0.257686365408805,63.742248427672955,62.415000000000006,0.015596674235606409,1.1224932294146153,0.9079694684390872
103/100,75,7.5,1590,7.500519183786635,0.1892589490566038,47.65603773584906,45.1275,0.01170412687300204,0.8480843861156638,0.659808564535065
103/100,75,10.0,1590,10.000769979196983,0.14011443144654087,35.99820754716981,33.09,0.008869490288892477,0.6467922754478506,0.48085861833831545
103/100,75,12.5,1590,12.503151123382176,0.10457340628930817,27.472625786163523,24.490000000000002,0.00678385718914539,0.49739718597702226,0.35789237405967345
103/100,75,15.0,1590,14.998809227159962,0.07882560314465409,21.23017295597484,18.427500000000002,0.005249135008287672,0.38681483067925754,0.2683458946680709
104/101,15,1.0,2512,1.0020093884236627,0.3564668304140127,35.78202826433121,32.59,0.008722383543534608,0.41530093614659563,0.29380574443359575
104/101,15,2.0,2512,2.0011265043706503,0.25708375517515925,26.083486265923565,22.490000000000002,0.0064157301133398814,0.3118939565595402,0.20222379746345687
104/101,15,3.0,2512,2.999553367357398,0.18787635191082802,19.36986166401274,15.440000000000001,0.004815746554875896,0.23858262948847245,0.13885075099274724
104/101,15,4.0,2512,3.997876346163913,0.1393901421178344,14.62951532643312,10.8525,0.0036778797464593837,0.18536688675275118,0.09767208639470285
104/101,15,5.0,2512,4.999921823121222,0.10491240644904458,11.223220541401274,7.815,0.002853109155204665,0.14613552364323046,0.06935096894937551
104/101,15,7.5,2512,7.498186702970353,0.055490780652866244,6.278977906050955,3.8150000000000004,0.0016320822682666354,0.08633660531435093,0.033953558851422844
104/101,15,10.0,2512,9.99381113380023,0.032429583598726115,3.9395670780254775,2.2775,0.0010357824793854834,0.056027637566714715,0.020347440131761152
104/101,15,12.5,2512,12.492628947410266,0.020489216958598726,2.692906050955414,1.5399999999999998,0.000709401700278909,0.03885895663338508,0.013667612571109442
104/101,15,15.0,2512,14.987017613628645,0.013670139331210193,1.951206210191083,1.1212499999999999,0.0005135219159265127,0.028357331061446837,0.009951373644496263
104/101,21,1.0,2512,1.0006592442554836,0.3769987420382166,45.06865246815287,41.99,0.010954883373763076,0.5498456621332609,0.40175623742158884
104/101,21,2.0,2512,2.000765593950413,0.28760423168789806,34.62919187898089,31.215000000000003,0.008467229887932606,0.4320033413252396,0.29617079227203225
104/101,21,3.0,2512,2.9990857056011824,0.2212167898089172,26.959476512738853,23.515,0.006639681167972499,0.3437863643429563,0.2188601615703623
104/101,21,4.0,2512,3.9996674853302623,0.17169754299363058,21.216811305732485,17.6025,0.00526527452108361,0.27630702337608387,0.16480079034964468
104/101,21,5.0,2512,4.999272788319272,0.13460766401273885,16.886476910828026,13.2775,0.004223837332067443,0.2244681452067029,0.1253709931889886
104/101,21,7.5,2512,7.498185247280094,0.07657387181528662,10.014104299363057,7.140000000000001,0.002549429511287206,0.13907826901321443,0.06640251060643987
104/101,21,10.0,2512,9.99376839832183,0.04650962420382166,6.407406449044586,4.264999999999999,0.0016503174555076894,0.09187918692241873,0.04021165994717116
104/101,21,12.5,2512,12.496468642501075,0.030003914808917197,4.390298566878981,2.8775000000000004,0.001134812315335946,0.06396765876711334,0.026417840256582767
104/101,21,15.0,2512,14.989207242144838,0.020403455015923565,3.180296576433121,2.04,0.0008220764385133167,0.046728337204003365,0.01884472964023728
104/101,30,1.0,2512,1.0023999904278746,0.3955967655254777,57.41419386942675,54.9525,0.013929258284047698,0.7449388519913474,0.5693927373550962
104/101,30,2.0,2512,2.001299501601695,0.3175024900477707,46.27074243630573,43.540000000000006,0.011269098439643795,0.6100743686194274,0.445364391606203
104/101,30,3.0,2512,2.9984381581576263,0.2559927300955414,37.634247611464964,34.59,0.009208160209037438,0.5040146829934333,0.35239930769519595
104/101,30,4.0,2512,3.9978158041021143,0.2074334191878981,30.83079418789809,27.490000000000002,0.0075804540698812106,0.4191601138666173,0.28040652476802586
104/101,30,5.0,2512,4.997509234587416,0.1690871146496815,25.41562699044586,22.090000000000003,0.006283183679188829,0.3507044875643405,0.22136106253992613
104/101,30,7.5,2512,7.498036613349068,0.10409565445859874,16.15593351910828,12.915,0.004043654830268073,0.23030744997355443,0.1321861820011746
104/101,30,10.0,2512,9.99397032686157,0.06661262460191084,10.737103901273885,8.04,0.002713700051718161,0.15707064954247385,0.08201827268859094
104/101,30,12.5,2512,12.502477081996126,0.04431646496815286,7.468960987261146,5.365,0.001897766777192779,0.11117571310610036,0.05427311957970131
104/101,30,15.0,2512,14.997674967796032,0.030714937101910828,5.441268909235669,3.9650000000000003,0.001384979835075248,0.08183301546728203,0.03904114125073925
104/101,45,1.0,2487,1.000429417083198,0.4125021190188982,74.51864897466828,73.215,0.018083241007558065,1.0367256761121795,0.8298336344943612
104/101,45,2.0,2487,1.9996356862413978,0.34620926899879373,62.63223964616003,60.64,0.015241249768660162,0.8815546899963637,0.6833804907463241
104/101,45,3.0,2487,3.000194815001895,0.29104558061922,52.97026739043024,50.84,0.01292767406114315,0.7538689961765024,0.5673024851074072
104/101,45,4.0,2487,3.999948161395937,0.245460652995577,45.031917973462,42.489999999999995,0.011024579828810551,0.6476663044770286,0.47374992567929125
104/101,45,5.0,2487,4.998136500865892,0.20774040048250908,38.47531363088058,35.59,0.00945056726991112,0.5591652940527567,0.39573311022798585
104/101,45,7.5,2487,7.498224576815555,0.13880907840772017,26.372287897064737,23.39,0.006530609194524815,0.3924929940087766,0.2582875038191262
104/101,45,10.0,2487,9.999092260242856,0.09472087977482911,18.510169883393647,15.540000000000001,0.004619119732821353,0.2813633865357066,0.1716240937732909
104/101,45,12.5,2487,12.497723477496521,0.06609037836751105,13.33164656212304,10.64,0.003343757777083542,0.20592334386807337,0.11796718359998354
104/101,45,15.0,2487,14.995071796171208,0.04720527503015681,9.867688982710092,7.714999999999999,0.002482937516067363,0.15426770130368694,0.08471907901210277
104/101,60,1.0,2092,0.9992848786678454,0.4216783513384321,86.85058795411089,85.0025,0.021296736263333102,1.2677057593442584,1.0537050817260405
104/101,60,2.0,2092,1.9988700349723987,0.3628239866156788,74.7759584130019,72.2025,0.01835810546178192,1.0997295754882674,0.8923716318589687
104/101,60,3.0,2092,2.999237961766563,0.3124100411089866,64.6689913957935,61.1275,0.015901709983840245,0.9579794685264081,0.7623519861615692
104/101,60,4.0,2092,4.002522373853906,0.2693769541108987,56.121847514340345,52.2025,0.01382252231084179,0.8371786060088952,0.6506590617740298
104/101,60,5.0,2092,5.001395218483047,0.2328865726577438,48.908379541108985,45.0275,0.012064787082886878,0.7344622991092993,0.5582654701052256
104/101,60,7.5,2092,7.502753289765205,0.16328479063097515,35.082531070745695,31.3525,0.008691161134299626,0.5352112547348296,0.3842450097783084
104/101,60,10.0,2092,9.99724456817009,0.11612820124282984,25.585650095602293,21.840000000000003,0.006361642887649922,0.3957790453333373,0.2689438277597399
104/101,60,12.5,2092,12.500221410088594,0.08365540152963671,18.9370542543021,15.665000000000001,0.004722954161183724,0.2963551203025812,0.1907580652249949
104/101,60,15.0,2092,15.001892048439538,0.06119726242829828,14.285010755258126,11.4025,0.0035692360137549468,0.2256470605836561,0.13983337509624735
104/101,75,1.0,1590,0.9994237036216104,0.42896861194968555,104.73149371069181,106.64000000000001,0.025459422683862098,1.599993315031571,1.3418576402132059
104/101,75,2.0,1590,1.9985048466701016,0.3773380597484277,92.06388364779873,92.6525,0.02241800159757454,1.4159300663497427,1.1677056536175963
104/101,75,3.0,1590,2.999344642633031,0.33196664150943395,81.219606918239,81.1275,0.019809575288603748,1.2571144342315714,1.0218480924514957
104/101,75,4.0,1590,3.9995781112637454,0.2923237257861635,71.86133647798742,71.07750000000001,0.01755609688381615,1.1191284805486448,0.8920081139634242
104/101,75,5.0,1590,5.00144824183483,0.257686365408805,63.742248427672955,62.415000000000006,0.015596674235606409,0.9984408575048418,0.7820538897204583
104/101,75,7.5,1590,7.500519183786635,0.1892589490566038,47.65603773584906,45.1275,0.01170412687300204,0.7565750459735568,0.5687686836696868
104/101,75,10.0,1590,10.000769979196983,0.14011443144654087,35.99820754716981,33.09,0.008869490288892477,0.578417818856037,0.4167159204409524
104/101,75,12.5,1590,12.503151123382176,0.10457340628930817,27.472625786163523,24.490000000000002,0.00678385718914539,0.4461228746917249,0.30671308682480053
104/101,75,15.0,1590,14.998809227159962,0.07882560314465409,21.23017295597484,18.427500000000002,0.005249135008287672,0.3472602793251253,0.2308377606018916
