trade_id,structure,entry_date,expiration_date,actual_dte,spot_entry,short_strike,long_strike,entry_credit_cash,max_loss_cash,exit_date,current_dte,spot_exit,position_value_mid,close_cash_realistic,legs_marked,pnl_mid,realized_pnl_per_spread,is_final,sequence_number
103_100_20160922,103/100,2016-09-22,2016-11-04,43,2174.6682,2240.0,2175.0,3666.999999999999,2833.000000000001,2016-11-04,0,2083.747,-6489.999999999996,-6500.0,2,-2822.9999999999973,-2833.000000000001,True,0
103_100_20161107,103/100,2016-11-07,2016-12-23,46,2132.679,2195.0,2135.0,2797.000000000001,3202.999999999999,2016-11-17,36,2187.032,-1929.9999999999995,-1962.9999999999995,2,867.0000000000014,834.0000000000014,False,1
103_100_20161118,103/100,2016-11-18,2016-12-30,42,2183.4185,2250.0,2185.0,3887.0000000000005,2612.9999999999995,2016-12-07,23,2238.668,-2030.0,-2078.0,2,1857.0000000000005,1809.0000000000005,False,2
103_100_20161208,103/100,2016-12-08,2017-01-20,43,2249.6528,2315.0,2250.0,3924.5000000000005,2575.4999999999995,2017-01-20,0,2270.498,-4382.5,-4450.199999999995,2,-457.99999999999955,-525.6999999999948,True,3
103_100_20170123,103/100,2017-01-23,2017-03-10,46,2266.366,2335.0,2265.0,4317.0,2683.0,2017-02-09,29,2307.1257,-2784.9999999999995,-2825.4999999999995,2,1532.0000000000005,1491.5000000000005,False,4
103_100_20170210,103/100,2017-02-10,2017-03-24,42,2315.4612,2385.0,2315.0,4564.500000000001,2435.499999999999,2017-02-15,37,2352.8115,-3050.0,-3093.0,2,1514.500000000001,1471.500000000001,False,5
103_100_20170216,103/100,2017-02-16,2017-03-31,43,2347.92,2420.0,2350.0,4589.500000000002,2410.499999999998,2017-03-01,30,2394.7515,-2755.0,-2795.5,2,1834.5000000000018,1794.0000000000018,False,6
103_100_20170302,103/100,2017-03-02,2017-04-13,42,2382.9507,2455.0,2385.0,4474.500000000002,2525.499999999998,2017-04-13,0,2331.1106,-7005.0,-7000.0,2,-2530.499999999998,-2525.499999999998,True,7
103_100_20170417,103/100,2017-04-17,2017-05-31,44,2348.5474,2420.0,2350.0,4064.5,2935.5,2017-04-25,36,2388.1318,-3000.000000000001,-3038.000000000001,2,1064.499999999999,1026.499999999999,False,8
103_100_20170426,103/100,2017-04-26,2017-06-09,44,2385.2837,2455.0,2385.0,4549.499999999999,2450.500000000001,2017-06-01,8,2430.06,-2440.0,-2470.5,2,2109.499999999999,2078.999999999999,False,9
103_100_20170602,103/100,2017-06-02,2017-07-14,42,2440.2905,2515.0,2440.0,5094.5,2405.5,2017-07-14,0,2459.0786,-5577.5,-5592.140000000018,2,-483.0,-497.6400000000176,True,10
103_100_20170717,103/100,2017-07-17,2017-08-31,45,2461.4558,2535.0,2460.0,4986.999999999998,2513.000000000002,2017-08-31,0,2470.8362,-6487.500000000001,-6416.379999999981,2,-1500.5000000000027,-1429.3799999999828,True,11
103_100_20170901,103/100,2017-09-01,2017-10-13,42,2477.059,2550.0,2475.0,4634.500000000001,2865.499999999999,2017-09-29,14,2519.6614,-2975.0,-3020.5,2,1659.500000000001,1614.000000000001,False,12
103_100_20171002,103/100,2017-10-02,2017-11-17,46,2529.7703,2605.0,2530.0,5149.5,2350.5,2017-10-16,32,2557.64,-3730.0,-3778.0,2,1419.5,1371.5,False,13
103_100_20171017,103/100,2017-10-17,2017-12-01,45,2559.7842,2635.0,2560.0,5127.0,2373.0,2017-11-08,23,2592.6138,-3670.0,-3728.0,2,1457.0,1399.0,False,14
103_100_20171109,103/100,2017-11-09,2017-12-22,43,2585.5642,2665.0,2585.0,5064.5,2935.5,2017-11-28,24,2626.6755,-3590.0,-3648.0,2,1474.5,1416.5,False,15
103_100_20171129,103/100,2017-11-29,2018-01-12,44,2625.73,2705.0,2625.0,5044.5,2955.5,2017-12-11,32,2659.99,-3420.0,-3468.0,2,1624.5,1576.5,False,16
103_100_20171212,103/100,2017-12-12,2018-01-26,45,2670.1897,2750.0,2670.0,5224.499999999998,2775.500000000002,2018-01-03,23,2712.1094,-3435.0,-3490.5,2,1789.4999999999982,1733.9999999999982,False,17
103_100_20180104,103/100,2018-01-04,2018-02-16,43,2725.013,2805.0,2725.0,5392.0,2608.0,2018-01-11,36,2770.659,-3320.0,-3363.0,2,2072.0,2029.0,False,18
103_100_20180112,103/100,2018-01-12,2018-02-28,47,2789.8423,2875.0,2790.0,5631.999999999999,2868.000000000001,2018-01-22,37,2836.2605,-3550.0,-3583.0,2,2081.999999999999,2048.999999999999,False,19
103_100_20180123,103/100,2018-01-23,2018-03-09,45,2840.6404,2925.0,2840.0,5374.5,3125.5,2018-03-09,0,2787.1418,-8480.0,-8500.0,2,-3105.5,-3125.5,True,20
103_100_20180312,103/100,2018-03-12,2018-04-27,46,2787.416,2870.0,2785.0,4717.0,3783.0,2018-04-27,0,2671.2056,-8520.0,-8500.000000000002,2,-3803.0,-3783.000000000002,True,21
103_100_20180430,103/100,2018-04-30,2018-06-15,46,2646.8513,2725.0,2645.0,4284.5,3715.5,2018-05-09,37,2695.9534,-3070.0,-3113.0,2,1214.5,1171.5,False,22
103_100_20180510,103/100,2018-05-10,2018-06-22,43,2718.6655,2800.0,2720.0,4732.000000000001,3267.999999999999,2018-06-06,16,2772.3647,-2745.0,-2800.5,2,1987.000000000001,1931.500000000001,False,23
103_100_20180607,103/100,2018-06-07,2018-07-20,43,2772.2966,2855.0,2770.0,5077.0,3423.0,2018-07-20,0,2799.096,-5282.499999999999,-5590.4,2,-205.4999999999991,-513.3999999999996,True,24
103_100_20180723,103/100,2018-07-23,2018-09-07,46,2811.7683,2895.0,2810.0,5157.0,3343.0,2018-08-06,32,2849.7463,-3794.999999999999,-3860.499999999999,2,1362.000000000001,1296.500000000001,False,25
103_100_20180807,103/100,2018-08-07,2018-09-21,45,2859.75,2945.0,2860.0,5567.0,2933.0,2018-08-27,25,2898.5,-4025.0,-4070.5,2,1542.0,1496.5,False,26
103_100_20180828,103/100,2018-08-28,2018-10-12,45,2901.1038,2990.0,2900.0,5782.0,3218.0,2018-10-12,0,2765.623,-9010.0,-9000.000000000002,2,-3228.0,-3218.000000000002,True,27
103_100_20181015,103/100,2018-10-15,2018-11-30,46,2748.279,2830.0,2750.0,3889.500000000002,4110.499999999998,2018-10-16,45,2817.144,-2480.0,-2528.0,2,1409.5000000000018,1361.5000000000018,False,28
103_100_20181017,103/100,2018-10-17,2018-11-30,44,2815.6482,2900.0,2815.0,4529.5,3970.5,2018-11-30,0,2757.6833,-8500.000000000002,-8500.0,2,-3970.500000000002,-3970.5,True,29
103_100_20181203,103/100,2018-12-03,2019-01-18,46,2793.8726,2880.0,2795.0,4599.5,3900.5,2019-01-18,0,2669.3652,-8385.0,-8500.0,2,-3785.5,-3900.5,True,30
103_100_20190122,103/100,2019-01-22,2019-03-08,45,2631.755,2710.0,2630.0,3847.0,4153.0,2019-01-31,36,2704.2607,-2465.0,-2495.5,2,1382.0,1351.5,False,31
103_100_20190201,103/100,2019-02-01,2019-03-15,42,2704.25,2785.0,2705.0,4472.0,3528.0,2019-02-13,30,2749.5,-3235.0,-3255.5,2,1237.0,1216.5,False,32
103_100_20190214,103/100,2019-02-14,2019-03-29,43,2743.855,2825.0,2745.0,4397.0,3603.0,2019-02-20,37,2787.2595,-3190.0,-3218.0,2,1207.0,1179.0,False,33
103_100_20190221,103/100,2019-02-21,2019-04-05,43,2775.4375,2860.0,2775.0,4719.5,3780.5,2019-03-15,21,2826.039,-3240.0,-3263.0,2,1479.5,1456.5,False,34
103_100_20190318,103/100,2019-03-18,2019-05-03,46,2838.3713,2925.0,2840.0,4964.5,3535.5,2019-04-03,30,2877.3992,-3664.999999999999,-3695.499999999999,2,1299.500000000001,1269.000000000001,False,35
103_100_20190404,103/100,2019-04-04,2019-05-17,43,2881.1768,2970.0,2880.0,5274.499999999999,3725.500000000001,2019-04-23,24,2936.3413,-3314.999999999999,-3335.499999999999,2,1959.5,1939.0,False,36
103_100_20190424,103/100,2019-04-24,2019-06-07,44,2930.104,3020.0,2930.0,5472.0,3528.0,2019-06-07,0,2874.572,-8865.0,-9000.0,2,-3393.0,-3528.0,True,37
103_100_20190610,103/100,2019-06-10,2019-07-26,46,2891.4558,2980.0,2890.0,4832.0,4168.0,2019-06-20,36,2957.9521,-3030.0,-3053.0,2,1802.0,1779.0,False,38
103_100_20190621,103/100,2019-06-21,2019-08-02,42,2948.7314,3035.0,2950.0,4734.499999999999,3765.500000000001,2019-07-03,30,2998.3965,-3210.0,-3238.0,2,1524.499999999999,1496.499999999999,False,39
103_100_20190705,103/100,2019-07-05,2019-08-16,42,2989.1636,3080.0,2990.0,5309.499999999999,3690.500000000001,2019-08-16,0,2890.8984,-8985.000000000002,-9000.0,2,-3675.5000000000027,-3690.500000000001,True,40
103_100_20190819,103/100,2019-08-19,2019-10-04,46,2923.1125,3010.0,2925.0,4134.499999999999,4365.500000000001,2019-09-05,29,2972.2004,-3060.000000000001,-3093.000000000001,2,1074.4999999999982,1041.4999999999982,False,41
103_100_20190906,103/100,2019-09-06,2019-10-18,42,2981.4243,3070.0,2980.0,4764.5,4235.5,2019-10-18,0,2988.246,-8257.5,-8175.3999999999905,2,-3493.0,-3410.8999999999905,True,42
103_100_20191021,103/100,2019-10-21,2019-12-06,46,3006.6003,3095.0,3005.0,4939.500000000003,4060.4999999999973,2019-11-01,35,3063.3777,-3195.0,-3220.5,2,1744.5000000000027,1719.0000000000027,False,43
103_100_20191104,103/100,2019-11-04,2019-12-20,46,3075.75,3170.0,3075.0,5594.499999999999,3905.500000000001,2019-11-15,35,3118.25,-3985.0,-4050.5,2,1609.499999999999,1543.999999999999,False,44
103_100_20191118,103/100,2019-11-18,2020-01-03,46,3124.0027,3220.0,3125.0,5627.0,3873.0,2019-12-12,22,3171.0046,-3835.0,-3970.5,2,1792.0,1656.5,False,45
103_100_20191213,103/100,2019-12-13,2020-01-24,42,3175.4497,3270.0,3175.0,5512.000000000001,3987.999999999999,2019-12-20,35,3225.7087,-3640.0,-3688.0,2,1872.000000000001,1824.000000000001,False,46
103_100_20191223,103/100,2019-12-23,2020-02-07,46,3227.326,3325.0,3225.0,5847.0,4153.0,2020-01-09,29,3276.26,-3835.0,-3860.5,2,2012.0,1986.5,False,47
103_100_20200110,103/100,2020-01-10,2020-02-21,42,3265.0664,3365.0,3265.0,5817.0,4183.0,2020-01-16,36,3316.8167,-3989.999999999999,-4017.999999999999,2,1827.000000000001,1799.000000000001,False,48
103_100_20200117,103/100,2020-01-17,2020-02-28,42,3325.2598,3425.0,3325.0,5987.0,4013.0,2020-02-12,16,3380.7727,-3970.0,-4013.0,2,2017.0,1974.0,False,49
103_100_20200213,103/100,2020-02-13,2020-03-27,43,3378.7349,3480.0,3380.0,5746.999999999999,4253.000000000001,2020-03-27,0,2531.0493,-10000.0,-10000.0,2,-4253.000000000001,-4253.000000000001,True,50
103_100_20200330,103/100,2020-03-30,2020-05-15,46,2615.0266,2695.0,2615.0,3224.5,4775.5,2020-04-09,36,2783.5032,-2140.0,-2218.0,2,1084.5,1006.5,False,51
103_100_20200413,103/100,2020-04-13,2020-05-29,46,2761.569,2845.0,2760.0,3624.5,4875.5,2020-04-17,42,2872.4395,-2630.0,-2703.0,2,994.5,921.5,False,52
103_100_20200420,103/100,2020-04-20,2020-06-05,46,2808.139,2890.0,2810.0,3257.0,4743.0,2020-04-29,37,2942.9158,-2020.000000000001,-2088.000000000001,2,1236.999999999999,1168.999999999999,False,53
103_100_20200430,103/100,2020-04-30,2020-06-12,43,2903.4639,3000.0,2900.0,3897.0000000000036,6102.999999999996,2020-05-27,16,3036.5947,-2160.0,-2193.0,2,1737.0000000000036,1704.0000000000036,False,54
103_100_20200528,103/100,2020-05-28,2020-07-10,43,3038.1006,3130.0,3040.0,4172.0,4828.0,2020-06-03,37,3116.7046,-3065.0,-3105.5,2,1107.0,1066.5,False,55
103_100_20200604,103/100,2020-06-04,2020-07-17,43,3109.0486,3200.0,3110.0,4344.500000000002,4655.499999999998,2020-06-05,42,3185.9353,-3099.999999999999,-3152.999999999999,2,1244.5000000000027,1191.5000000000027,False,56
103_100_20200608,103/100,2020-06-08,2020-07-24,46,3225.2969,3325.0,3225.0,4959.499999999998,5040.500000000002,2020-07-24,0,3212.1018,-10300.0,-10000.0,2,-5340.500000000002,-5040.500000000002,True,57
103_100_20200727,103/100,2020-07-27,2020-09-11,46,3233.3342,3330.0,3230.0,4642.000000000002,5357.999999999998,2020-08-05,37,3317.099,-3145.0,-3175.5,2,1497.0000000000018,1466.5000000000018,False,58
103_100_20200806,103/100,2020-08-06,2020-09-18,43,3344.25,3445.0,3345.0,5064.499999999998,4935.500000000002,2020-08-24,25,3427.5,-3020.0,-3043.0,2,2044.4999999999982,2021.4999999999982,False,59
103_100_20200827,103/100,2020-08-27,2020-10-09,43,3485.0635,3590.0,3490.0,5029.500000000002,4970.499999999998,2020-09-02,37,3578.9321,-3464.999999999998,-3530.499999999998,2,1564.5000000000036,1499.0000000000036,False,60
103_100_20200903,103/100,2020-09-03,2020-10-16,43,3460.196,3565.0,3460.0,4819.500000000004,5680.499999999996,2020-10-12,4,3542.3633,-3285.0,-3320.5,2,1534.5000000000036,1499.0000000000036,False,61
103_100_20201013,103/100,2020-10-13,2020-11-27,45,3507.9211,3615.0,3510.0,4987.000000000004,5512.999999999996,2020-11-13,14,3585.2195,-3670.0,-3713.0,2,1317.0000000000036,1274.0000000000036,False,62
103_100_20201116,103/100,2020-11-16,2020-12-31,45,3625.7463,3735.0,3625.0,5652.000000000004,5347.999999999996,2020-12-07,24,3693.909,-4180.0,-4218.0,2,1472.0000000000036,1434.0000000000036,False,63
103_100_20201208,103/100,2020-12-08,2021-01-22,45,3702.2988,3815.0,3700.0,5956.999999999998,5543.000000000002,2021-01-07,15,3803.697,-3040.0,-3068.0,2,2916.999999999998,2888.999999999998,False,64
103_100_20210108,103/100,2021-01-08,2021-02-19,42,3821.758,3935.0,3820.0,5554.499999999996,5945.500000000004,2021-02-08,11,3912.32,-3355.0,-3375.5,2,2199.4999999999964,2178.9999999999964,False,65
103_100_20210209,103/100,2021-02-09,2021-03-26,45,3906.8071,4025.0,3905.0,5949.499999999998,6050.500000000002,2021-03-26,0,3976.5063,-5032.5,-4849.369999999999,2,916.9999999999982,1100.1299999999992,True,66
103_100_20210329,103/100,2021-03-29,2021-05-14,46,3964.152,4080.0,3960.0,5964.499999999998,6035.500000000002,2021-04-05,39,4072.9917,-3545.0,-3575.5,2,2419.499999999998,2388.999999999998,False,67
103_100_20210406,103/100,2021-04-06,2021-05-21,45,4068.083,4190.0,4070.0,6709.499999999998,5290.500000000002,2021-04-13,38,4136.8325,-4769.999999999999,-4797.999999999999,2,1939.499999999999,1911.499999999999,False,68
103_100_20210414,103/100,2021-04-14,2021-05-28,44,4121.0684,4245.0,4120.0,6656.999999999997,5843.000000000003,2021-04-27,31,4182.0757,-4914.999999999998,-4950.499999999998,2,1741.999999999999,1706.499999999999,False,69
103_100_20210428,103/100,2021-04-28,2021-06-11,44,4177.2856,4305.0,4175.0,6854.499999999999,6145.500000000001,2021-06-11,0,4246.817,-5772.5,-5818.299999999999,2,1081.999999999999,1036.1999999999998,True,70
103_100_20210614,103/100,2021-06-14,2021-07-30,46,4253.0264,4380.0,4255.0,6914.500000000001,5585.499999999999,2021-07-01,29,4317.9526,-4915.0,-4950.5,2,1999.500000000001,1964.000000000001,False,71
103_100_20210702,103/100,2021-07-02,2021-08-13,42,4347.972,4480.0,4350.0,7829.5,5170.5,2021-07-23,21,4408.3906,-5485.0,-5515.5,2,2344.5,2314.0,False,72
103_100_20210726,103/100,2021-07-26,2021-09-10,46,4415.338,4550.0,4420.0,6912.0,6088.0,2021-08-24,17,4483.5566,-5155.0,-5180.5,2,1757.0,1731.5,False,73
103_100_20210826,103/100,2021-08-26,2021-10-08,43,4467.045,4600.0,4470.0,6674.500000000002,6325.499999999998,2021-09-02,36,4535.8916,-4860.0,-4898.0,2,1814.5000000000018,1776.5000000000018,False,74
103_100_20210903,103/100,2021-09-03,2021-10-15,42,4534.1694,4670.0,4535.0,7662.000000000003,5837.999999999997,2021-10-15,0,4472.2046,-13674.999999999996,-13500.0,2,-6012.999999999994,-5837.999999999997,True,75
103_100_20211018,103/100,2021-10-18,2021-12-03,46,4479.7075,4610.0,4480.0,7027.000000000002,5972.999999999998,2021-10-21,43,4543.9277,-5130.0,-5173.0,2,1897.0000000000018,1854.0000000000018,False,76
103_100_20211022,103/100,2021-10-22,2021-12-03,42,4538.6733,4675.0,4540.0,7562.0,5938.0,2021-10-29,35,4599.166,-5245.0,-5280.5,2,2317.0,2281.5,False,77
103_100_20211101,103/100,2021-11-01,2021-12-17,46,4605.75,4745.0,4605.0,7477.0,6523.0,2021-11-04,43,4673.25,-5474.999999999999,-5500.499999999999,2,2002.000000000001,1976.500000000001,False,78
103_100_20211105,103/100,2021-11-05,2021-12-17,42,4690.25,4830.0,4690.0,7932.0,6068.0,2021-12-17,0,4636.46,-14155.0,-14000.0,2,-6223.0,-6068.0,True,79
103_100_20211220,103/100,2021-12-20,2022-02-04,46,4564.6343,4700.0,4560.0,5974.4999999999945,8025.5000000000055,2021-12-22,44,4692.463,-3824.999999999999,-3865.499999999999,2,2149.4999999999955,2108.9999999999955,False,80
103_100_20211223,103/100,2021-12-23,2022-02-04,43,4722.267,4865.0,4720.0,7469.5,7030.5,2022-02-04,0,4498.8877,-14555.0,-14500.000000000004,2,-7085.5,-7030.500000000004,True,81
103_100_20220207,103/100,2022-02-07,2022-03-25,46,4482.9194,4620.0,4480.0,6602.0,7398.0,2022-02-09,44,4579.694,-4794.999999999999,-4830.499999999999,2,1807.000000000001,1771.500000000001,False,82
103_100_20220210,103/100,2022-02-10,2022-03-25,43,4492.012,4625.0,4490.0,6282.0,7218.0,2022-03-25,0,4544.698,-8177.5,-8030.199999999968,2,-1895.5,-1748.199999999968,True,83
103_100_20220328,103/100,2022-03-28,2022-05-13,46,4573.239,4700.0,4575.0,5977.0,6523.0,2022-05-13,0,4014.4075,-12609.999999999993,-12499.999999999993,2,-6632.999999999993,-6522.999999999993,True,84
103_100_20220516,103/100,2022-05-16,2022-06-30,45,4003.7805,4125.0,4005.0,6047.0,5953.0,2022-05-27,34,4160.378,-3854.999999999999,-3900.499999999999,2,2192.000000000001,2146.500000000001,False,85
103_100_20220531,103/100,2022-05-31,2022-07-15,45,4129.055,4255.0,4130.0,6286.999999999998,6213.000000000002,2022-07-15,0,3860.3147,-12499.999999999996,-12500.000000000004,2,-6212.999999999998,-6213.0000000000055,True,86
103_100_20220718,103/100,2022-07-18,2022-08-31,44,3835.7234,3950.0,3835.0,5587.0,5913.0,2022-07-19,43,3940.7034,-4110.0,-4163.0,2,1477.0,1424.0,False,87
103_100_20220720,103/100,2022-07-20,2022-09-02,44,3953.0425,4075.0,3950.0,6304.5,6195.5,2022-07-28,36,4082.3975,-4075.0,-4120.5,2,2229.5,2184.0,False,88
103_100_20220729,103/100,2022-07-29,2022-09-09,42,4131.0093,4250.0,4130.0,6307.0,5693.0,2022-08-11,29,4214.4077,-4614.999999999998,-4650.499999999998,2,1692.0000000000018,1656.5000000000018,False,89
103_100_20220812,103/100,2022-08-12,2022-09-23,42,4279.7505,4400.0,4280.0,6386.999999999998,5613.000000000002,2022-09-23,0,3692.8452,-12000.0,-12000.0,2,-5613.000000000002,-5613.000000000002,True,90
103_100_20220926,103/100,2022-09-26,2022-11-11,46,3661.2593,3770.0,3660.0,5431.999999999998,5568.000000000002,2022-10-04,38,3796.9216,-3794.999999999999,-3835.499999999999,2,1636.999999999999,1596.499999999999,False,91
103_100_20221005,103/100,2022-10-05,2022-11-18,44,3798.8064,3915.0,3800.0,5899.499999999998,5600.500000000002,2022-11-10,8,3954.1472,-2870.0,-2898.0,2,3029.499999999998,3001.499999999998,False,92
103_100_20221111,103/100,2022-11-11,2022-12-23,42,4010.877,4125.0,4010.0,6189.499999999996,5310.500000000004,2022-12-23,0,3844.514,-11800.000000000004,-11500.0,2,-5610.500000000007,-5310.500000000004,True,93
103_100_20221227,103/100,2022-12-27,2023-02-10,45,3847.7883,3975.0,3850.0,6684.5,5815.5,2023-01-11,30,3979.2075,-4354.999999999998,-4390.499999999998,2,2329.500000000002,2294.000000000002,False,94
103_100_20230112,103/100,2023-01-12,2023-02-24,43,3997.998,4120.0,4000.0,6514.499999999998,5485.500000000002,2023-01-31,24,4077.7559,-4790.000000000002,-4833.000000000002,2,1724.4999999999964,1681.4999999999964,False,95
103_100_20230201,103/100,2023-02-01,2023-03-17,44,4141.563,4265.0,4140.0,6621.999999999998,5878.000000000002,2023-03-17,0,3954.375,-12525.0,-12500.0,2,-5903.000000000002,-5878.000000000002,True,96
103_100_20230320,103/100,2023-03-20,2023-05-05,46,3971.0305,4090.0,3970.0,5794.499999999998,6205.500000000002,2023-03-30,36,4067.3252,-4235.000000000002,-4275.500000000002,2,1559.4999999999964,1518.9999999999964,False,97
103_100_20230331,103/100,2023-03-31,2023-05-12,42,4125.7715,4250.0,4125.0,6526.999999999996,5973.000000000004,2023-05-12,0,4120.3096,-12310.0,-12500.0,2,-5783.000000000004,-5973.000000000004,True,98
103_100_20230515,103/100,2023-05-15,2023-06-30,46,4157.5835,4280.0,4160.0,6054.499999999998,5945.500000000002,2023-05-26,35,4226.7144,-4390.0,-4473.0,2,1664.4999999999982,1581.4999999999982,False,99
103_100_20230530,103/100,2023-05-30,2023-07-14,45,4229.4473,4360.0,4230.0,6934.500000000002,6065.499999999998,2023-06-06,38,4305.6284,-5105.0,-5135.5,2,1829.5000000000018,1799.0000000000018,False,100
103_100_20230607,103/100,2023-06-07,2023-07-21,44,4291.675,4420.0,4290.0,7662.0,5338.0,2023-06-12,39,4360.6978,-5350.0,-5383.0,2,2312.0,2279.0,False,101
103_100_20230613,103/100,2023-06-13,2023-07-28,45,4392.9365,4525.0,4395.0,7694.499999999998,5305.500000000002,2023-07-03,25,4468.378,-5450.0,-5533.0,2,2244.499999999998,2161.499999999998,False,102
103_100_20230705,103/100,2023-07-05,2023-08-18,44,4469.814,4605.0,4470.0,7941.999999999999,5558.000000000001,2023-07-18,31,4569.1343,-4960.0,-4983.0,2,2981.999999999999,2958.999999999999,False,103
103_100_20230719,103/100,2023-07-19,2023-09-01,44,4587.2505,4725.0,4590.0,8142.0,5358.0,2023-09-01,0,4514.8877,-13559.999999999996,-13500.0,2,-5417.999999999996,-5358.0,True,104
103_100_20230905,103/100,2023-09-05,2023-10-20,45,4522.021,4660.0,4520.0,8112.000000000002,5887.999999999998,2023-10-20,0,4220.681,-14000.0,-13999.999999999996,2,-5887.999999999998,-5887.9999999999945,True,105
103_100_20231024,103/100,2023-10-24,2023-12-07,44,4270.1196,4400.0,4270.0,6761.999999999998,6238.000000000002,2023-11-03,34,4375.6924,-4360.0,-4393.0,2,2401.999999999998,2368.999999999998,False,106
103_100_20231106,103/100,2023-11-06,2023-12-22,46,4386.5645,4520.0,4390.0,7344.499999999998,5655.500000000002,2023-11-14,38,4518.1245,-3850.0,-3883.0,2,3494.499999999998,3461.499999999998,False,107
103_100_20231115,103/100,2023-11-15,2023-12-29,44,4521.945,4660.0,4520.0,8412.0,5588.0,2023-12-01,28,4612.2856,-5495.0,-5515.5,2,2917.0,2896.5,False,108
103_100_20231204,103/100,2023-12-04,2024-01-19,46,4595.015,4735.0,4595.0,8364.499999999996,5635.500000000004,2023-12-12,38,4671.2354,-6090.0,-6183.0,2,2274.4999999999964,2181.4999999999964,False,109
103_100_20231213,103/100,2023-12-13,2024-01-26,44,4737.7725,4900.0,4740.0,10414.5,5585.5,2024-01-19,7,4845.453,-5765.0,-5790.5,2,4649.5,4624.0,False,110
103_100_20240122,103/100,2024-01-22,2024-03-04,42,4873.1577,5000.0,4850.0,8574.499999999996,6425.500000000004,2024-01-29,35,4944.0215,-6185.0,-6230.5,2,2389.4999999999964,2343.9999999999964,False,111
103_100_20240130,103/100,2024-01-30,2024-03-15,45,4944.6953,5095.0,4945.0,9204.499999999996,5795.500000000004,2024-02-09,35,5042.567,-6100.0,-6118.0,2,3104.4999999999964,3086.4999999999964,False,112
103_100_20240212,103/100,2024-02-12,2024-03-28,45,5042.7324,5195.0,5045.0,9164.5,5835.5,2024-03-01,27,5150.461,-5785.0,-5815.5,2,3379.5,3349.0,False,113
103_100_20240304,103/100,2024-03-04,2024-04-19,46,5158.5894,5310.0,5160.0,8962.0,6038.0,2024-03-20,30,5254.535,-6249.999999999998,-6277.999999999998,2,2712.000000000002,2684.000000000002,False,114
103_100_20240321,103/100,2024-03-21,2024-05-03,43,5276.9688,5430.0,5275.0,9207.0,6293.0,2024-05-03,0,5134.2485,-15499.999999999996,-15500.0,2,-6292.999999999996,-6293.0,True,115
103_100_20240506,103/100,2024-05-06,2024-06-21,46,5204.0996,5360.0,5205.0,9142.0,6358.0,2024-05-15,37,5326.834,-5515.0,-5545.5,2,3627.0,3596.5,False,116
103_100_20240516,103/100,2024-05-16,2024-07-01,46,5323.4785,5500.0,5325.0,10922.0,6578.0,2024-06-12,19,5437.7573,-6735.000000000001,-6910.5,2,4186.999999999999,4011.5,False,117
103_100_20240613,103/100,2024-06-13,2024-07-26,43,5463.6553,5630.0,5465.0,10412.0,6088.0,2024-07-03,23,5551.989,-7200.0,-7303.0,2,3212.0,3109.0,False,118
103_100_20240705,103/100,2024-07-05,2024-08-16,42,5594.128,5760.0,5595.0,10229.5,6270.5,2024-07-16,31,5688.8916,-7085.0,-7110.5,2,3144.5,3119.0,False,119
103_100_20240717,103/100,2024-07-17,2024-08-30,44,5624.6235,5795.0,5625.0,10137.0,6863.0,2024-08-30,0,5648.122,-14642.499999999998,-14687.79999999997,2,-4505.499999999998,-4550.79999999997,True,120
103_100_20240903,103/100,2024-09-03,2024-10-18,45,5564.0464,5730.0,5565.0,8427.0,8073.0,2024-09-17,31,5661.858,-6145.0,-6280.5,2,2282.0,2146.5,False,121
103_100_20240918,103/100,2024-09-18,2024-11-01,44,5662.66,5830.0,5660.0,9007.000000000004,7992.999999999996,2024-09-24,38,5761.322,-6410.0,-6453.0,2,2597.0000000000036,2554.0000000000036,False,122
103_100_20240925,103/100,2024-09-25,2024-11-08,44,5759.9224,5925.0,5760.0,8844.500000000002,7655.499999999998,2024-10-14,25,5881.419,-5824.999999999998,-5885.499999999998,2,3019.5000000000036,2959.0000000000036,False,123
103_100_20241015,103/100,2024-10-15,2024-11-29,45,5845.6997,6020.0,5845.0,9184.500000000004,8315.499999999996,2024-11-07,22,5992.4653,-5359.999999999999,-5392.999999999999,2,3824.5000000000045,3791.5000000000045,False,124
103_100_20241108,103/100,2024-11-08,2024-12-20,42,6026.3115,6210.0,6025.0,11072.0,7428.0,2024-12-20,0,5840.26,-18530.000000000004,-18500.0,2,-7458.000000000004,-7428.0,True,125
103_100_20241223,103/100,2024-12-23,2025-02-05,44,6008.4834,6200.0,6010.0,10286.999999999998,8713.000000000002,2025-02-05,0,6064.0986,-13907.500000000002,-13590.139999999974,2,-3620.5000000000036,-3303.1399999999758,True,126
103_100_20250206,103/100,2025-02-06,2025-03-24,46,6094.5356,6300.0,6090.0,11732.0,9268.0,2025-03-24,0,5774.199,-20950.000000000007,-20999.999999999996,2,-9218.000000000007,-9267.999999999996,True,127
103_100_20250325,103/100,2025-03-25,2025-05-08,44,5805.998,6000.0,5800.0,11064.499999999996,8935.500000000004,2025-05-08,0,5664.6143,-20150.0,-19999.999999999996,2,-9085.500000000004,-8935.5,True,128
103_100_20250509,103/100,2025-05-09,2025-06-23,45,5679.356,5800.0,5675.0,5737.000000000002,6762.999999999998,2025-05-12,42,5864.9795,-3189.999999999998,-3227.999999999998,2,2547.0000000000036,2509.0000000000036,False,129
103_100_20250513,103/100,2025-05-13,2025-06-27,45,5905.9346,6075.0,5910.0,8806.999999999996,7693.000000000004,2025-06-06,21,6012.8555,-6550.000000000001,-6578.000000000001,2,2256.9999999999955,2228.9999999999955,False,130
103_100_20250609,103/100,2025-06-09,2025-07-25,46,6031.791,6225.0,6030.0,10727.000000000002,8772.999999999998,2025-06-26,29,6158.503,-7180.0,-7208.0,2,3547.000000000002,3519.000000000002,False,131
103_100_20250627,103/100,2025-06-27,2025-08-08,42,6194.272,6400.0,6200.0,11556.999999999996,8443.000000000004,2025-07-03,36,6299.5254,-8515.0,-8550.5,2,3041.9999999999964,3006.4999999999964,False,132
103_100_20250707,103/100,2025-07-07,2025-08-22,46,6252.6187,6450.0,6250.0,11014.500000000005,8985.499999999995,2025-07-23,30,6386.3755,-7150.000000000001,-7193.000000000001,2,3864.5000000000045,3821.5000000000045,False,133
103_100_20250724,103/100,2025-07-24,2025-09-08,46,6395.661,6600.0,6400.0,11862.000000000004,8137.999999999996,2025-08-28,11,6508.2627,-8425.0,-8540.5,2,3437.0000000000036,3321.5000000000036,False,134
103_100_20250829,103/100,2025-08-29,2025-10-10,42,6489.243,6675.0,6490.0,10346.999999999996,8153.000000000004,2025-09-11,29,6605.4175,-6865.0,-6890.5,2,3481.9999999999964,3456.4999999999964,False,135
103_100_20250912,103/100,2025-09-12,2025-10-24,42,6611.406,6800.0,6610.0,10924.5,8075.5,2025-09-22,32,6712.9116,-7645.0,-7675.5,2,3279.5,3249.0,False,136
103_100_20250923,103/100,2025-09-23,2025-11-07,45,6693.746,6900.0,6690.0,11559.5,9440.5,2025-10-27,11,6885.6196,-5105.000000000001,-5125.500000000001,2,6454.499999999999,6433.999999999999,False,137
103_100_20251028,103/100,2025-10-28,2025-12-12,45,6919.6343,7125.0,6920.0,11497.000000000004,9002.999999999996,2025-12-12,0,6827.404,-20630.0,-20500.0,2,-9132.999999999996,-9002.999999999996,True,138
103_100_20251215,103/100,2025-12-15,2026-01-29,45,6853.2017,7050.0,6850.0,10772.000000000002,9227.999999999998,2026-01-09,20,6975.872,-7395.0,-7425.5,2,3377.000000000002,3346.500000000002,False,139
103_100_20260112,103/100,2026-01-12,2026-02-27,46,7005.0625,7215.0,7005.0,11837.000000000002,9162.999999999998,2026-02-27,0,6879.081,-20950.0,-21000.0,2,-9112.999999999998,-9162.999999999998,True,140
103_100_20260302,103/100,2026-03-02,2026-04-17,46,6900.1714,7105.0,6900.0,9629.5,10870.5,2026-04-16,1,7040.15,-6517.499999999999,-6651.749999999999,2,3112.000000000001,2977.750000000001,False,141
103_100_20260417,103/100,2026-04-17,2026-06-01,45,7153.2207,7400.0,7150.0,14317.000000000002,10682.999999999998,2026-05-05,27,7278.3203,-10205.0,-10235.5,2,4112.000000000002,4081.500000000002,False,142
103_100_20260506,103/100,2026-05-06,2026-06-18,43,7394.0137,7620.0,7395.0,12539.5,9960.5,2026-05-14,35,7526.925,-9350.0,-9378.0,2,3189.5,3161.5,False,143
103_100_20260515,103/100,2026-05-15,2026-06-29,45,7424.8,7650.0,7425.0,12149.499999999996,10350.500000000004,2026-05-28,32,7594.829,-8145.0,-8180.5,2,4004.4999999999964,3968.9999999999964,False,144
103_100_20260529,103/100,2026-05-29,2026-07-10,42,7610.5103,7850.0,7600.0,14209.500000000004,10790.499999999996,2026-07-10,0,7581.997,-24855.000000000004,-25000.0,2,-10645.5,-10790.499999999996,True,145
103_100_20260713,103/100,2026-07-13,2026-08-28,46,7547.0938,7775.0,7550.0,12099.500000000002,10400.499999999998,2026-08-04,24,7760.7095,-7045.0,-7085.5,2,5054.500000000002,5014.000000000002,False,146
103_100_20260805,103/100,2026-08-05,2026-09-18,44,7759.83,7995.0,7760.0,13612.000000000005,9887.999999999995,2026-09-18,0,7657.35,-24195.0,-23500.0,2,-10582.999999999995,-9887.999999999995,True,147
99_96_20160922,99/96,2016-09-22,2016-11-04,43,2174.6682,2155.0,2090.0,1339.4999999999998,5160.5,2016-11-04,0,2083.747,-6560.0,-6500.0,2,-5220.5,-5160.5,True,0
99_96_20161107,99/96,2016-11-07,2016-12-23,46,2132.679,2110.0,2045.0,1457.0,5043.0,2016-11-09,44,2163.7527,-1050.0000000000005,-1088.0000000000005,2,406.99999999999955,368.99999999999955,False,1
99_96_20161110,99/96,2016-11-10,2016-12-23,43,2170.5781,2150.0,2085.0,1459.500000000001,5040.499999999999,2016-11-21,32,2195.2341,-875.0,-900.5,2,584.5000000000009,559.0000000000009,False,2
99_96_20161122,99/96,2016-11-22,2017-01-06,45,2202.542,2180.0,2115.0,1349.5000000000002,5150.5,2016-12-06,31,2211.947,-980.0,-1008.0,2,369.5000000000002,341.5000000000002,False,3
99_96_20161207,99/96,2016-12-07,2017-01-20,44,2238.668,2215.0,2150.0,1319.5,5180.5,2016-12-09,42,2261.9287,-955.0000000000001,-985.5000000000001,2,364.4999999999999,333.9999999999999,False,4
99_96_20161212,99/96,2016-12-12,2017-01-27,46,2257.4375,2235.0,2165.0,1506.9999999999995,5493.0,2016-12-20,38,2272.994,-1065.0000000000002,-1095.5000000000002,2,441.9999999999993,411.4999999999993,False,5
99_96_20161221,99/96,2016-12-21,2017-02-03,44,2266.8242,2245.0,2175.0,1437.0,5563.0,2017-01-06,28,2277.107,-935.0000000000002,-960.5000000000002,2,501.9999999999998,476.4999999999998,False,6
99_96_20170109,99/96,2017-01-09,2017-02-24,46,2270.4116,2250.0,2180.0,1464.5000000000005,5535.5,2017-01-24,31,2278.926,-949.9999999999999,-972.9999999999999,2,514.5000000000006,491.50000000000057,False,7
99_96_20170125,99/96,2017-01-25,2017-03-10,44,2298.1865,2275.0,2205.0,1274.4999999999995,5725.5,2017-02-09,29,2307.1257,-860.0,-883.0,2,414.49999999999955,391.49999999999955,False,8
99_96_20170210,99/96,2017-02-10,2017-03-24,42,2315.4612,2290.0,2225.0,1174.5,5325.5,2017-02-14,38,2339.4807,-725.0,-755.5,2,449.5,419.0,False,9
99_96_20170215,99/96,2017-02-15,2017-03-31,44,2352.8115,2330.0,2260.0,1302.0000000000005,5698.0,2017-02-27,32,2369.7126,-910.0,-933.0,2,392.00000000000045,369.00000000000045,False,10
99_96_20170228,99/96,2017-02-28,2017-04-13,44,2364.1223,2340.0,2270.0,1381.9999999999995,5618.0,2017-03-01,43,2394.7515,-939.9999999999999,-967.9999999999999,2,441.99999999999966,413.99999999999966,False,11
99_96_20170302,99/96,2017-03-02,2017-04-13,42,2382.9507,2360.0,2290.0,1382.0,5618.0,2017-03-15,29,2385.5046,-1005.0,-1035.5,2,377.0,346.5,False,12
99_96_20170316,99/96,2017-03-16,2017-04-28,43,2383.9036,2360.0,2290.0,1224.5000000000002,5775.5,2017-04-24,4,2373.1826,-335.0,-353.0,2,889.5000000000002,871.5000000000002,False,13
99_96_20170425,99/96,2017-04-25,2017-06-09,45,2388.1318,2365.0,2295.0,1214.5,5785.5,2017-05-05,35,2400.2295,-859.9999999999998,-887.9999999999998,2,354.5000000000002,326.5000000000002,False,14
99_96_20170508,99/96,2017-05-08,2017-06-23,46,2397.3557,2375.0,2300.0,1284.5,6215.5,2017-05-24,30,2403.2505,-920.0,-943.0,2,364.5,341.5,False,15
99_96_20170525,99/96,2017-05-25,2017-07-07,43,2414.6826,2390.0,2320.0,1084.5000000000002,5915.5,2017-06-01,36,2430.06,-745.0,-770.5,2,339.5000000000002,314.0000000000002,False,16
99_96_20170602,99/96,2017-06-02,2017-07-14,42,2440.2905,2415.0,2345.0,1027.0,5973.0,2017-06-19,25,2451.5737,-584.9999999999999,-605.4999999999999,2,442.0000000000001,421.5000000000001,False,17
99_96_20170620,99/96,2017-06-20,2017-08-04,45,2441.4812,2415.0,2345.0,1099.5,5900.5,2017-07-12,23,2443.1497,-700.0,-723.0,2,399.5,376.5,False,18
99_96_20170713,99/96,2017-07-13,2017-08-25,43,2448.605,2425.0,2350.0,1101.9999999999998,6398.0,2017-07-19,37,2474.1804,-625.0,-645.5,2,476.9999999999998,456.4999999999998,False,19
99_96_20170720,99/96,2017-07-20,2017-09-01,43,2473.9326,2450.0,2375.0,1057.0,6443.0,2017-08-07,25,2479.3027,-675.0,-695.5,2,382.0,361.5,False,20
99_96_20170808,99/96,2017-08-08,2017-09-22,45,2474.6519,2450.0,2375.0,1149.4999999999998,6350.5,2017-09-01,21,2477.059,-670.0000000000001,-688.0000000000001,2,479.49999999999966,461.49999999999966,False,21
99_96_20170905,99/96,2017-09-05,2017-10-20,45,2462.5007,2440.0,2365.0,1349.4999999999998,6150.5,2017-09-11,39,2490.2698,-770.0000000000001,-793.0000000000001,2,579.4999999999997,556.4999999999997,False,22
99_96_20170912,99/96,2017-09-12,2017-10-27,45,2498.6067,2475.0,2400.0,1092.0000000000007,6407.999999999999,2017-09-20,37,2509.2764,-790.0,-813.0,2,302.0000000000007,279.0000000000007,False,23
99_96_20170921,99/96,2017-09-21,2017-11-03,43,2504.9373,2480.0,2405.0,984.4999999999997,6515.5,2017-09-29,35,2519.6614,-705.0,-730.5,2,279.49999999999966,253.99999999999966,False,24
99_96_20171002,99/96,2017-10-02,2017-11-17,46,2529.7703,2505.0,2430.0,1074.4999999999998,6425.5,2017-10-05,43,2553.26,-695.0,-710.5,2,379.4999999999998,363.9999999999998,False,25
99_96_20171006,99/96,2017-10-06,2017-11-17,42,2548.4153,2525.0,2445.0,1049.4999999999998,6950.5,2017-10-16,32,2557.64,-705.0,-720.5,2,344.4999999999998,328.9999999999998,False,26
99_96_20171017,99/96,2017-10-17,2017-12-01,45,2559.7842,2535.0,2455.0,1006.9999999999999,6993.0,2017-10-27,35,2580.7737,-714.9999999999998,-735.4999999999998,2,292.0000000000001,271.5000000000001,False,27
99_96_20171030,99/96,2017-10-30,2017-12-15,46,2572.83,2545.0,2470.0,1164.4999999999995,6335.5,2017-11-06,39,2590.631,-810.0,-828.0,2,354.49999999999955,336.49999999999955,False,28
99_96_20171107,99/96,2017-11-07,2017-12-22,45,2588.5527,2565.0,2485.0,1269.5,6730.5,2017-11-21,31,2597.3462,-830.0,-858.0,2,439.5,411.5,False,29
99_96_20171122,99/96,2017-11-22,2018-01-05,44,2595.5708,2570.0,2490.0,1102.0000000000002,6898.0,2017-11-28,38,2626.6755,-695.0,-720.5,2,407.0000000000002,381.5000000000002,False,30
99_96_20171129,99/96,2017-11-29,2018-01-12,44,2625.73,2600.0,2520.0,1209.5,6790.5,2017-12-07,36,2644.8013,-834.9999999999997,-855.4999999999997,2,374.50000000000034,354.00000000000034,False,31
99_96_20171208,99/96,2017-12-08,2018-01-19,42,2656.9565,2630.0,2550.0,1084.5,6915.5,2017-12-13,37,2671.835,-790.0,-813.0,2,294.5,271.5,False,32
99_96_20171214,99/96,2017-12-14,2018-01-26,43,2657.9922,2630.0,2550.0,1032.0,6968.0,2017-12-15,42,2684.023,-635.0000000000002,-660.5000000000002,2,396.9999999999998,371.4999999999998,False,33
99_96_20171218,99/96,2017-12-18,2018-01-31,44,2696.3296,2670.0,2590.0,1062.0,6938.0,2018-01-03,28,2712.1094,-610.0,-628.0,2,452.0,434.0,False,34
99_96_20180104,99/96,2018-01-04,2018-02-16,43,2725.013,2700.0,2615.0,1217.0,7283.0,2018-01-08,39,2747.9893,-844.9999999999999,-865.4999999999999,2,372.0000000000001,351.5000000000001,False,35
99_96_20180109,99/96,2018-01-09,2018-02-23,45,2753.4763,2725.0,2645.0,1211.9999999999995,6788.0,2018-01-12,42,2789.8423,-724.9999999999998,-750.4999999999998,2,486.9999999999998,461.4999999999998,False,36
99_96_20180116,99/96,2018-01-16,2018-03-02,45,2783.7068,2755.0,2670.0,1442.0,7058.0,2018-01-19,42,2812.081,-940.0000000000003,-968.0000000000003,2,501.99999999999966,473.99999999999966,False,37
99_96_20180122,99/96,2018-01-22,2018-03-09,46,2836.2605,2810.0,2725.0,1552.0,6948.0,2018-01-26,42,2875.4863,-1070.0,-1093.0,2,482.0,459.0,False,38
99_96_20180129,99/96,2018-01-29,2018-03-16,46,2854.5435,2825.0,2740.0,1807.0000000000002,6693.0,2018-03-16,0,2753.758,-7487.500000000001,-7124.200000000019,2,-5680.500000000001,-5317.200000000019,True,39
99_96_20180319,99/96,2018-03-19,2018-05-04,46,2720.7705,2695.0,2610.0,1784.5,6715.5,2018-05-04,0,2663.0247,-3157.5,-3197.530000000006,2,-1373.0,-1413.030000000006,True,40
99_96_20180507,99/96,2018-05-07,2018-06-22,46,2669.9663,2645.0,2565.0,1847.0,6153.0,2018-05-10,43,2718.6655,-1025.0,-1050.5,2,822.0,796.5,False,41
99_96_20180511,99/96,2018-05-11,2018-06-22,42,2729.4001,2700.0,2620.0,1524.5,6475.5,2018-06-01,21,2734.6628,-970.0,-998.0,2,554.5,526.5,False,42
99_96_20180604,99/96,2018-06-04,2018-07-20,46,2746.3066,2720.0,2635.0,1509.5,6990.5,2018-06-06,44,2772.3647,-1040.0,-1063.0,2,469.5,446.5,False,43
99_96_20180607,99/96,2018-06-07,2018-07-20,43,2772.2966,2745.0,2660.0,1364.4999999999998,7135.5,2018-07-09,11,2786.2283,-472.5,-491.75,2,891.9999999999998,872.7499999999998,False,44
99_96_20180710,99/96,2018-07-10,2018-08-24,45,2796.2708,2770.0,2685.0,1472.0000000000002,7028.0,2018-07-17,38,2810.766,-1070.0,-1093.0,2,402.0000000000002,379.0000000000002,False,45
99_96_20180718,99/96,2018-07-18,2018-08-31,44,2815.631,2785.0,2705.0,1244.5000000000002,6755.5,2018-07-25,37,2840.8777,-880.0,-898.0,2,364.5000000000002,346.5000000000002,False,46
99_96_20180726,99/96,2018-07-26,2018-09-07,43,2842.2517,2815.0,2730.0,1344.5000000000002,7155.5,2018-08-07,31,2859.461,-850.0,-868.0,2,494.5000000000002,476.5000000000002,False,47
99_96_20180808,99/96,2018-08-08,2018-09-21,44,2855.25,2825.0,2740.0,1307.0,7193.0,2018-08-24,28,2876.75,-769.9999999999999,-787.9999999999999,2,537.0000000000001,519.0000000000001,False,48
99_96_20180827,99/96,2018-08-27,2018-10-12,46,2900.475,2870.0,2785.0,1402.0,7098.0,2018-09-13,29,2907.8257,-990.0,-1013.0,2,412.0,389.0,False,49
99_96_20180914,99/96,2018-09-14,2018-10-31,47,2909.9133,2880.0,2795.0,1342.0,7158.0,2018-09-20,41,2937.7925,-895.0,-915.5,2,447.0,426.5,False,50
99_96_20180921,99/96,2018-09-21,2018-11-02,42,2932.0469,2905.0,2815.0,1374.5,7625.5,2018-11-02,0,2722.7473,-9045.0,-9000.0,2,-7670.5,-7625.5,True,51
99_96_20181105,99/96,2018-11-05,2018-12-21,46,2739.5,2710.0,2630.0,2184.5000000000005,5815.5,2018-11-07,44,2816.5,-1110.0,-1138.0,2,1074.5000000000005,1046.5000000000005,False,52
99_96_20181108,99/96,2018-11-08,2018-12-21,43,2808.75,2780.0,2695.0,2009.5,6490.5,2018-12-21,0,2409.7803,-8460.0,-8500.0,2,-6450.5,-6490.5,True,53
99_96_20181224,99/96,2018-12-24,2019-02-08,46,2340.826,2315.0,2245.0,1864.5,5135.5,2018-12-26,44,2470.0261,-1275.0,-1360.5,2,589.5,504.0,False,54
99_96_20181227,99/96,2018-12-27,2019-02-08,43,2494.1824,2470.0,2395.0,2359.499999999999,5140.500000000001,2019-01-04,35,2530.3225,-1695.0,-1750.5,2,664.4999999999991,608.9999999999991,False,55
99_96_20190107,99/96,2019-01-07,2019-02-22,46,2549.954,2525.0,2450.0,2166.9999999999995,5333.0,2019-01-10,43,2593.401,-1525.0000000000005,-1560.5000000000005,2,641.9999999999991,606.4999999999991,False,56
99_96_20190111,99/96,2019-01-11,2019-02-22,42,2594.4075,2570.0,2490.0,1999.4999999999995,6000.5,2019-01-17,36,2634.6155,-1225.0,-1255.5,2,774.4999999999995,743.9999999999995,False,57
99_96_20190118,99/96,2019-01-18,2019-03-01,42,2671.0818,2645.0,2565.0,1864.5000000000005,6135.5,2019-01-31,29,2704.0215,-1170.0,-1198.0,2,694.5000000000005,666.5000000000005,False,58
99_96_20190201,99/96,2019-02-01,2019-03-15,42,2704.25,2675.0,2595.0,1844.5000000000005,6155.5,2019-02-06,37,2729.5,-1349.9999999999995,-1367.9999999999995,2,494.5000000000009,476.5000000000009,False,59
99_96_20190207,99/96,2019-02-07,2019-03-22,43,2703.9797,2675.0,2595.0,1837.0,6163.0,2019-02-12,38,2745.1082,-1195.0,-1220.5,2,642.0,616.5,False,60
99_96_20190213,99/96,2019-02-13,2019-03-29,44,2750.3088,2725.0,2640.0,1964.5,6535.5,2019-02-19,38,2779.2595,-1405.0,-1425.5,2,559.5,539.0,False,61
99_96_20190220,99/96,2019-02-20,2019-04-05,44,2787.6992,2760.0,2675.0,1779.4999999999993,6720.500000000001,2019-03-01,35,2806.4854,-1210.0,-1233.0,2,569.4999999999993,546.4999999999993,False,62
99_96_20190304,99/96,2019-03-04,2019-04-18,45,2793.523,2765.0,2680.0,1699.5000000000007,6800.499999999999,2019-03-13,36,2816.5322,-1215.0,-1230.5,2,484.5000000000007,469.0000000000007,False,63
99_96_20190314,99/96,2019-03-14,2019-04-26,43,2809.7253,2780.0,2695.0,1629.4999999999993,6870.500000000001,2019-03-21,36,2859.8853,-1010.0,-1033.0,2,619.4999999999993,596.4999999999993,False,64
99_96_20190322,99/96,2019-03-22,2019-05-03,42,2808.5388,2780.0,2695.0,1959.5,6540.5,2019-03-29,35,2835.6084,-1320.0,-1343.0,2,639.5,616.5,False,65
99_96_20190401,99/96,2019-04-01,2019-05-17,46,2869.0286,2840.0,2755.0,1814.5,6685.5,2019-04-05,42,2894.431,-1289.9999999999995,-1307.9999999999995,2,524.5000000000005,506.50000000000045,False,66
99_96_20190408,99/96,2019-04-08,2019-05-24,46,2897.0237,2870.0,2780.0,1779.5000000000002,7220.5,2019-04-22,32,2911.203,-1240.0,-1263.0,2,539.5000000000002,516.5000000000002,False,67
99_96_20190423,99/96,2019-04-23,2019-06-07,45,2937.3477,2910.0,2820.0,1589.5,7410.5,2019-06-07,0,2874.572,-3707.5,-3542.7999999999884,2,-2118.0,-1953.2999999999884,True,68
99_96_20190610,99/96,2019-06-10,2019-07-26,46,2891.4558,2865.0,2775.0,2134.5000000000005,6865.5,2019-06-18,38,2924.1785,-1545.0,-1580.5,2,589.5000000000005,554.0000000000005,False,69
99_96_20190619,99/96,2019-06-19,2019-08-02,44,2931.7283,2900.0,2815.0,1849.500000000001,6650.499999999999,2019-07-01,32,2966.027,-1155.0,-1175.5,2,694.5000000000009,674.0000000000009,False,70
99_96_20190702,99/96,2019-07-02,2019-08-16,45,2978.1104,2950.0,2860.0,1797.0000000000007,7202.999999999999,2019-07-11,36,3002.6255,-1285.0,-1310.5,2,512.0000000000007,486.5000000000007,False,71
99_96_20190712,99/96,2019-07-12,2019-08-23,42,3014.496,2985.0,2895.0,1682.0,7318.0,2019-08-23,0,2855.0603,-8990.000000000002,-9000.0,2,-7308.000000000002,-7318.0,True,72
99_96_20190826,99/96,2019-08-26,2019-10-11,46,2882.7954,2855.0,2765.0,2346.9999999999995,6653.0,2019-08-29,43,2926.5874,-1720.0,-1753.0,2,626.9999999999995,593.9999999999995,False,73
99_96_20190830,99/96,2019-08-30,2019-10-11,42,2924.4126,2895.0,2805.0,2072.000000000001,6927.999999999999,2019-09-05,36,2972.2856,-1330.0,-1358.0,2,742.0000000000009,714.0000000000009,False,74
99_96_20190906,99/96,2019-09-06,2019-10-18,42,2981.4243,2950.0,2860.0,1779.5,7220.5,2019-09-12,36,3012.6829,-1270.0,-1288.0,2,509.5,491.5,False,75
99_96_20190913,99/96,2019-09-13,2019-10-25,42,3007.6199,2980.0,2885.0,1806.9999999999995,7693.0,2019-10-15,10,2997.6658,-1195.0,-1218.0,2,611.9999999999995,588.9999999999995,False,76
99_96_20191016,99/96,2019-10-16,2019-11-29,44,2991.5828,2960.0,2870.0,1532.0,7468.0,2019-10-28,32,3036.44,-1025.0000000000002,-1045.5000000000002,2,506.9999999999998,486.4999999999998,False,77
99_96_20191029,99/96,2019-10-29,2019-12-13,45,3035.8018,3005.0,2915.0,1802.0000000000005,7198.0,2019-11-04,39,3075.8203,-1170.0,-1193.0,2,632.0000000000005,609.0000000000005,False,78
99_96_20191105,99/96,2019-11-05,2019-12-20,45,3072.0,3040.0,2950.0,1722.0,7278.0,2019-11-15,35,3118.25,-1000.0,-1023.0,2,722.0,699.0,False,79
99_96_20191118,99/96,2019-11-18,2020-01-03,46,3124.0027,3095.0,3000.0,1814.5,7685.5,2019-11-26,38,3145.55,-1330.0,-1353.0,2,484.5,461.5,False,80
99_96_20191127,99/96,2019-11-27,2020-01-10,44,3155.9395,3125.0,3030.0,1694.4999999999995,7805.5,2019-12-13,28,3175.2996,-1115.0,-1140.5,2,579.4999999999995,553.9999999999995,False,81
99_96_20191216,99/96,2019-12-16,2020-01-31,46,3198.7585,3165.0,3070.0,1592.0000000000002,7908.0,2019-12-26,36,3244.3896,-1000.0,-1023.0,2,592.0000000000002,569.0000000000002,False,82
99_96_20191227,99/96,2019-12-27,2020-02-07,42,3237.4475,3205.0,3110.0,1752.0,7748.0,2020-01-09,29,3276.26,-1030.0000000000002,-1048.0000000000002,2,721.9999999999998,703.9999999999998,False,83
99_96_20200110,99/96,2020-01-10,2020-02-21,42,3265.0664,3230.0,3135.0,1709.4999999999998,7790.5,2020-01-15,37,3294.063,-1260.0000000000005,-1278.0000000000005,2,449.4999999999993,431.4999999999993,False,84
99_96_20200116,99/96,2020-01-16,2020-02-28,43,3316.7375,3285.0,3185.0,1774.5,8225.5,2020-02-06,22,3345.5896,-1200.0,-1223.0,2,574.5,551.5,False,85
99_96_20200207,99/96,2020-02-07,2020-03-20,42,3325.5,3290.0,3190.0,2024.5,7975.5,2020-02-12,37,3380.5,-1175.0,-1190.5,2,849.5,834.0,False,86
99_96_20200213,99/96,2020-02-13,2020-03-27,43,3378.7349,3345.0,3245.0,1914.5,8085.5,2020-03-27,0,2531.0493,-10000.0,-10000.0,2,-8085.5,-8085.5,True,87
99_96_20200330,99/96,2020-03-30,2020-05-15,46,2615.0266,2590.0,2510.0,2642.000000000002,5357.999999999998,2020-04-08,37,2738.288,-1845.000000000001,-1920.500000000001,2,797.0000000000009,721.5000000000009,False,88
99_96_20200409,99/96,2020-04-09,2020-05-22,43,2782.8337,2750.0,2670.0,2389.5,5610.5,2020-04-27,25,2872.7532,-1485.0000000000014,-1530.5000000000014,2,904.4999999999986,858.9999999999986,False,89
99_96_20200428,99/96,2020-04-28,2020-06-12,45,2868.165,2840.0,2750.0,2564.5,6435.5,2020-05-11,32,2923.8323,-1840.0000000000005,-1873.0000000000005,2,724.4999999999995,691.4999999999995,False,90
99_96_20200512,99/96,2020-05-12,2020-06-26,45,2854.326,2825.0,2740.0,2476.999999999999,6023.000000000001,2020-05-18,39,2950.789,-1625.0,-1675.5,2,851.9999999999991,801.4999999999991,False,91
99_96_20200519,99/96,2020-05-19,2020-07-02,44,2920.8738,2890.0,2800.0,2521.9999999999964,6478.000000000004,2020-05-26,37,2995.9636,-1810.0,-1853.0,2,711.9999999999964,668.9999999999964,False,92
99_96_20200527,99/96,2020-05-27,2020-07-10,44,3035.5889,3010.0,2910.0,2702.0,7298.0,2020-06-03,37,3116.7046,-1854.9999999999995,-1890.4999999999995,2,847.0000000000005,811.5000000000005,False,93
99_96_20200604,99/96,2020-06-04,2020-07-17,43,3109.0486,3080.0,2985.0,2609.5,6890.5,2020-06-05,42,3185.9353,-1800.0000000000005,-1843.0000000000005,2,809.4999999999995,766.4999999999995,False,94
99_96_20200608,99/96,2020-06-08,2020-07-24,46,3225.2969,3190.0,3100.0,2447.000000000002,6552.999999999998,2020-07-15,9,3227.88,-1805.0,-1830.5,2,642.0000000000018,616.5000000000018,False,95
99_96_20200716,99/96,2020-07-16,2020-08-31,46,3197.284,3165.0,3070.0,2607.000000000002,6892.999999999998,2020-07-22,40,3268.266,-1730.0000000000014,-1783.0000000000014,2,877.0000000000005,824.0000000000005,False,96
99_96_20200723,99/96,2020-07-23,2020-09-04,43,3229.6326,3200.0,3100.0,2632.0,7368.0,2020-08-03,32,3290.7026,-1855.0,-1880.5,2,777.0,751.5,False,97
99_96_20200804,99/96,2020-08-04,2020-09-18,45,3300.0,3265.0,3170.0,2441.999999999999,7058.000000000001,2020-08-10,39,3352.75,-1730.0000000000014,-1753.0000000000014,2,711.9999999999977,688.9999999999977,False,98
99_96_20200811,99/96,2020-08-11,2020-09-25,45,3331.3416,3300.0,3200.0,2501.999999999998,7498.000000000002,2020-08-17,39,3381.2056,-1810.0000000000005,-1838.0000000000005,2,691.9999999999977,663.9999999999977,False,99
99_96_20200818,99/96,2020-08-18,2020-10-02,45,3387.214,3350.0,3250.0,2359.499999999999,7640.500000000001,2020-08-25,38,3443.6833,-1684.9999999999995,-1715.4999999999995,2,674.4999999999995,643.9999999999995,False,100
99_96_20200827,99/96,2020-08-27,2020-10-09,43,3485.0635,3450.0,3350.0,2489.499999999998,7510.500000000002,2020-09-02,37,3578.9321,-1635.0,-1690.5,2,854.4999999999982,798.9999999999982,False,101
99_96_20200903,99/96,2020-09-03,2020-10-16,43,3460.196,3425.0,3320.0,2857.0,7643.0,2020-10-08,8,3446.8977,-2020.0,-2043.0,2,837.0,814.0,False,102
99_96_20201009,99/96,2020-10-09,2020-11-20,42,3477.5537,3445.0,3340.0,2634.499999999998,7865.500000000002,2020-11-09,11,3548.5835,-1294.9999999999995,-1335.4999999999995,2,1339.4999999999986,1298.9999999999986,False,103
99_96_20201110,99/96,2020-11-10,2020-12-24,44,3543.7563,3510.0,3400.0,2834.5,8165.5,2020-11-16,38,3626.6753,-1770.0,-1818.0,2,1064.5,1016.5,False,104
99_96_20201117,99/96,2020-11-17,2020-12-31,44,3609.6643,3575.0,3465.0,2721.999999999998,8278.000000000002,2020-12-01,30,3663.331,-1925.0,-1955.5,2,796.9999999999982,766.4999999999982,False,105
99_96_20201202,99/96,2020-12-02,2021-01-15,44,3668.8027,3630.0,3520.0,2829.5,8170.5,2020-12-16,30,3703.1704,-2065.0000000000005,-2090.5000000000005,2,764.4999999999995,738.9999999999995,False,106
99_96_20201217,99/96,2020-12-17,2021-01-29,43,3720.1562,3685.0,3570.0,2799.5,8700.5,2021-01-07,22,3802.7334,-1399.9999999999998,-1417.9999999999998,2,1399.5000000000002,1381.5000000000002,False,107
99_96_20210108,99/96,2021-01-08,2021-02-19,42,3821.758,3785.0,3670.0,2692.000000000001,8808.0,2021-02-03,16,3827.7373,-1860.0,-1878.0,2,832.0000000000009,814.0000000000009,False,108
99_96_20210204,99/96,2021-02-04,2021-03-19,43,3864.5,3825.0,3710.0,2704.5,8795.5,2021-02-12,35,3931.0,-1775.0,-1805.5,2,929.5,899.0,False,109
99_96_20210216,99/96,2021-02-16,2021-04-01,44,3928.0884,3890.0,3770.0,2794.5,9205.5,2021-03-12,20,3944.0764,-2004.9999999999995,-2030.4999999999995,2,789.5000000000005,764.0000000000005,False,110
99_96_20210315,99/96,2021-03-15,2021-04-30,46,3965.6191,3925.0,3805.0,2902.000000000001,9098.0,2021-04-01,29,4017.1775,-1555.0,-1590.5,2,1347.000000000001,1311.500000000001,False,111
99_96_20210405,99/96,2021-04-05,2021-05-21,46,4071.9626,4030.0,3910.0,2701.9999999999995,9298.0,2021-04-12,39,4124.3867,-1885.0,-1910.5,2,816.9999999999995,791.4999999999995,False,112
99_96_20210413,99/96,2021-04-13,2021-05-28,45,4135.836,4095.0,3970.0,2754.5000000000014,9745.499999999998,2021-04-27,31,4182.0757,-1975.0,-2000.5,2,779.5000000000014,754.0000000000014,False,113
99_96_20210428,99/96,2021-04-28,2021-06-11,44,4177.2856,4135.0,4010.0,2694.5,9805.5,2021-05-07,35,4226.3076,-1790.0,-1818.0,2,904.5,876.5,False,114
99_96_20210510,99/96,2021-05-10,2021-06-25,46,4185.277,4145.0,4020.0,2894.500000000001,9605.5,2021-05-27,29,4200.9746,-1884.9999999999995,-1910.4999999999995,2,1009.5000000000014,984.0000000000014,False,115
99_96_20210528,99/96,2021-05-28,2021-07-09,42,4202.556,4160.0,4030.0,2467.0,10533.0,2021-06-10,29,4238.944,-1594.9999999999993,-1615.4999999999993,2,872.0000000000007,851.5000000000007,False,116
99_96_20210611,99/96,2021-06-11,2021-07-23,42,4244.746,4200.0,4075.0,2264.5,10235.5,2021-06-24,29,4264.2183,-1660.0000000000002,-1683.0000000000002,2,604.4999999999998,581.4999999999998,False,117
99_96_20210625,99/96,2021-06-25,2021-08-06,42,4277.4995,4230.0,4110.0,2024.5,9975.5,2021-07-02,35,4348.9883,-1260.0000000000002,-1283.0000000000002,2,764.4999999999998,741.4999999999998,False,118
99_96_20210706,99/96,2021-07-06,2021-08-20,45,4338.104,4290.0,4160.0,2467.0,10533.0,2021-07-23,28,4407.3267,-1385.0000000000002,-1405.5000000000002,2,1081.9999999999998,1061.4999999999998,False,119
99_96_20210726,99/96,2021-07-26,2021-09-10,46,4415.338,4370.0,4240.0,2554.499999999998,10445.500000000002,2021-08-11,30,4441.552,-1734.9999999999995,-1765.4999999999995,2,819.4999999999986,788.9999999999986,False,120
99_96_20210812,99/96,2021-08-12,2021-09-24,43,4456.8174,4410.0,4280.0,2367.0000000000005,10633.0,2021-08-25,30,4495.3413,-1560.0000000000005,-1583.0000000000005,2,807.0,784.0,False,121
99_96_20210826,99/96,2021-08-26,2021-10-08,43,4467.045,4420.0,4290.0,2447.0,10553.0,2021-08-30,39,4525.966,-1660.0,-1688.0,2,787.0,759.0,False,122
99_96_20210831,99/96,2021-08-31,2021-10-15,45,4520.1,4475.0,4340.0,2439.500000000001,11060.5,2021-10-15,0,4472.2046,-322.5,-279.53999999999724,2,2117.000000000001,2159.9600000000037,True,123
99_96_20211018,99/96,2021-10-18,2021-12-03,46,4479.7075,4430.0,4300.0,2602.000000000001,10398.0,2021-10-21,43,4543.9277,-1795.0,-1825.5,2,807.0000000000009,776.5000000000009,False,124
99_96_20211022,99/96,2021-10-22,2021-12-03,42,4538.6733,4495.0,4355.0,2712.000000000001,11288.0,2021-10-29,35,4599.166,-1840.0,-1868.0,2,872.0000000000009,844.0000000000009,False,125
99_96_20211101,99/96,2021-11-01,2021-12-17,46,4605.75,4560.0,4420.0,2929.500000000001,11070.5,2021-11-04,43,4673.25,-1980.0,-2003.0,2,949.5000000000009,926.5000000000009,False,126
99_96_20211105,99/96,2021-11-05,2021-12-17,42,4690.25,4645.0,4505.0,2869.499999999999,11130.5,2021-12-08,9,4699.0,-1835.0,-1855.5,2,1034.499999999999,1013.9999999999991,False,127
99_96_20211209,99/96,2021-12-09,2022-01-21,43,4668.1123,4620.0,4480.0,3182.000000000001,10818.0,2021-12-23,29,4724.265,-1935.0,-1955.5,2,1247.000000000001,1226.500000000001,False,128
99_96_20211227,99/96,2021-12-27,2022-02-11,46,4787.8228,4740.0,4600.0,2949.499999999999,11050.5,2022-02-11,0,4414.7524,-13505.0,-14000.0,2,-10555.5,-11050.5,True,129
99_96_20220214,99/96,2022-02-14,2022-03-31,45,4395.924,4350.0,4220.0,3629.499999999998,9370.500000000002,2022-03-18,13,4463.29,-1765.0,-1790.5,2,1864.4999999999982,1838.9999999999982,False,130
99_96_20220321,99/96,2022-03-21,2022-05-06,46,4461.183,4420.0,4280.0,3647.000000000002,10352.999999999998,2022-03-25,42,4539.3687,-2659.999999999999,-2692.999999999999,2,987.0000000000027,954.0000000000027,False,131
99_96_20220328,99/96,2022-03-28,2022-05-13,46,4573.239,4530.0,4390.0,3327.0,10673.0,2022-05-13,0,4014.4075,-14120.0,-14000.0,2,-10793.0,-10673.0,True,132
99_96_20220516,99/96,2022-05-16,2022-06-30,45,4003.7805,3965.0,3845.0,4077.0,7923.0,2022-05-27,34,4160.378,-2155.0,-2185.5,2,1922.0,1891.5,False,133
99_96_20220531,99/96,2022-05-31,2022-07-15,45,4129.055,4090.0,3965.0,3957.0000000000027,8542.999999999996,2022-07-15,0,3860.3147,-12435.0,-12500.0,2,-8477.999999999996,-8542.999999999996,True,134
99_96_20220718,99/96,2022-07-18,2022-08-31,44,3835.7234,3795.0,3680.0,3589.499999999999,7910.500000000001,2022-07-19,43,3940.7034,-2555.000000000002,-2590.500000000002,2,1034.4999999999973,998.9999999999973,False,135
99_96_20220720,99/96,2022-07-20,2022-09-02,44,3953.0425,3910.0,3790.0,3624.5,8375.5,2022-07-28,36,4082.3975,-1955.0,-1990.5,2,1669.5,1634.0,False,136
99_96_20220729,99/96,2022-07-29,2022-09-09,42,4131.0093,4090.0,3970.0,3424.5,8575.5,2022-08-10,30,4206.9946,-2075.0,-2105.5,2,1349.5,1319.0,False,137
99_96_20220811,99/96,2022-08-11,2022-09-23,43,4216.36,4175.0,4050.0,3559.5,8940.5,2022-08-15,39,4296.763,-2579.9999999999995,-2607.9999999999995,2,979.5000000000005,951.5000000000005,False,138
99_96_20220816,99/96,2022-08-16,2022-09-30,45,4305.188,4260.0,4135.0,3607.0,8893.0,2022-09-30,0,3599.5164,-12500.000000000007,-12500.0,2,-8893.000000000007,-8893.0,True,139
99_96_20221003,99/96,2022-10-03,2022-11-18,46,3691.4912,3655.0,3545.0,3714.500000000002,7285.499999999998,2022-10-04,45,3798.1047,-2720.0,-2748.0,2,994.5000000000018,966.5000000000018,False,140
99_96_20221005,99/96,2022-10-05,2022-11-18,44,3798.8064,3760.0,3645.0,3829.499999999999,7670.500000000001,2022-10-28,21,3910.4053,-2250.0,-2273.0,2,1579.499999999999,1556.499999999999,False,141
99_96_20221031,99/96,2022-10-31,2022-12-16,46,3882.375,3845.0,3725.0,4222.0,7778.0,2022-11-10,36,3960.375,-3070.0000000000014,-3108.0000000000014,2,1151.9999999999986,1113.9999999999986,False,142
99_96_20221111,99/96,2022-11-11,2022-12-23,42,4010.877,3970.0,3850.0,3999.500000000001,8000.499999999999,2022-11-30,23,4095.807,-2204.9999999999995,-2240.4999999999995,2,1794.5000000000014,1759.0000000000014,False,143
99_96_20221201,99/96,2022-12-01,2023-01-13,43,4094.8728,4050.0,3930.0,3571.999999999999,8428.0,2023-01-13,0,3996.1587,-5097.5,-5384.130000000005,2,-1525.500000000001,-1812.1300000000056,True,144
99_96_20230117,99/96,2023-01-17,2023-03-03,45,4004.2156,3960.0,3840.0,3349.5,8650.5,2023-01-26,36,4066.2993,-2305.0,-2340.5,2,1044.5,1009.0,False,145
99_96_20230127,99/96,2023-01-27,2023-03-10,42,4081.4727,4040.0,3920.0,3224.499999999999,8775.5,2023-02-01,37,4139.237,-2315.000000000001,-2360.500000000001,2,909.4999999999982,863.9999999999982,False,146
99_96_20230202,99/96,2023-02-02,2023-03-17,43,4168.491,4125.0,4000.0,3259.500000000001,9240.5,2023-03-17,0,3954.375,-12500.000000000004,-12500.0,2,-9240.500000000004,-9240.5,True,147
99_96_20230320,99/96,2023-03-20,2023-05-05,46,3971.0305,3930.0,3810.0,3444.499999999999,8555.5,2023-03-29,37,4044.2566,-2395.0,-2425.5,2,1049.499999999999,1018.9999999999991,False,148
99_96_20230330,99/96,2023-03-30,2023-05-12,43,4068.7122,4030.0,3905.0,3404.500000000001,9095.5,2023-04-03,39,4141.2417,-2375.0,-2415.5,2,1029.500000000001,989.0000000000009,False,149
99_96_20230404,99/96,2023-04-04,2023-05-19,45,4119.6626,4080.0,3955.0,3312.0,9188.0,2023-04-17,32,4166.395,-2185.0,-2205.5,2,1127.0,1106.5,False,150
99_96_20230418,99/96,2023-04-18,2023-06-02,45,4171.657,4130.0,4005.0,2886.999999999999,9613.0,2023-05-18,15,4204.8555,-1330.0,-1353.0,2,1556.999999999999,1533.999999999999,False,151
99_96_20230519,99/96,2023-05-19,2023-07-03,45,4208.363,4170.0,4040.0,2714.4999999999995,10285.5,2023-06-02,31,4296.5464,-1214.9999999999998,-1245.4999999999998,2,1499.4999999999998,1468.9999999999998,False,152
99_96_20230605,99/96,2023-06-05,2023-07-21,46,4298.9565,4255.0,4125.0,2734.5,10265.5,2023-06-12,39,4360.6978,-1695.0000000000002,-1715.5000000000002,2,1039.4999999999998,1018.9999999999998,False,153
99_96_20230613,99/96,2023-06-13,2023-07-28,45,4392.9365,4350.0,4215.0,2814.500000000001,10685.5,2023-06-29,29,4413.1484,-2020.0000000000005,-2048.0000000000005,2,794.5000000000005,766.5000000000005,False,154
99_96_20230630,99/96,2023-06-30,2023-08-11,42,4466.4893,4420.0,4290.0,2534.5,10465.5,2023-07-12,30,4493.6704,-1874.9999999999995,-1900.4999999999995,2,659.5000000000005,634.0000000000005,False,155
99_96_20230713,99/96,2023-07-13,2023-08-25,43,4529.744,4480.0,4350.0,2574.5,10425.5,2023-07-19,37,4583.2944,-1795.0,-1820.5,2,779.5,754.0,False,156
99_96_20230720,99/96,2023-07-20,2023-09-01,43,4559.0664,4510.0,4375.0,2804.5,10695.5,2023-07-25,38,4595.108,-2059.9999999999995,-2092.9999999999995,2,744.5000000000005,711.5000000000005,False,157
99_96_20230726,99/96,2023-07-26,2023-09-08,44,4594.926,4550.0,4410.0,2754.500000000001,11245.5,2023-09-08,0,4461.8994,-9247.5,-8810.059999999976,2,-6492.999999999999,-6055.559999999975,True,158
99_96_20230911,99/96,2023-09-11,2023-10-27,46,4514.572,4470.0,4335.0,2939.5,10560.5,2023-10-27,0,4116.6343,-13310.0,-13500.0,2,-10370.5,-10560.5,True,159
99_96_20231030,99/96,2023-10-30,2023-12-15,46,4186.6484,4145.0,4020.0,3514.499999999998,8985.500000000002,2023-11-01,44,4255.1333,-2355.0,-2385.5,2,1159.4999999999982,1128.9999999999982,False,160
99_96_20231102,99/96,2023-11-02,2023-12-15,43,4333.5103,4290.0,4160.0,3149.4999999999995,9850.5,2023-11-03,42,4379.6406,-2330.0,-2353.0,2,819.4999999999995,796.4999999999995,False,161
99_96_20231106,99/96,2023-11-06,2023-12-22,46,4386.5645,4340.0,4210.0,2989.500000000001,10010.5,2023-11-10,42,4436.0977,-2125.0,-2150.5,2,864.5000000000009,839.0000000000009,False,162
99_96_20231113,99/96,2023-11-13,2023-12-29,46,4436.36,4390.0,4260.0,2979.5000000000005,10020.5,2023-11-14,45,4523.058,-1674.9999999999998,-1695.4999999999998,2,1304.5000000000007,1284.0000000000007,False,163
99_96_20231115,99/96,2023-11-15,2023-12-29,44,4521.945,4475.0,4340.0,2887.0,10613.0,2023-11-20,39,4568.4995,-1894.9999999999995,-1915.4999999999995,2,992.0000000000005,971.5000000000005,False,164
99_96_20231121,99/96,2023-11-21,2024-01-05,45,4559.35,4510.0,4375.0,2754.5,10745.5,2023-12-01,35,4616.4526,-1635.0,-1655.5,2,1119.5,1099.0,False,165
99_96_20231204,99/96,2023-12-04,2024-01-19,46,4595.015,4550.0,4410.0,3077.0,10923.0,2023-12-11,39,4647.724,-1975.0,-1990.5,2,1102.0,1086.5,False,166
99_96_20231212,99/96,2023-12-12,2024-01-26,45,4675.7715,4630.0,4490.0,2899.4999999999995,11100.5,2023-12-13,44,4737.7725,-1845.0,-1890.5,2,1054.4999999999995,1008.9999999999995,False,167
99_96_20231214,99/96,2023-12-14,2024-01-29,46,4745.896,4700.0,4555.0,2912.0,11588.0,2023-12-19,41,4792.832,-2114.9999999999995,-2145.4999999999995,2,797.0000000000005,766.5000000000005,False,168
99_96_20231220,99/96,2023-12-20,2024-02-02,44,4725.983,4680.0,4540.0,3089.5,10910.5,2023-12-22,42,4779.099,-2235.0,-2265.5,2,854.5,824.0,False,169
99_96_20231226,99/96,2023-12-26,2024-02-09,45,4808.329,4760.0,4620.0,3104.5,10895.5,2024-01-19,21,4853.6064,-1435.0,-1455.5,2,1669.5,1649.0,False,170
99_96_20240122,99/96,2024-01-22,2024-03-04,42,4873.1577,4825.0,4680.0,2919.5,11580.5,2024-01-25,39,4915.199,-2090.0,-2123.0,2,829.5,796.5,False,171
99_96_20240126,99/96,2024-01-26,2024-03-11,45,4911.4863,4860.0,4720.0,2867.0,11133.0,2024-02-02,38,4975.717,-1780.0,-1813.0,2,1087.0,1054.0,False,172
99_96_20240205,99/96,2024-02-05,2024-03-22,46,4963.814,4910.0,4770.0,3007.0,10993.0,2024-02-07,44,5018.997,-2055.0,-2080.5,2,952.0,926.5,False,173
99_96_20240208,99/96,2024-02-08,2024-03-25,46,5020.9014,4970.0,4820.0,3147.0,11853.0,2024-02-22,32,5099.871,-1625.0,-1650.5,2,1522.0,1496.5,False,174
99_96_20240223,99/96,2024-02-23,2024-04-05,42,5111.6646,5060.0,4910.0,3209.500000000001,11790.5,2024-03-01,35,5155.336,-2109.9999999999995,-2132.9999999999995,2,1099.5000000000014,1076.5000000000014,False,175
99_96_20240304,99/96,2024-03-04,2024-04-19,46,5158.5894,5105.0,4950.0,3439.5,12060.5,2024-03-12,38,5202.5537,-2505.0,-2525.5,2,934.5,914.0,False,176
99_96_20240313,99/96,2024-03-13,2024-04-26,44,5201.6387,5150.0,4995.0,3514.5,11985.5,2024-03-20,37,5260.032,-2210.0,-2238.0,2,1304.5,1276.5,False,177
99_96_20240321,99/96,2024-03-21,2024-05-03,43,5276.9688,5225.0,5070.0,3487.0,12013.0,2024-05-03,0,5134.2485,-9707.5,-9075.15000000003,2,-6220.5,-5588.150000000031,True,178
99_96_20240506,99/96,2024-05-06,2024-06-21,46,5204.0996,5150.0,4995.0,3679.5000000000005,11820.5,2024-05-09,43,5242.598,-2740.0,-2758.0,2,939.5000000000005,921.5000000000005,False,179
99_96_20240510,99/96,2024-05-10,2024-06-24,45,5244.7485,5190.0,5030.0,3429.5,12570.5,2024-05-15,40,5327.5786,-1735.0,-1780.5,2,1694.5,1649.0,False,180
99_96_20240516,99/96,2024-05-16,2024-07-01,46,5323.4785,5270.0,5110.0,3284.5,12715.5,2024-06-05,26,5368.8066,-1990.0,-2018.0,2,1294.5,1266.5,False,181
99_96_20240606,99/96,2024-06-06,2024-07-19,43,5383.4033,5330.0,5170.0,3387.0,12613.0,2024-06-12,37,5452.8438,-1790.0,-1818.0,2,1597.0,1569.0,False,182
99_96_20240613,99/96,2024-06-13,2024-07-26,43,5463.6553,5410.0,5245.0,3212.0000000000005,13288.0,2024-06-18,38,5521.9814,-2220.0000000000005,-2248.0000000000005,2,992.0,964.0,False,183
99_96_20240620,99/96,2024-06-20,2024-08-02,43,5506.71,5450.0,5285.0,3544.4999999999995,12955.5,2024-07-02,31,5532.1665,-2370.0,-2393.0,2,1174.4999999999995,1151.4999999999995,False,184
99_96_20240703,99/96,2024-07-03,2024-08-16,44,5565.8013,5510.0,5345.0,3244.5,13255.5,2024-07-10,37,5658.4346,-1785.0,-1805.5,2,1459.5,1439.0,False,185
99_96_20240711,99/96,2024-07-11,2024-08-23,43,5618.8887,5560.0,5390.0,3457.0,13543.0,2024-07-16,38,5694.369,-2124.9999999999995,-2155.4999999999995,2,1332.0000000000005,1301.5000000000005,False,186
99_96_20240717,99/96,2024-07-17,2024-08-30,44,5624.6235,5570.0,5400.0,3797.0000000000005,13203.0,2024-08-19,11,5611.4214,-2605.0000000000005,-2630.5000000000005,2,1192.0,1166.5,False,187
99_96_20240820,99/96,2024-08-20,2024-10-04,45,5635.1577,5580.0,5410.0,3649.500000000001,13350.5,2024-09-19,15,5722.3936,-1375.0,-1400.5,2,2274.500000000001,2249.000000000001,False,188
99_96_20240920,99/96,2024-09-20,2024-11-05,46,5728.6133,5675.0,5500.0,3649.500000000001,13850.5,2024-10-09,27,5805.2734,-2240.0,-2298.0,2,1409.500000000001,1351.500000000001,False,189
99_96_20241010,99/96,2024-10-10,2024-11-22,43,5809.2217,5750.0,5575.0,4039.5,13460.5,2024-10-14,39,5888.7236,-2954.999999999999,-2990.499999999999,2,1084.500000000001,1049.000000000001,False,190
99_96_20241015,99/96,2024-10-15,2024-11-29,45,5845.6997,5785.0,5610.0,4034.500000000001,13465.5,2024-11-06,23,5943.2456,-1690.0,-1723.0,2,2344.500000000001,2311.500000000001,False,191
99_96_20241107,99/96,2024-11-07,2024-12-20,43,6006.7646,5945.0,5765.0,3769.5000000000005,14230.5,2024-11-25,25,6010.713,-2795.000000000001,-2815.500000000001,2,974.4999999999995,953.9999999999995,False,192
99_96_20241126,99/96,2024-11-26,2025-01-10,45,6061.3438,6000.0,5820.0,3366.9999999999995,14633.0,2024-12-04,37,6115.3496,-2210.000000000001,-2238.000000000001,2,1156.9999999999986,1128.9999999999986,False,193
99_96_20241205,99/96,2024-12-05,2025-01-17,43,6109.4326,6050.0,5865.0,3412.000000000001,15088.0,2025-01-17,0,6002.1567,-5297.5,-4784.330000000045,2,-1885.499999999999,-1372.3300000000445,True,194
99_96_20250121,99/96,2025-01-21,2025-03-07,45,6080.2563,6020.0,5835.0,3989.5000000000023,14510.499999999998,2025-02-13,22,6124.749,-2304.9999999999995,-2325.4999999999995,2,1684.5000000000027,1664.0000000000027,False,195
99_96_20250214,99/96,2025-02-14,2025-03-31,45,6138.5884,6075.0,5895.0,3649.5,14350.5,2025-03-31,0,5616.1416,-17920.000000000004,-18000.000000000004,2,-14270.500000000004,-14350.500000000004,True,196
99_96_20250401,99/96,2025-04-01,2025-05-16,45,5656.3364,5600.0,5430.0,4631.999999999999,12368.0,2025-05-02,14,5693.094,-3049.9999999999995,-3072.9999999999995,2,1581.9999999999995,1558.9999999999995,False,197
99_96_20250505,99/96,2025-05-05,2025-06-20,46,5668.4316,5610.0,5440.0,4624.500000000002,12375.499999999998,2025-05-12,39,5864.205,-2095.0,-2120.5,2,2529.500000000002,2504.000000000002,False,198
99_96_20250513,99/96,2025-05-13,2025-06-27,45,5905.9346,5840.0,5670.0,3781.9999999999973,13218.000000000004,2025-06-02,25,5956.0947,-2805.0,-2830.5,2,976.9999999999973,951.4999999999973,False,199
99_96_20250603,99/96,2025-06-03,2025-07-18,45,5995.8994,5935.0,5755.0,4212.0,13788.0,2025-06-12,36,6065.5366,-2984.999999999999,-3005.499999999999,2,1227.000000000001,1206.500000000001,False,200
99_96_20250613,99/96,2025-06-13,2025-07-25,42,6009.7295,5950.0,5770.0,4164.5,13835.5,2025-06-24,31,6112.41,-2380.0,-2403.0,2,1784.5,1761.5,False,201
99_96_20250625,99/96,2025-06-25,2025-08-08,44,6122.4976,6060.0,5880.0,4061.999999999998,13938.000000000002,2025-06-30,39,6223.4194,-2769.9999999999995,-2797.9999999999995,2,1291.9999999999986,1263.9999999999986,False,202
99_96_20250701,99/96,2025-07-01,2025-08-15,45,6224.6846,6160.0,5975.0,4267.0,14233.0,2025-07-09,37,6289.333,-3115.000000000001,-3130.500000000001,2,1151.999999999999,1136.499999999999,False,203
99_96_20250710,99/96,2025-07-10,2025-08-22,43,6303.206,6240.0,6050.0,4232.0,14768.0,2025-07-23,30,6386.3755,-2485.0,-2510.5,2,1747.0,1721.5,False,204
99_96_20250724,99/96,2025-07-24,2025-09-08,46,6395.661,6325.0,6150.0,3664.499999999998,13835.500000000002,2025-08-12,27,6458.2393,-2109.999999999999,-2132.999999999999,2,1554.499999999999,1531.499999999999,False,205
99_96_20250813,99/96,2025-08-13,2025-09-26,44,6491.9004,6425.0,6230.0,3722.0,15778.0,2025-09-04,22,6519.684,-2595.0,-2630.5,2,1127.0,1091.5,False,206
99_96_20250905,99/96,2025-09-05,2025-10-17,42,6506.5156,6440.0,6245.0,3806.999999999999,15693.0,2025-09-11,36,6609.756,-2330.0000000000005,-2348.0000000000005,2,1476.9999999999986,1458.9999999999986,False,207
99_96_20250912,99/96,2025-09-12,2025-10-24,42,6611.406,6550.0,6350.0,3979.499999999999,16020.5,2025-09-19,35,6687.361,-2895.0,-2920.5,2,1084.499999999999,1058.999999999999,False,208
99_96_20250922,99/96,2025-09-22,2025-11-07,46,6723.7183,6660.0,6450.0,4634.5,16365.5,2025-10-08,30,6779.656,-3195.0,-3220.5,2,1439.5,1414.0,False,209
99_96_20251009,99/96,2025-10-09,2025-11-21,43,6761.87,6695.0,6490.0,4499.5,16000.5,2025-10-24,28,6808.2783,-3165.000000000001,-3185.500000000001,2,1334.499999999999,1313.999999999999,False,210
99_96_20251027,99/96,2025-10-27,2025-12-12,46,6905.6094,6840.0,6630.0,4784.500000000002,16215.499999999998,2025-12-05,7,6876.1025,-2875.0,-2890.5,2,1909.5000000000018,1894.0000000000018,False,211
99_96_20251208,99/96,2025-12-08,2026-01-22,45,6878.586,6800.0,6600.0,4476.999999999998,15523.000000000002,2025-12-22,31,6898.083,-3050.0,-3073.0,2,1426.9999999999982,1403.9999999999982,False,212
99_96_20251223,99/96,2025-12-23,2026-02-06,45,6936.313,6870.0,6660.0,4442.0,16558.0,2026-01-09,28,6982.673,-3070.0,-3093.0,2,1372.0,1349.0,False,213
99_96_20260112,99/96,2026-01-12,2026-02-27,46,7005.0625,6935.0,6725.0,4499.499999999999,16500.5,2026-02-25,2,6951.656,-2427.5,-2444.25,2,2071.999999999999,2055.249999999999,False,214
99_96_20260226,99/96,2026-02-26,2026-04-10,43,6931.0366,6860.0,6650.0,4589.499999999999,16410.5,2026-04-10,0,6824.103,-4302.5,-3589.6999999999935,2,286.9999999999991,999.8000000000056,True,215
99_96_20260413,99/96,2026-04-13,2026-05-29,46,6912.1987,6845.0,6635.0,4759.500000000001,16240.5,2026-04-15,44,7043.8794,-3330.0,-3363.0,2,1429.500000000001,1396.500000000001,False,216
99_96_20260416,99/96,2026-04-16,2026-06-01,46,7063.826,7000.0,6775.0,5209.499999999999,17290.5,2026-04-24,38,7180.6187,-3740.000000000001,-3773.000000000001,2,1469.4999999999982,1436.4999999999982,False,217
99_96_20260427,99/96,2026-04-27,2026-06-12,46,7200.6787,7130.0,6910.0,5339.500000000001,16660.5,2026-05-05,38,7286.187,-3885.0,-3915.5,2,1454.500000000001,1424.000000000001,False,218
99_96_20260506,99/96,2026-05-06,2026-06-18,43,7394.0137,7320.0,7100.0,5272.000000000002,16728.0,2026-05-14,35,7526.925,-3370.0,-3393.0,2,1902.0000000000018,1879.0000000000018,False,219
99_96_20260515,99/96,2026-05-15,2026-06-29,45,7424.8,7350.0,7125.0,5511.999999999998,16988.0,2026-05-22,38,7499.6846,-4015.000000000001,-4050.500000000001,2,1496.9999999999973,1461.4999999999973,False,220
99_96_20260526,99/96,2026-05-26,2026-07-10,45,7549.747,7475.0,7250.0,5564.500000000002,16935.5,2026-06-01,39,7629.9326,-3865.000000000001,-3890.500000000001,2,1699.500000000001,1674.000000000001,False,221
99_96_20260602,99/96,2026-06-02,2026-07-17,45,7646.981,7570.0,7340.0,5297.0,17703.0,2026-07-10,7,7581.3877,-3155.0,-3170.5,2,2142.0,2126.5,False,222
99_96_20260713,99/96,2026-07-13,2026-08-28,46,7547.0938,7470.0,7250.0,5139.499999999998,16860.5,2026-08-03,25,7619.197,-3000.0000000000005,-3023.0000000000005,2,2139.4999999999977,2116.4999999999977,False,223
99_96_20260804,99/96,2026-08-04,2026-09-18,45,7774.02,7695.0,7465.0,5624.499999999999,17375.5,2026-08-13,36,7822.1787,-4025.0000000000005,-4050.5000000000005,2,1599.4999999999986,1573.9999999999986,False,224
99_96_20260814,99/96,2026-08-14,2026-09-28,45,7807.5303,7725.0,7500.0,4954.5,17545.5,2026-09-21,7,7768.7495,-2125.0000000000005,-2140.5000000000005,2,2829.4999999999995,2813.9999999999995,False,225
