entry_date,structure,reason
2020-06-29,103/100,invalid credit or max loss
2020-08-24,,No expiration within 4 days of 45 DTE
2020-08-25,,No expiration within 4 days of 45 DTE
2020-08-26,,No expiration within 4 days of 45 DTE
2021-08-23,,No expiration within 4 days of 45 DTE
2021-08-24,,No expiration within 4 days of 45 DTE
2021-08-25,,No expiration within 4 days of 45 DTE
2022-01-24,,No expiration within 4 days of 45 DTE
2022-01-25,,No expiration within 4 days of 45 DTE
2022-01-26,,No expiration within 4 days of 45 DTE
2022-02-22,,No expiration within 4 days of 45 DTE
2022-02-23,,No expiration within 4 days of 45 DTE
2022-05-23,,No expiration within 4 days of 45 DTE
2022-05-24,,No expiration within 4 days of 45 DTE
2022-05-25,,No expiration within 4 days of 45 DTE
2022-10-24,,No expiration within 4 days of 45 DTE
2022-10-25,,No expiration within 4 days of 45 DTE
2023-01-23,,No expiration within 4 days of 45 DTE
2023-01-24,,No expiration within 4 days of 45 DTE
2023-02-21,,No expiration within 4 days of 45 DTE
2023-02-22,,No expiration within 4 days of 45 DTE
2023-07-24,,No expiration within 4 days of 45 DTE
2023-07-25,,No expiration within 4 days of 45 DTE
2023-10-23,,No expiration within 4 days of 45 DTE
2025-03-24,,No expiration within 4 days of 45 DTE
2026-02-19,,No expiration within 4 days of 45 DTE
