spread,notional_multiple,fill,portfolio,first_entry,last_expiration,trades,daily_observations,elapsed_years,initial_equity,ending_equity,total_return,cagr,daily_sharpe,daily_annualized_volatility,max_drawdown_daily,worst_day,worst_week,best_day,best_week
98/95,1.0,realistic,98/95 at 100%,2024-01-05,2026-09-18,141,678,2.702314215897657,1000000.0,1160701.3947238612,0.16070139472386114,0.056695918381854726,1.7506112605200341,0.031934869505413244,-0.032834646705400594,-0.017232233273937525,-0.025861235117257464,0.015828232733962277,0.007537326847654402
98/95,1.0,natural,98/95 at 100%,2024-01-05,2026-09-18,141,678,2.702314215897657,1000000.0,1157526.2177965818,0.1575262177965817,0.05562529627940993,1.7174955298636971,0.03195812368722272,-0.03298334501653288,-0.017382670780940135,-0.025879153245932818,0.015801697915548196,0.007384589802107877
98/95,2.0,realistic,98/95 at 200%,2024-01-05,2026-09-18,141,678,2.702314215897657,1000000.0,1344584.1428325337,0.3445841428325336,0.11579495718940325,1.7482887505829812,0.0641384486187806,-0.06524259696971102,-0.034769746042406124,-0.05172247023451504,0.03211157159652478,0.015074653695308804
98/95,2.0,natural,98/95 at 200%,2024-01-05,2026-09-18,141,678,2.702314215897657,1000000.0,1337250.7766564707,0.33725077665647074,0.1135391001746271,1.715379847514814,0.06418529088761926,-0.06553196783144333,-0.03506594924272399,-0.051758306491865747,0.032058666012952264,0.014769179604215532
96/93,1.0,realistic,96/93 at 100%,2024-01-05,2026-09-18,141,678,2.702314215897657,1000000.0,1046274.3057450763,0.046274305745076294,0.016880460105253903,0.8742263317845759,0.01945137072546769,-0.03231068706208484,-0.02616635389205524,-0.028914036290335066,0.006951438564077428,0.005364519199716478
96/93,1.0,natural,96/93 at 100%,2024-01-05,2026-09-18,141,678,2.702314215897657,1000000.0,1044074.7358368725,0.04407473583687249,0.016088844997813156,0.831559583054553,0.019510112687638154,-0.0324355132701466,-0.02629164694324082,-0.028934194185094797,0.006952330997491485,0.005236417161516016
96/93,2.0,realistic,96/93 at 200%,2024-01-05,2026-09-18,141,678,2.702314215897657,1000000.0,1093591.7138120972,0.09359171381209719,0.03366186668098803,0.8727404497171722,0.03899562643148058,-0.0644095274211095,-0.052480482241817006,-0.0578280725806698,0.013931434959908895,0.010729038399432733
96/93,2.0,natural,96/93 at 200%,2024-01-05,2026-09-18,141,678,2.702314215897657,1000000.0,1089001.9799390712,0.08900197993907133,0.032054370394674736,0.8303173485419705,0.039110843895095365,-0.06465263843661817,-0.05272542273296932,-0.057868388370189594,0.013935019835892737,0.010472834323032032
97/94,1.0,realistic,97/94 at 100%,2024-01-05,2026-09-18,141,678,2.702314215897657,1000000.0,1097837.4781933685,0.09783747819336863,0.03514511219119809,1.5196344562070832,0.023006473574652107,-0.03169372990191632,-0.021568124441558423,-0.02680641640488668,0.010852583989074294,0.006246452462711716
97/94,1.0,natural,97/94 at 100%,2024-01-05,2026-09-18,141,678,2.702314215897657,1000000.0,1095273.0038610592,0.09527300386105919,0.03424965358010801,1.4791638679500398,0.023048883509350793,-0.03183307917255507,-0.021708428908644217,-0.02682881406573112,0.010834942308157736,0.006103569420103483
97/94,2.0,realistic,97/94 at 200%,2024-01-05,2026-09-18,141,678,2.702314215897657,1000000.0,1203837.9246091258,0.20383792460912575,0.07106161009679024,1.516744876276644,0.04617524604322385,-0.0630939124532024,-0.043368148601142464,-0.05361283280977347,0.02188293646971684,0.01249290492542321
97/94,2.0,natural,97/94 at 200%,2024-01-05,2026-09-18,141,678,2.702314215897657,1000000.0,1198227.331153724,0.19822733115372415,0.06921166830191394,1.4765360592199015,0.04625920863856714,-0.06336556620066958,-0.04364355327395664,-0.05365762813146191,0.02184784983055188,0.012207138840206966
