entry_date,expiration_date,spot_entry,spot_expiration,short_source_candidate_id,long_source_candidate_id,short_symbol,long_symbol,short_strike,long_strike,short_bid,long_bid,short_ask,long_ask,spread
2024-01-05,2024-01-12,4697.240234375,4783.830078125,20240105_s098_w03,20240105_s098_w03,SPXW  240112P04605000,SPXW  240112P04460000,4605.0,4460.0,4.0,0.65,4.2,0.75,98/95
2024-01-12,2024-01-19,4783.830078125,4839.81005859375,20240112_s098_w03,20240112_s098_w03,SPXW  240119P04690000,SPXW  240119P04545000,4690.0,4545.0,3.2,0.8,3.4,0.9,98/95
2024-01-19,2024-01-26,4839.81005859375,4890.97021484375,20240119_s098_w03,20240119_s098_w03,SPXW  240126P04745000,SPXW  240126P04600000,4745.0,4600.0,3.4,0.6,3.7,0.7,98/95
2024-01-26,2024-02-02,4890.97021484375,4958.60986328125,20240126_s098_w03,20240126_s098_w03,SPXW  240202P04795000,SPXW  240202P04645000,4795.0,4645.0,6.1,0.9,6.3,1.0,98/95
2024-02-02,2024-02-09,4958.60986328125,5026.60986328125,20240202_s098_w03,20240202_s098_w03,SPXW  240209P04860000,SPXW  240209P04710000,4860.0,4710.0,4.8,1.1,5.0,1.2,98/95
2024-02-09,2024-02-16,5026.60986328125,5005.56982421875,20240209_s098_w03,20240209_s098_w03,SPXW  240216P04925000,SPXW  240216P04775000,4925.0,4775.0,4.0,1.1,4.2,1.2,98/95
2024-02-16,2024-02-23,5005.56982421875,5088.7998046875,20240216_s098_w03,20240216_s098_w03,SPXW  240223P04905000,SPXW  240223P04755000,4905.0,4755.0,5.2,1.0,5.4,1.1,98/95
2024-02-23,2024-03-01,5088.7998046875,5137.080078125,20240223_s098_w03,20240223_s098_w03,SPXW  240301P04985000,SPXW  240301P04835000,4985.0,4835.0,4.0,0.9,4.2,1.0,98/95
2024-03-01,2024-03-08,5137.080078125,5123.68994140625,20240301_s098_w03,20240301_s098_w03,SPXW  240308P05035000,SPXW  240308P04880000,5035.0,4880.0,4.2,0.85,4.4,0.95,98/95
2024-03-08,2024-03-15,5123.68994140625,5117.08984375,20240308_s098_w03,20240308_s098_w03,SPXW  240315P05020000,SPXW  240315P04870000,5020.0,4870.0,7.7,1.95,8.0,2.05,98/95
2024-03-15,2024-03-22,5117.08984375,5234.18017578125,20240315_s098_w03,20240315_s098_w03,SPXW  240322P05015000,SPXW  240322P04860000,5015.0,4860.0,7.6,1.0,7.9,1.1,98/95
2024-03-22,2024-03-28,5234.18017578125,5254.35009765625,20240322_s098_w03,20240322_s098_w03,SPXW  240328P05130000,SPXW  240328P04970000,5130.0,4970.0,2.55,0.55,2.75,0.65,98/95
2024-03-28,2024-04-05,5254.35009765625,5204.33984375,20240328_s098_w03,20240328_s098_w03,SPXW  240405P05150000,SPXW  240405P04990000,5150.0,4990.0,3.7,0.7,3.9,0.85,98/95
2024-04-05,2024-04-12,5204.33984375,5123.41015625,20240405_s098_w03,20240405_s098_w03,SPXW  240412P05100000,SPXW  240412P04945000,5100.0,4945.0,11.5,2.15,11.8,2.3,98/95
2024-04-12,2024-04-19,5123.41015625,4967.22998046875,20240412_s098_w03,20240412_s098_w03,SPXW  240419P05020000,SPXW  240419P04865000,5020.0,4865.0,12.9,2.85,13.3,3.0,98/95
2024-04-19,2024-04-26,4967.22998046875,5099.9599609375,20240419_s098_w03,20240419_s098_w03,SPXW  240426P04870000,SPXW  240426P04720000,4870.0,4720.0,13.6,2.15,14.0,2.25,98/95
2024-04-26,2024-05-03,5099.9599609375,5127.7900390625,20240426_s098_w03,20240426_s098_w03,SPXW  240503P05000000,SPXW  240503P04840000,5000.0,4840.0,9.9,1.15,10.2,1.25,98/95
2024-05-03,2024-05-10,5127.7900390625,5222.68017578125,20240503_s098_w03,20240503_s098_w03,SPXW  240510P05025000,SPXW  240510P04870000,5025.0,4870.0,3.5,0.5,3.7,0.6,98/95
2024-05-10,2024-05-17,5222.68017578125,5303.27001953125,20240510_s098_w03,20240510_s098_w03,SPXW  240517P05120000,SPXW  240517P04960000,5120.0,4960.0,5.2,0.55,5.4,0.65,98/95
2024-05-17,2024-05-24,5303.27001953125,5304.72021484375,20240517_s098_w03,20240517_s098_w03,SPXW  240524P05195000,SPXW  240524P05040000,5195.0,5040.0,2.3,0.3,2.4,0.4,98/95
2024-05-24,2024-05-31,5304.72021484375,5277.509765625,20240524_s098_w03,20240524_s098_w03,SPXW  240531P05200000,SPXW  240531P05040000,5200.0,5040.0,2.2,0.5,2.35,0.6,98/95
2024-05-31,2024-06-07,5277.509765625,5346.990234375,20240531_s098_w03,20240531_s098_w03,SPXW  240607P05170000,SPXW  240607P05015000,5170.0,5015.0,3.2,0.4,3.5,0.5,98/95
2024-06-07,2024-06-14,5346.990234375,5431.60009765625,20240607_s098_w03,20240607_s098_w03,SPXW  240614P05240000,SPXW  240614P05080000,5240.0,5080.0,6.4,0.65,6.6,0.75,98/95
2024-06-14,2024-06-21,5431.60009765625,5464.6201171875,20240614_s098_w03,20240614_s098_w03,SPXW  240621P05325000,SPXW  240621P05160000,5325.0,5160.0,3.8,1.1,4.0,1.2,98/95
2024-06-21,2024-06-28,5464.6201171875,5460.47998046875,20240621_s098_w03,20240621_s098_w03,SPXW  240628P05355000,SPXW  240628P05190000,5355.0,5190.0,3.2,0.5,3.4,0.6,98/95
2024-06-28,2024-07-05,5460.47998046875,5567.18994140625,20240628_s098_w03,20240628_s098_w03,SPXW  240705P05350000,SPXW  240705P05185000,5350.0,5185.0,2.25,0.45,2.4,0.6,98/95
2024-07-05,2024-07-12,5567.18994140625,5615.35009765625,20240705_s098_w03,20240705_s098_w03,SPXW  240712P05455000,SPXW  240712P05290000,5455.0,5290.0,3.6,0.8,3.8,0.95,98/95
2024-07-12,2024-07-19,5615.35009765625,5505.0,20240712_s098_w03,20240712_s098_w03,SPXW  240719P05505000,SPXW  240719P05335000,5505.0,5335.0,3.0,0.75,3.3,0.9,98/95
2024-07-19,2024-07-26,5505.0,5459.10009765625,20240719_s098_w03,20240719_s098_w03,SPXW  240726P05395000,SPXW  240726P05230000,5395.0,5230.0,8.3,1.35,8.5,1.5,98/95
2024-07-26,2024-08-02,5459.10009765625,5346.56005859375,20240726_s098_w03,20240726_s098_w03,SPXW  240802P05350000,SPXW  240802P05185000,5350.0,5185.0,14.3,2.0,14.6,2.15,98/95
2024-08-02,2024-08-09,5346.56005859375,5344.16015625,20240802_s098_w03,20240802_s098_w03,SPXW  240809P05240000,SPXW  240809P05080000,5240.0,5080.0,25.8,6.0,26.7,6.5,98/95
2024-08-09,2024-08-16,5344.16015625,5554.25,20240809_s098_w03,20240809_s098_w03,SPXW  240816P05235000,SPXW  240816P05075000,5235.0,5075.0,21.6,5.1,22.1,5.4,98/95
2024-08-16,2024-08-23,5554.25,5634.60986328125,20240816_s098_w03,20240816_s098_w03,SPXW  240823P05445000,SPXW  240823P05275000,5445.0,5275.0,6.2,0.95,6.5,1.05,98/95
2024-08-23,2024-08-30,5634.60986328125,5648.39990234375,20240823_s098_w03,20240823_s098_w03,SPXW  240830P05520000,SPXW  240830P05355000,5520.0,5355.0,7.4,1.1,7.7,1.2,98/95
2024-08-30,2024-09-06,5648.39990234375,5408.419921875,20240830_s098_w03,20240830_s098_w03,SPXW  240906P05535000,SPXW  240906P05365000,5535.0,5365.0,6.7,0.75,6.9,0.85,98/95
2024-09-06,2024-09-13,5408.419921875,5626.02001953125,20240906_s098_w03,20240906_s098_w03,SPXW  240913P05300000,SPXW  240913P05140000,5300.0,5140.0,23.4,5.6,23.8,5.9,98/95
2024-09-13,2024-09-20,5626.02001953125,5702.5498046875,20240913_s098_w03,20240913_s098_w03,SPXW  240920P05515000,SPXW  240920P05345000,5515.0,5345.0,13.3,3.0,13.6,3.2,98/95
2024-09-20,2024-09-27,5702.5498046875,5738.169921875,20240920_s098_w03,20240920_s098_w03,SPXW  240927P05590000,SPXW  240927P05415000,5590.0,5415.0,7.3,1.05,7.5,1.2,98/95
2024-09-27,2024-10-04,5738.169921875,5751.06982421875,20240927_s098_w03,20240927_s098_w03,SPXW  241004P05625000,SPXW  241004P05450000,5625.0,5450.0,12.8,1.95,13.0,2.05,98/95
2024-10-04,2024-10-11,5751.06982421875,5815.02978515625,20241004_s098_w03,20241004_s098_w03,SPXW  241011P05635000,SPXW  241011P05465000,5635.0,5465.0,13.5,3.3,13.9,3.5,98/95
2024-10-11,2024-10-18,5815.02978515625,5864.669921875,20241011_s098_w03,20241011_s098_w03,SPXW  241018P05700000,SPXW  241018P05525000,5700.0,5525.0,9.6,2.5,9.8,2.65,98/95
2024-10-18,2024-10-25,5864.669921875,5808.1201171875,20241018_s098_w03,20241018_s098_w03,SPXW  241025P05745000,SPXW  241025P05570000,5745.0,5570.0,4.4,0.9,4.6,1.0,98/95
2024-10-25,2024-11-01,5808.1201171875,5728.7998046875,20241025_s098_w03,20241025_s098_w03,SPXW  241101P05690000,SPXW  241101P05520000,5690.0,5520.0,14.8,3.2,15.1,3.4,98/95
2024-11-01,2024-11-08,5728.7998046875,5995.5400390625,20241101_s098_w03,20241101_s098_w03,SPXW  241108P05615000,SPXW  241108P05440000,5615.0,5440.0,31.4,7.4,31.8,7.6,98/95
2024-11-08,2024-11-15,5995.5400390625,5870.6201171875,20241108_s098_w03,20241108_s098_w03,SPXW  241115P05875000,SPXW  241115P05695000,5875.0,5695.0,6.9,1.75,7.1,1.85,98/95
2024-11-15,2024-11-22,5870.6201171875,5969.33984375,20241115_s098_w03,20241115_s098_w03,SPXW  241122P05755000,SPXW  241122P05575000,5755.0,5575.0,10.5,1.9,10.8,2.0,98/95
2024-11-22,2024-11-29,5969.33984375,6032.3798828125,20241122_s098_w03,20241122_s098_w03,SPXW  241129P05850000,SPXW  241129P05670000,5850.0,5670.0,4.5,0.75,4.7,0.85,98/95
2024-11-29,2024-12-06,6032.3798828125,6090.27001953125,20241129_s098_w03,20241129_s098_w03,SPXW  241206P05910000,SPXW  241206P05730000,5910.0,5730.0,3.8,0.4,4.0,0.5,98/95
2024-12-06,2024-12-13,6090.27001953125,6051.08984375,20241206_s098_w03,20241206_s098_w03,SPXW  241213P05970000,SPXW  241213P05785000,5970.0,5785.0,3.0,0.65,3.2,0.75,98/95
2024-12-13,2024-12-20,6051.08984375,5930.85009765625,20241213_s098_w03,20241213_s098_w03,SPXW  241220P05930000,SPXW  241220P05750000,5930.0,5750.0,5.5,1.25,5.7,1.35,98/95
2024-12-20,2024-12-27,5930.85009765625,5970.83984375,20241220_s098_w03,20241220_s098_w03,SPXW  241227P05810000,SPXW  241227P05635000,5810.0,5635.0,14.0,2.9,14.3,3.1,98/95
2024-12-27,2025-01-03,5970.83984375,5942.47021484375,20241227_s098_w03,20241227_s098_w03,SPXW  250103P05850000,SPXW  250103P05670000,5850.0,5670.0,6.6,0.85,6.8,0.9,98/95
2025-01-03,2025-01-10,5942.47021484375,5827.0400390625,20250103_s098_w03,20250103_s098_w03,SPXW  250110P05825000,SPXW  250110P05650000,5825.0,5650.0,8.4,0.75,8.6,0.85,98/95
2025-01-10,2025-01-17,5827.0400390625,5996.66015625,20250110_s098_w03,20250110_s098_w03,SPXW  250117P05710000,SPXW  250117P05535000,5710.0,5535.0,17.6,3.0,17.9,3.2,98/95
2025-01-17,2025-01-24,5996.66015625,6101.240234375,20250117_s098_w03,20250117_s098_w03,SPXW  250124P05875000,SPXW  250124P05695000,5875.0,5695.0,8.8,1.05,9.0,1.15,98/95
2025-01-24,2025-01-31,6101.240234375,6040.52978515625,20250124_s098_w03,20250124_s098_w03,SPXW  250131P05980000,SPXW  250131P05795000,5980.0,5795.0,7.6,0.65,7.8,0.8,98/95
2025-01-31,2025-02-07,6040.52978515625,6025.990234375,20250131_s098_w03,20250131_s098_w03,SPXW  250207P05920000,SPXW  250207P05740000,5920.0,5740.0,14.1,1.6,14.4,1.75,98/95
2025-02-07,2025-02-14,6025.990234375,6114.6298828125,20250207_s098_w03,20250207_s098_w03,SPXW  250214P05905000,SPXW  250214P05725000,5905.0,5725.0,11.6,1.65,11.8,1.75,98/95
2025-02-14,2025-02-21,6114.6298828125,6013.1298828125,20250214_s098_w03,20250214_s098_w03,SPXW  250221P05990000,SPXW  250221P05810000,5990.0,5810.0,5.3,1.15,5.5,1.25,98/95
2025-02-21,2025-02-28,6013.1298828125,5954.5,20250221_s098_w03,20250221_s098_w03,SPXW  250228P05895000,SPXW  250228P05710000,5895.0,5710.0,15.7,3.5,15.9,3.6,98/95
2025-02-28,2025-03-07,5954.5,5770.2001953125,20250228_s098_w03,20250228_s098_w03,SPXW  250307P05835000,SPXW  250307P05655000,5835.0,5655.0,22.7,3.8,23.1,4.0,98/95
2025-03-07,2025-03-14,5770.2001953125,5638.93994140625,20250307_s098_w03,20250307_s098_w03,SPXW  250314P05655000,SPXW  250314P05480000,5655.0,5480.0,33.3,7.5,33.7,7.8,98/95
2025-03-14,2025-03-21,5638.93994140625,5667.56005859375,20250314_s098_w03,20250314_s098_w03,SPXW  250321P05525000,SPXW  250321P05355000,5525.0,5355.0,30.5,7.1,30.9,7.3,98/95
2025-03-21,2025-03-28,5667.56005859375,5580.93994140625,20250321_s098_w03,20250321_s098_w03,SPXW  250328P05555000,SPXW  250328P05385000,5555.0,5385.0,16.9,2.2,17.1,2.35,98/95
2025-03-28,2025-04-04,5580.93994140625,5074.080078125,20250328_s098_w03,20250328_s098_w03,SPXW  250404P05470000,SPXW  250404P05300000,5470.0,5300.0,31.8,6.1,32.1,6.2,98/95
2025-04-04,2025-04-11,5074.080078125,5363.35986328125,20250404_s098_w03,20250404_s098_w03,SPXW  250411P04975000,SPXW  250411P04825000,4975.0,4825.0,109.1,70.2,110.8,71.6,98/95
2025-04-11,2025-04-17,5363.35986328125,5282.7001953125,20250411_s098_w03,20250411_s098_w03,SPXW  250417P05255000,SPXW  250417P05095000,5255.0,5095.0,71.6,38.2,72.4,38.8,98/95
2025-04-17,2025-04-25,5282.7001953125,5525.2099609375,20250417_s098_w03,20250417_s098_w03,SPXW  250425P05175000,SPXW  250425P05020000,5175.0,5020.0,37.8,12.7,38.4,13.0,98/95
2025-04-25,2025-05-02,5525.2099609375,5686.669921875,20250425_s098_w03,20250425_s098_w03,SPXW  250502P05415000,SPXW  250502P05250000,5415.0,5250.0,32.4,9.4,33.1,9.9,98/95
2025-05-02,2025-05-09,5686.669921875,5659.91015625,20250502_s098_w03,20250502_s098_w03,SPXW  250509P05575000,SPXW  250509P05400000,5575.0,5400.0,24.6,6.3,24.9,6.5,98/95
2025-05-09,2025-05-16,5659.91015625,5958.3798828125,20250509_s098_w03,20250509_s098_w03,SPXW  250516P05545000,SPXW  250516P05375000,5545.0,5375.0,24.4,4.6,24.8,5.0,98/95
2025-05-16,2025-05-23,5958.3798828125,5802.81982421875,20250516_s098_w03,20250516_s098_w03,SPXW  250523P05835000,SPXW  250523P05665000,5835.0,5665.0,10.5,1.05,10.8,1.2,98/95
2025-05-23,2025-05-30,5802.81982421875,5911.68994140625,20250523_s098_w03,20250523_s098_w03,SPXW  250530P05685000,SPXW  250530P05515000,5685.0,5515.0,22.9,5.0,23.3,5.3,98/95
2025-05-30,2025-06-06,5911.68994140625,6000.35986328125,20250530_s098_w03,20250530_s098_w03,SPXW  250606P05795000,SPXW  250606P05615000,5795.0,5615.0,16.8,1.9,17.2,2.05,98/95
2025-06-06,2025-06-13,6000.35986328125,5976.97021484375,20250606_s098_w03,20250606_s098_w03,SPXW  250613P05880000,SPXW  250613P05700000,5880.0,5700.0,10.0,1.1,10.2,1.2,98/95
2025-06-13,2025-06-20,5976.97021484375,5967.83984375,20250613_s098_w03,20250613_s098_w03,SPXW  250620P05855000,SPXW  250620P05680000,5855.0,5680.0,19.9,5.4,20.2,5.7,98/95
2025-06-20,2025-06-27,5967.83984375,6173.06982421875,20250620_s098_w03,20250620_s098_w03,SPXW  250627P05850000,SPXW  250627P05670000,5850.0,5670.0,18.5,4.6,18.8,4.8,98/95
2025-06-27,2025-07-03,6173.06982421875,6279.35009765625,20250627_s098_w03,20250627_s098_w03,SPXW  250703P06050000,SPXW  250703P05865000,6050.0,5865.0,6.2,0.65,6.5,0.75,98/95
2025-07-03,2025-07-11,6279.35009765625,6259.75,20250703_s098_w03,20250703_s098_w03,SPXW  250711P06155000,SPXW  250711P05965000,6155.0,5965.0,10.8,1.85,11.0,1.95,98/95
2025-07-11,2025-07-18,6259.75,6296.7900390625,20250711_s098_w03,20250711_s098_w03,SPXW  250718P06135000,SPXW  250718P05945000,6135.0,5945.0,9.3,1.6,9.4,1.7,98/95
2025-07-18,2025-07-25,6296.7900390625,6388.64013671875,20250718_s098_w03,20250718_s098_w03,SPXW  250725P06170000,SPXW  250725P05980000,6170.0,5980.0,5.8,0.65,6.0,0.7,98/95
2025-07-25,2025-08-01,6388.64013671875,6238.009765625,20250725_s098_w03,20250725_s098_w03,SPXW  250801P06260000,SPXW  250801P06070000,6260.0,6070.0,8.8,1.45,9.0,1.55,98/95
2025-08-01,2025-08-08,6238.009765625,6389.4501953125,20250801_s098_w03,20250801_s098_w03,SPXW  250808P06115000,SPXW  250808P05925000,6115.0,5925.0,22.2,5.9,22.5,6.1,98/95
2025-08-08,2025-08-15,6389.4501953125,6449.7998046875,20250808_s098_w03,20250808_s098_w03,SPXW  250815P06260000,SPXW  250815P06070000,6260.0,6070.0,7.7,1.55,7.9,1.65,98/95
2025-08-15,2025-08-22,6449.7998046875,6466.91015625,20250815_s098_w03,20250815_s098_w03,SPXW  250822P06320000,SPXW  250822P06125000,6320.0,6125.0,8.9,1.75,9.1,1.85,98/95
2025-08-22,2025-08-29,6466.91015625,6460.259765625,20250822_s098_w03,20250822_s098_w03,SPXW  250829P06340000,SPXW  250829P06145000,6340.0,6145.0,7.3,1.0,7.5,1.15,98/95
2025-08-29,2025-09-05,6460.259765625,6481.5,20250829_s098_w03,20250829_s098_w03,SPXW  250905P06330000,SPXW  250905P06135000,6330.0,6135.0,7.6,1.35,7.8,1.45,98/95
2025-09-05,2025-09-12,6481.5,6584.2900390625,20250905_s098_w03,20250905_s098_w03,SPXW  250912P06350000,SPXW  250912P06160000,6350.0,6160.0,8.2,1.6,8.4,1.65,98/95
2025-09-12,2025-09-19,6584.2900390625,6664.35986328125,20250912_s098_w03,20250912_s098_w03,SPXW  250919P06455000,SPXW  250919P06255000,6455.0,6255.0,9.9,3.2,10.1,3.3,98/95
2025-09-19,2025-09-26,6664.35986328125,6643.7001953125,20250919_s098_w03,20250919_s098_w03,SPXW  250926P06530000,SPXW  250926P06330000,6530.0,6330.0,7.6,2.1,7.8,2.2,98/95
2025-09-26,2025-10-03,6643.7001953125,6715.7900390625,20250926_s098_w03,20250926_s098_w03,SPXW  251003P06510000,SPXW  251003P06310000,6510.0,6310.0,7.3,1.3,7.5,1.45,98/95
2025-10-03,2025-10-10,6715.7900390625,6552.509765625,20251003_s098_w03,20251003_s098_w03,SPXW  251010P06580000,SPXW  251010P06380000,6580.0,6380.0,10.2,2.95,10.4,3.1,98/95
2025-10-10,2025-10-17,6552.509765625,6664.009765625,20251010_s098_w03,20251010_s098_w03,SPXW  251017P06420000,SPXW  251017P06225000,6420.0,6225.0,27.8,9.6,28.6,10.1,98/95
2025-10-17,2025-10-24,6664.009765625,6791.68994140625,20251017_s098_w03,20251017_s098_w03,SPXW  251024P06530000,SPXW  251024P06330000,6530.0,6330.0,22.2,6.1,22.5,6.3,98/95
2025-10-24,2025-10-31,6791.68994140625,6840.2001953125,20251024_s098_w03,20251024_s098_w03,SPXW  251031P06655000,SPXW  251031P06450000,6655.0,6450.0,14.9,3.6,15.1,3.8,98/95
2025-10-31,2025-11-07,6840.2001953125,6728.7998046875,20251031_s098_w03,20251031_s098_w03,SPXW  251107P06705000,SPXW  251107P06500000,6705.0,6500.0,13.0,2.4,13.3,2.55,98/95
2025-11-07,2025-11-14,6728.7998046875,6734.10986328125,20251107_s098_w03,20251107_s098_w03,SPXW  251114P06595000,SPXW  251114P06390000,6595.0,6390.0,17.5,2.95,17.8,3.2,98/95
2025-11-14,2025-11-21,6734.10986328125,6602.990234375,20251114_s098_w03,20251114_s098_w03,SPXW  251121P06600000,SPXW  251121P06395000,6600.0,6395.0,24.1,6.2,24.6,6.5,98/95
2025-11-21,2025-11-28,6602.990234375,6849.08984375,20251121_s098_w03,20251121_s098_w03,SPXW  251128P06470000,SPXW  251128P06275000,6470.0,6275.0,25.9,7.3,26.3,7.7,98/95
2025-11-28,2025-12-05,6849.08984375,6870.39990234375,20251128_s098_w03,20251128_s098_w03,SPXW  251205P06710000,SPXW  251205P06505000,6710.0,6505.0,9.9,1.75,10.2,1.95,98/95
2025-12-05,2025-12-12,6870.39990234375,6827.41015625,20251205_s098_w03,20251205_s098_w03,SPXW  251212P06735000,SPXW  251212P06525000,6735.0,6525.0,11.2,1.65,11.5,1.8,98/95
2025-12-12,2025-12-19,6827.41015625,6834.5,20251212_s098_w03,20251212_s098_w03,SPXW  251219P06690000,SPXW  251219P06485000,6690.0,6485.0,12.2,2.15,12.5,2.3,98/95
2025-12-19,2025-12-26,6834.5,6929.93994140625,20251219_s098_w03,20251219_s098_w03,SPXW  251226P06700000,SPXW  251226P06495000,6700.0,6495.0,4.5,0.75,4.7,0.85,98/95
2025-12-26,2026-01-02,6929.93994140625,6858.47021484375,20251226_s098_w03,20251226_s098_w03,SPXW  260102P06790000,SPXW  260102P06585000,6790.0,6585.0,3.1,0.7,3.4,0.85,98/95
2026-01-02,2026-01-09,6858.47021484375,6966.27978515625,20260102_s098_w03,20260102_s098_w03,SPXW  260109P06720000,SPXW  260109P06520000,6720.0,6520.0,6.0,0.65,6.1,0.75,98/95
2026-01-09,2026-01-16,6966.27978515625,6940.009765625,20260109_s098_w03,20260109_s098_w03,SPXW  260116P06825000,SPXW  260116P06620000,6825.0,6620.0,6.5,1.1,6.7,1.2,98/95
2026-01-16,2026-01-23,6940.009765625,6915.60986328125,20260116_s098_w03,20260116_s098_w03,SPXW  260123P06800000,SPXW  260123P06595000,6800.0,6595.0,6.6,0.95,6.8,1.05,98/95
2026-01-23,2026-01-30,6915.60986328125,6939.02978515625,20260123_s098_w03,20260123_s098_w03,SPXW  260130P06775000,SPXW  260130P06570000,6775.0,6570.0,16.7,3.1,17.0,3.4,98/95
2026-01-30,2026-02-06,6939.02978515625,6932.2998046875,20260130_s098_w03,20260130_s098_w03,SPXW  260206P06800000,SPXW  260206P06590000,6800.0,6590.0,18.2,3.4,18.5,3.6,98/95
2026-02-06,2026-02-13,6932.2998046875,6836.169921875,20260206_s098_w03,20260206_s098_w03,SPXW  260213P06795000,SPXW  260213P06585000,6795.0,6585.0,20.4,4.0,20.7,4.2,98/95
2026-02-13,2026-02-20,6836.169921875,6909.509765625,20260213_s098_w03,20260213_s098_w03,SPXW  260220P06700000,SPXW  260220P06495000,6700.0,6495.0,25.5,6.2,25.8,6.4,98/95
2026-02-20,2026-02-27,6909.509765625,6878.8798828125,20260220_s098_w03,20260220_s098_w03,SPXW  260227P06770000,SPXW  260227P06565000,6770.0,6565.0,22.2,6.6,22.5,6.8,98/95
2026-02-27,2026-03-06,6878.8798828125,6740.02001953125,20260227_s098_w03,20260227_s098_w03,SPXW  260306P06740000,SPXW  260306P06535000,6740.0,6535.0,26.6,6.7,26.9,7.0,98/95
2026-03-06,2026-03-13,6740.02001953125,6632.18994140625,20260306_s098_w03,20260306_s098_w03,SPXW  260313P06605000,SPXW  260313P06400000,6605.0,6400.0,55.7,23.2,56.3,23.7,98/95
2026-03-13,2026-03-20,6632.18994140625,6506.47998046875,20260313_s098_w03,20260313_s098_w03,SPXW  260320P06500000,SPXW  260320P06300000,6500.0,6300.0,51.1,17.3,51.5,17.6,98/95
2026-03-20,2026-03-27,6506.47998046875,6368.85009765625,20260320_s098_w03,20260320_s098_w03,SPXW  260327P06375000,SPXW  260327P06180000,6375.0,6180.0,37.8,11.9,38.3,12.2,98/95
2026-03-27,2026-04-02,6368.85009765625,6582.68994140625,20260327_s098_w03,20260327_s098_w03,SPXW  260402P06240000,SPXW  260402P06050000,6240.0,6050.0,43.7,12.5,44.1,12.8,98/95
2026-04-02,2026-04-10,6582.68994140625,6816.89013671875,20260402_s098_w03,20260402_s098_w03,SPXW  260410P06450000,SPXW  260410P06255000,6450.0,6255.0,35.5,10.6,35.9,10.8,98/95
2026-04-10,2026-04-17,6816.89013671875,7126.06005859375,20260410_s098_w03,20260410_s098_w03,SPXW  260417P06680000,SPXW  260417P06475000,6680.0,6475.0,18.0,3.6,18.3,3.8,98/95
2026-04-17,2026-04-24,7126.06005859375,7165.080078125,20260417_s098_w03,20260417_s098_w03,SPXW  260424P06985000,SPXW  260424P06770000,6985.0,6770.0,12.9,2.35,13.2,2.5,98/95
2026-04-24,2026-05-01,7165.080078125,7230.1201171875,20260424_s098_w03,20260424_s098_w03,SPXW  260501P07020000,SPXW  260501P06805000,7020.0,6805.0,21.2,3.4,21.5,3.6,98/95
2026-05-01,2026-05-08,7230.1201171875,7398.93017578125,20260501_s098_w03,20260501_s098_w03,SPXW  260508P07085000,SPXW  260508P06870000,7085.0,6870.0,13.5,2.3,13.8,2.45,98/95
2026-05-08,2026-05-15,7398.93017578125,7408.5,20260508_s098_w03,20260508_s098_w03,SPXW  260515P07250000,SPXW  260515P07030000,7250.0,7030.0,12.4,2.5,12.6,2.6,98/95
2026-05-15,2026-05-22,7408.5,7473.47021484375,20260515_s098_w03,20260515_s098_w03,SPXW  260522P07260000,SPXW  260522P07040000,7260.0,7040.0,20.5,3.7,20.8,4.0,98/95
2026-05-22,2026-05-29,7473.47021484375,7580.06005859375,20260522_s098_w03,20260522_s098_w03,SPXW  260529P07325000,SPXW  260529P07100000,7325.0,7100.0,12.1,2.6,12.2,2.75,98/95
2026-05-29,2026-06-05,7580.06005859375,7383.740234375,20260529_s098_w03,20260529_s098_w03,SPXW  260605P07430000,SPXW  260605P07200000,7430.0,7200.0,9.4,1.85,9.6,1.95,98/95
2026-06-05,2026-06-12,7383.740234375,7431.4599609375,20260605_s098_w03,20260605_s098_w03,SPXW  260612P07235000,SPXW  260612P07010000,7235.0,7010.0,40.1,14.8,40.6,15.2,98/95
2026-06-12,2026-06-18,7431.4599609375,7500.580078125,20260612_s098_w03,20260612_s098_w03,SPXW  260618P07285000,SPXW  260618P07060000,7285.0,7060.0,17.3,3.8,17.6,4.1,98/95
2026-06-18,2026-06-26,7500.580078125,7354.02001953125,20260618_s098_w03,20260618_s098_w03,SPXW  260626P07350000,SPXW  260626P07125000,7350.0,7125.0,15.0,2.75,15.2,2.95,98/95
2026-06-26,2026-07-02,7354.02001953125,7483.240234375,20260626_s098_w03,20260626_s098_w03,SPXW  260702P07205000,SPXW  260702P06985000,7205.0,6985.0,17.0,2.6,17.4,2.8,98/95
2026-07-02,2026-07-10,7483.240234375,7575.39013671875,20260702_s098_w03,20260702_s098_w03,SPXW  260710P07335000,SPXW  260710P07110000,7335.0,7110.0,12.8,1.95,13.0,2.1,98/95
2026-07-10,2026-07-17,7575.39013671875,7457.68994140625,20260710_s098_w03,20260710_s098_w03,SPXW  260717P07425000,SPXW  260717P07195000,7425.0,7195.0,7.1,1.1,7.3,1.2,98/95
2026-07-17,2026-07-24,7457.68994140625,7411.97998046875,20260717_s098_w03,20260717_s098_w03,SPXW  260724P07310000,SPXW  260724P07085000,7310.0,7085.0,21.2,4.4,21.5,4.6,98/95
2026-07-24,2026-07-31,7411.97998046875,7489.72021484375,20260724_s098_w03,20260724_s098_w03,SPXW  260731P07265000,SPXW  260731P07040000,7265.0,7040.0,24.6,5.6,24.7,5.8,98/95
2026-07-31,2026-08-07,7489.72021484375,7757.64013671875,20260731_s098_w03,20260731_s098_w03,SPXW  260807P07340000,SPXW  260807P07115000,7340.0,7115.0,11.2,1.75,11.5,1.9,98/95
2026-08-07,2026-08-14,7757.64013671875,7785.759765625,20260807_s098_w03,20260807_s098_w03,SPXW  260814P07600000,SPXW  260814P07370000,7600.0,7370.0,8.1,1.15,8.2,1.25,98/95
2026-08-14,2026-08-21,7785.759765625,7674.3701171875,20260814_s098_w03,20260814_s098_w03,SPXW  260821P07630000,SPXW  260821P07395000,7630.0,7395.0,5.3,0.95,5.5,1.0,98/95
2026-08-21,2026-08-28,7674.3701171875,7711.759765625,20260821_s098_w03,20260821_s098_w03,SPXW  260828P07520000,SPXW  260828P07290000,7520.0,7290.0,9.4,1.35,9.6,1.45,98/95
2026-08-28,2026-09-04,7711.759765625,7718.60009765625,20260828_s098_w03,20260828_s098_w03,SPXW  260904P07560000,SPXW  260904P07325000,7560.0,7325.0,6.9,1.1,7.1,1.2,98/95
2026-09-04,2026-09-11,7718.60009765625,7656.97998046875,20260904_s098_w03,20260904_s098_w03,SPXW  260911P07565000,SPXW  260911P07335000,7565.0,7335.0,7.5,1.5,7.7,1.6,98/95
2026-09-11,2026-09-18,7656.97998046875,7650.5,20260911_s098_w03,20260911_s098_w03,SPXW  260918P07505000,SPXW  260918P07275000,7505.0,7275.0,14.7,3.8,15.0,4.0,98/95
2024-01-05,2024-01-12,4697.240234375,4783.830078125,20240105_s098_w02,20240105_s098_w05,SPXW  240112P04510000,SPXW  240112P04370000,4510.0,4370.0,0.95,0.4,1.05,0.5,96/93
2024-01-12,2024-01-19,4783.830078125,4839.81005859375,20240112_s098_w02,20240112_s098_w05,SPXW  240119P04590000,SPXW  240119P04450000,4590.0,4450.0,1.0,0.6,1.1,0.7,96/93
2024-01-19,2024-01-26,4839.81005859375,4890.97021484375,20240119_s098_w02,20240119_s098_w05,SPXW  240126P04645000,SPXW  240126P04500000,4645.0,4500.0,0.85,0.4,1.0,0.45,96/93
2024-01-26,2024-02-02,4890.97021484375,4958.60986328125,20240126_s098_w02,20240126_s098_w05,SPXW  240202P04695000,SPXW  240202P04550000,4695.0,4550.0,1.3,0.6,1.4,0.65,96/93
2024-02-02,2024-02-09,4958.60986328125,5026.60986328125,20240202_s098_w02,20240202_s098_w05,SPXW  240209P04760000,SPXW  240209P04610000,4760.0,4610.0,1.4,0.8,1.55,0.9,96/93
2024-02-09,2024-02-16,5026.60986328125,5005.56982421875,20240209_s098_w02,20240209_s098_w05,SPXW  240216P04825000,SPXW  240216P04675000,4825.0,4675.0,1.35,0.9,1.45,1.0,96/93
2024-02-16,2024-02-23,5005.56982421875,5088.7998046875,20240216_s098_w02,20240216_s098_w05,SPXW  240223P04805000,SPXW  240223P04655000,4805.0,4655.0,1.35,0.7,1.45,0.8,96/93
2024-02-23,2024-03-01,5088.7998046875,5137.080078125,20240223_s098_w02,20240223_s098_w05,SPXW  240301P04885000,SPXW  240301P04735000,4885.0,4735.0,1.2,0.65,1.3,0.7,96/93
2024-03-01,2024-03-08,5137.080078125,5123.68994140625,20240301_s098_w02,20240301_s098_w05,SPXW  240308P04930000,SPXW  240308P04775000,4930.0,4775.0,1.15,0.6,1.25,0.65,96/93
2024-03-08,2024-03-15,5123.68994140625,5117.08984375,20240308_s098_w02,20240308_s098_w05,SPXW  240315P04920000,SPXW  240315P04765000,4920.0,4765.0,2.75,1.25,2.85,1.35,96/93
2024-03-15,2024-03-22,5117.08984375,5234.18017578125,20240315_s098_w02,20240315_s098_w05,SPXW  240322P04910000,SPXW  240322P04760000,4910.0,4760.0,1.6,0.55,1.75,0.65,96/93
2024-03-22,2024-03-28,5234.18017578125,5254.35009765625,20240322_s098_w02,20240322_s098_w05,SPXW  240328P05025000,SPXW  240328P04870000,5025.0,4870.0,0.75,0.35,0.85,0.45,96/93
2024-03-28,2024-04-05,5254.35009765625,5204.33984375,20240328_s098_w02,20240328_s098_w05,SPXW  240405P05045000,SPXW  240405P04885000,5045.0,4885.0,1.0,0.45,1.1,0.6,96/93
2024-04-05,2024-04-12,5204.33984375,5123.41015625,20240405_s098_w02,20240405_s098_w05,SPXW  240412P04995000,SPXW  240412P04840000,4995.0,4840.0,3.3,1.15,3.6,1.25,96/93
2024-04-12,2024-04-19,5123.41015625,4967.22998046875,20240412_s098_w02,20240412_s098_w05,SPXW  240419P04920000,SPXW  240419P04765000,4920.0,4765.0,4.3,1.85,4.6,2.0,96/93
2024-04-19,2024-04-26,4967.22998046875,5099.9599609375,20240419_s098_w02,20240419_s098_w05,SPXW  240426P04770000,SPXW  240426P04620000,4770.0,4620.0,3.7,1.05,3.9,1.15,96/93
2024-04-26,2024-05-03,5099.9599609375,5127.7900390625,20240426_s098_w02,20240426_s098_w05,SPXW  240503P04900000,SPXW  240503P04740000,4900.0,4740.0,2.25,0.6,2.35,0.7,96/93
2024-05-03,2024-05-10,5127.7900390625,5222.68017578125,20240503_s098_w02,20240503_s098_w05,SPXW  240510P04925000,SPXW  240510P04770000,4925.0,4770.0,0.8,0.3,0.9,0.4,96/93
2024-05-10,2024-05-17,5222.68017578125,5303.27001953125,20240510_s098_w02,20240510_s098_w05,SPXW  240517P05015000,SPXW  240517P04855000,5015.0,4855.0,0.9,0.35,1.0,0.45,96/93
2024-05-17,2024-05-24,5303.27001953125,5304.72021484375,20240517_s098_w02,20240517_s098_w05,SPXW  240524P05090000,SPXW  240524P04930000,5090.0,4930.0,0.45,0.2,0.55,0.3,96/93
2024-05-24,2024-05-31,5304.72021484375,5277.509765625,20240524_s098_w02,20240524_s098_w05,SPXW  240531P05095000,SPXW  240531P04935000,5095.0,4935.0,0.7,0.3,0.8,0.45,96/93
2024-05-31,2024-06-07,5277.509765625,5346.990234375,20240531_s098_w02,20240531_s098_w05,SPXW  240607P05065000,SPXW  240607P04910000,5065.0,4910.0,0.6,0.25,0.75,0.35,96/93
2024-06-07,2024-06-14,5346.990234375,5431.60009765625,20240607_s098_w02,20240607_s098_w05,SPXW  240614P05135000,SPXW  240614P04975000,5135.0,4975.0,1.05,0.35,1.15,0.45,96/93
2024-06-14,2024-06-21,5431.60009765625,5464.6201171875,20240614_s098_w02,20240614_s098_w05,SPXW  240621P05215000,SPXW  240621P05050000,5215.0,5050.0,1.35,0.85,1.45,0.95,96/93
2024-06-21,2024-06-28,5464.6201171875,5460.47998046875,20240621_s098_w02,20240621_s098_w05,SPXW  240628P05245000,SPXW  240628P05080000,5245.0,5080.0,0.75,0.3,0.85,0.4,96/93
2024-06-28,2024-07-05,5460.47998046875,5567.18994140625,20240628_s098_w02,20240628_s098_w05,SPXW  240705P05240000,SPXW  240705P05080000,5240.0,5080.0,0.65,0.35,0.75,0.45,96/93
2024-07-05,2024-07-12,5567.18994140625,5615.35009765625,20240705_s098_w02,20240705_s098_w05,SPXW  240712P05345000,SPXW  240712P05175000,5345.0,5175.0,1.05,0.55,1.2,0.7,96/93
2024-07-12,2024-07-19,5615.35009765625,5505.0,20240712_s098_w02,20240712_s098_w05,SPXW  240719P05390000,SPXW  240719P05220000,5390.0,5220.0,1.0,0.55,1.1,0.65,96/93
2024-07-19,2024-07-26,5505.0,5459.10009765625,20240719_s098_w02,20240719_s098_w05,SPXW  240726P05285000,SPXW  240726P05120000,5285.0,5120.0,2.05,0.85,2.2,0.95,96/93
2024-07-26,2024-08-02,5459.10009765625,5346.56005859375,20240726_s098_w02,20240726_s098_w05,SPXW  240802P05240000,SPXW  240802P05075000,5240.0,5075.0,3.6,0.95,3.8,1.05,96/93
2024-08-02,2024-08-09,5346.56005859375,5344.16015625,20240802_s098_w02,20240802_s098_w05,SPXW  240809P05130000,SPXW  240809P04970000,5130.0,4970.0,9.2,2.9,9.9,3.3,96/93
2024-08-09,2024-08-16,5344.16015625,5554.25,20240809_s098_w02,20240809_s098_w05,SPXW  240816P05130000,SPXW  240816P04970000,5130.0,4970.0,8.3,2.45,8.7,2.7,96/93
2024-08-16,2024-08-23,5554.25,5634.60986328125,20240816_s098_w02,20240816_s098_w05,SPXW  240823P05330000,SPXW  240823P05165000,5330.0,5165.0,1.5,0.5,1.6,0.65,96/93
2024-08-23,2024-08-30,5634.60986328125,5648.39990234375,20240823_s098_w02,20240823_s098_w05,SPXW  240830P05410000,SPXW  240830P05240000,5410.0,5240.0,1.65,0.65,1.8,0.75,96/93
2024-08-30,2024-09-06,5648.39990234375,5408.419921875,20240830_s098_w02,20240830_s098_w05,SPXW  240906P05420000,SPXW  240906P05255000,5420.0,5255.0,1.15,0.45,1.25,0.55,96/93
2024-09-06,2024-09-13,5408.419921875,5626.02001953125,20240906_s098_w02,20240906_s098_w05,SPXW  240913P05190000,SPXW  240913P05030000,5190.0,5030.0,8.6,2.8,9.0,3.1,96/93
2024-09-13,2024-09-20,5626.02001953125,5702.5498046875,20240913_s098_w02,20240913_s098_w05,SPXW  240920P05400000,SPXW  240920P05230000,5400.0,5230.0,4.4,1.9,4.6,2.0,96/93
2024-09-20,2024-09-27,5702.5498046875,5738.169921875,20240920_s098_w02,20240920_s098_w05,SPXW  240927P05475000,SPXW  240927P05305000,5475.0,5305.0,1.7,0.6,1.85,0.75,96/93
2024-09-27,2024-10-04,5738.169921875,5751.06982421875,20240927_s098_w02,20240927_s098_w05,SPXW  241004P05510000,SPXW  241004P05335000,5510.0,5335.0,3.2,1.25,3.4,1.35,96/93
2024-10-04,2024-10-11,5751.06982421875,5815.02978515625,20241004_s098_w02,20241004_s098_w05,SPXW  241011P05520000,SPXW  241011P05350000,5520.0,5350.0,4.9,2.0,5.1,2.1,96/93
2024-10-11,2024-10-18,5815.02978515625,5864.669921875,20241011_s098_w02,20241011_s098_w05,SPXW  241018P05580000,SPXW  241018P05410000,5580.0,5410.0,3.4,1.65,3.6,1.75,96/93
2024-10-18,2024-10-25,5864.669921875,5808.1201171875,20241018_s098_w02,20241018_s098_w05,SPXW  241025P05630000,SPXW  241025P05450000,5630.0,5450.0,1.3,0.55,1.4,0.65,96/93
2024-10-25,2024-11-01,5808.1201171875,5728.7998046875,20241025_s098_w02,20241025_s098_w05,SPXW  241101P05575000,SPXW  241101P05400000,5575.0,5400.0,4.9,1.85,5.1,1.95,96/93
2024-11-01,2024-11-08,5728.7998046875,5995.5400390625,20241101_s098_w02,20241101_s098_w05,SPXW  241108P05500000,SPXW  241108P05330000,5500.0,5330.0,12.4,3.1,12.7,3.3,96/93
2024-11-08,2024-11-15,5995.5400390625,5870.6201171875,20241108_s098_w02,20241108_s098_w05,SPXW  241115P05755000,SPXW  241115P05575000,5755.0,5575.0,2.4,1.1,2.55,1.2,96/93
2024-11-15,2024-11-22,5870.6201171875,5969.33984375,20241115_s098_w02,20241115_s098_w05,SPXW  241122P05635000,SPXW  241122P05460000,5635.0,5460.0,2.85,1.2,2.95,1.3,96/93
2024-11-22,2024-11-29,5969.33984375,6032.3798828125,20241122_s098_w02,20241122_s098_w05,SPXW  241129P05730000,SPXW  241129P05550000,5730.0,5550.0,1.25,0.4,1.35,0.5,96/93
2024-11-29,2024-12-06,6032.3798828125,6090.27001953125,20241129_s098_w02,20241129_s098_w05,SPXW  241206P05790000,SPXW  241206P05610000,5790.0,5610.0,0.7,0.25,0.75,0.3,96/93
2024-12-06,2024-12-13,6090.27001953125,6051.08984375,20241206_s098_w02,20241206_s098_w05,SPXW  241213P05845000,SPXW  241213P05665000,5845.0,5665.0,0.9,0.4,1.0,0.5,96/93
2024-12-13,2024-12-20,6051.08984375,5930.85009765625,20241213_s098_w02,20241213_s098_w05,SPXW  241220P05810000,SPXW  241220P05630000,5810.0,5630.0,1.7,0.85,1.8,0.9,96/93
2024-12-20,2024-12-27,5930.85009765625,5970.83984375,20241220_s098_w02,20241220_s098_w05,SPXW  241227P05695000,SPXW  241227P05520000,5695.0,5520.0,4.9,1.3,5.1,1.45,96/93
2024-12-27,2025-01-03,5970.83984375,5942.47021484375,20241227_s098_w02,20241227_s098_w05,SPXW  250103P05730000,SPXW  250103P05550000,5730.0,5550.0,1.3,0.5,1.4,0.6,96/93
2025-01-03,2025-01-10,5942.47021484375,5827.0400390625,20250103_s098_w02,20250103_s098_w05,SPXW  250110P05705000,SPXW  250110P05525000,5705.0,5525.0,1.35,0.35,1.45,0.45,96/93
2025-01-10,2025-01-17,5827.0400390625,5996.66015625,20250110_s098_w02,20250110_s098_w05,SPXW  250117P05595000,SPXW  250117P05420000,5595.0,5420.0,5.2,1.65,5.4,1.8,96/93
2025-01-17,2025-01-24,5996.66015625,6101.240234375,20250117_s098_w02,20250117_s098_w05,SPXW  250124P05755000,SPXW  250124P05575000,5755.0,5575.0,1.8,0.55,1.9,0.65,96/93
2025-01-24,2025-01-31,6101.240234375,6040.52978515625,20250124_s098_w02,20250124_s098_w05,SPXW  250131P05855000,SPXW  250131P05675000,5855.0,5675.0,1.25,0.35,1.35,0.45,96/93
2025-01-31,2025-02-07,6040.52978515625,6025.990234375,20250131_s098_w02,20250131_s098_w05,SPXW  250207P05800000,SPXW  250207P05620000,5800.0,5620.0,3.0,0.75,3.2,0.85,96/93
2025-02-07,2025-02-14,6025.990234375,6114.6298828125,20250207_s098_w02,20250207_s098_w05,SPXW  250214P05785000,SPXW  250214P05600000,5785.0,5600.0,2.75,0.85,2.9,0.95,96/93
2025-02-14,2025-02-21,6114.6298828125,6013.1298828125,20250214_s098_w02,20250214_s098_w05,SPXW  250221P05870000,SPXW  250221P05685000,5870.0,5685.0,1.55,0.8,1.65,0.9,96/93
2025-02-21,2025-02-28,6013.1298828125,5954.5,20250221_s098_w02,20250221_s098_w05,SPXW  250228P05775000,SPXW  250228P05590000,5775.0,5590.0,5.5,1.95,5.6,2.05,96/93
2025-02-28,2025-03-07,5954.5,5770.2001953125,20250228_s098_w02,20250228_s098_w05,SPXW  250307P05715000,SPXW  250307P05540000,5715.0,5540.0,7.0,1.45,7.3,1.6,96/93
2025-03-07,2025-03-14,5770.2001953125,5638.93994140625,20250307_s098_w02,20250307_s098_w05,SPXW  250314P05540000,SPXW  250314P05370000,5540.0,5370.0,12.8,3.2,13.1,3.4,96/93
2025-03-14,2025-03-21,5638.93994140625,5667.56005859375,20250314_s098_w02,20250314_s098_w05,SPXW  250321P05415000,SPXW  250321P05245000,5415.0,5245.0,12.0,3.0,12.3,3.2,96/93
2025-03-21,2025-03-28,5667.56005859375,5580.93994140625,20250321_s098_w02,20250321_s098_w05,SPXW  250328P05440000,SPXW  250328P05270000,5440.0,5270.0,4.3,0.8,4.4,0.9,96/93
2025-03-28,2025-04-04,5580.93994140625,5074.080078125,20250328_s098_w02,20250328_s098_w05,SPXW  250404P05360000,SPXW  250404P05190000,5360.0,5190.0,11.1,2.4,11.4,2.55,96/93
2025-04-04,2025-04-11,5074.080078125,5363.35986328125,20250404_s098_w02,20250404_s098_w05,SPXW  250411P04870000,SPXW  250411P04725000,4870.0,4725.0,80.2,52.4,81.6,53.6,96/93
2025-04-11,2025-04-17,5363.35986328125,5282.7001953125,20250411_s098_w02,20250411_s098_w05,SPXW  250417P05150000,SPXW  250417P04990000,5150.0,4990.0,47.5,25.6,48.1,26.2,96/93
2025-04-17,2025-04-25,5282.7001953125,5525.2099609375,20250417_s098_w02,20250417_s098_w05,SPXW  250425P05070000,SPXW  250425P04915000,5070.0,4915.0,18.2,6.1,18.7,6.5,96/93
2025-04-25,2025-05-02,5525.2099609375,5686.669921875,20250425_s098_w02,20250425_s098_w05,SPXW  250502P05305000,SPXW  250502P05140000,5305.0,5140.0,14.5,4.1,15.1,4.4,96/93
2025-05-02,2025-05-09,5686.669921875,5659.91015625,20250502_s098_w02,20250502_s098_w05,SPXW  250509P05460000,SPXW  250509P05290000,5460.0,5290.0,10.0,3.0,10.3,3.2,96/93
2025-05-09,2025-05-16,5659.91015625,5958.3798828125,20250509_s098_w02,20250509_s098_w05,SPXW  250516P05435000,SPXW  250516P05265000,5435.0,5265.0,8.4,2.1,8.7,2.3,96/93
2025-05-16,2025-05-23,5958.3798828125,5802.81982421875,20250516_s098_w02,20250516_s098_w05,SPXW  250523P05720000,SPXW  250523P05540000,5720.0,5540.0,2.25,0.3,2.35,0.4,96/93
2025-05-23,2025-05-30,5802.81982421875,5911.68994140625,20250523_s098_w02,20250523_s098_w05,SPXW  250530P05570000,SPXW  250530P05395000,5570.0,5395.0,8.2,2.1,8.5,2.3,96/93
2025-05-30,2025-06-06,5911.68994140625,6000.35986328125,20250530_s098_w02,20250530_s098_w05,SPXW  250606P05675000,SPXW  250606P05500000,5675.0,5500.0,4.0,0.6,4.2,0.7,96/93
2025-06-06,2025-06-13,6000.35986328125,5976.97021484375,20250606_s098_w02,20250606_s098_w05,SPXW  250613P05760000,SPXW  250613P05580000,5760.0,5580.0,2.1,0.4,2.3,0.55,96/93
2025-06-13,2025-06-20,5976.97021484375,5967.83984375,20250613_s098_w02,20250613_s098_w05,SPXW  250620P05740000,SPXW  250620P05560000,5740.0,5560.0,8.3,2.9,8.5,3.1,96/93
2025-06-20,2025-06-27,5967.83984375,6173.06982421875,20250620_s098_w02,20250620_s098_w05,SPXW  250627P05730000,SPXW  250627P05550000,5730.0,5550.0,7.1,2.4,7.3,2.55,96/93
2025-06-27,2025-07-03,6173.06982421875,6279.35009765625,20250627_s098_w02,20250627_s098_w05,SPXW  250703P05925000,SPXW  250703P05740000,5925.0,5740.0,1.2,0.25,1.35,0.4,96/93
2025-07-03,2025-07-11,6279.35009765625,6259.75,20250703_s098_w02,20250703_s098_w05,SPXW  250711P06030000,SPXW  250711P05840000,6030.0,5840.0,3.1,0.9,3.2,1.0,96/93
2025-07-11,2025-07-18,6259.75,6296.7900390625,20250711_s098_w02,20250711_s098_w05,SPXW  250718P06010000,SPXW  250718P05820000,6010.0,5820.0,2.55,0.9,2.65,1.0,96/93
2025-07-18,2025-07-25,6296.7900390625,6388.64013671875,20250718_s098_w02,20250718_s098_w05,SPXW  250725P06045000,SPXW  250725P05860000,6045.0,5860.0,1.15,0.35,1.25,0.4,96/93
2025-07-25,2025-08-01,6388.64013671875,6238.009765625,20250725_s098_w02,20250725_s098_w05,SPXW  250801P06135000,SPXW  250801P05940000,6135.0,5940.0,2.4,0.65,2.55,0.8,96/93
2025-08-01,2025-08-08,6238.009765625,6389.4501953125,20250801_s098_w02,20250801_s098_w05,SPXW  250808P05990000,SPXW  250808P05800000,5990.0,5800.0,9.0,3.2,9.2,3.4,96/93
2025-08-08,2025-08-15,6389.4501953125,6449.7998046875,20250808_s098_w02,20250808_s098_w05,SPXW  250815P06135000,SPXW  250815P05940000,6135.0,5940.0,2.35,0.85,2.5,0.95,96/93
2025-08-15,2025-08-22,6449.7998046875,6466.91015625,20250815_s098_w02,20250815_s098_w05,SPXW  250822P06190000,SPXW  250822P06000000,6190.0,6000.0,2.5,1.1,2.65,1.2,96/93
2025-08-22,2025-08-29,6466.91015625,6460.259765625,20250822_s098_w02,20250822_s098_w05,SPXW  250829P06210000,SPXW  250829P06015000,6210.0,6015.0,1.65,0.55,1.75,0.65,96/93
2025-08-29,2025-09-05,6460.259765625,6481.5,20250829_s098_w02,20250829_s098_w05,SPXW  250905P06200000,SPXW  250905P06010000,6200.0,6010.0,2.0,0.8,2.1,0.9,96/93
2025-09-05,2025-09-12,6481.5,6584.2900390625,20250905_s098_w02,20250905_s098_w05,SPXW  250912P06220000,SPXW  250912P06030000,6220.0,6030.0,2.35,0.95,2.4,1.05,96/93
2025-09-12,2025-09-19,6584.2900390625,6664.35986328125,20250912_s098_w02,20250912_s098_w05,SPXW  250919P06320000,SPXW  250919P06125000,6320.0,6125.0,4.2,2.05,4.4,2.15,96/93
2025-09-19,2025-09-26,6664.35986328125,6643.7001953125,20250919_s098_w02,20250919_s098_w05,SPXW  250926P06400000,SPXW  250926P06200000,6400.0,6200.0,2.95,1.2,3.1,1.3,96/93
2025-09-26,2025-10-03,6643.7001953125,6715.7900390625,20250926_s098_w02,20250926_s098_w05,SPXW  251003P06380000,SPXW  251003P06180000,6380.0,6180.0,2.1,0.7,2.2,0.8,96/93
2025-10-03,2025-10-10,6715.7900390625,6552.509765625,20251003_s098_w02,20251003_s098_w05,SPXW  251010P06445000,SPXW  251010P06250000,6445.0,6250.0,4.1,1.7,4.3,1.8,96/93
2025-10-10,2025-10-17,6552.509765625,6664.009765625,20251010_s098_w02,20251010_s098_w05,SPXW  251017P06290000,SPXW  251017P06095000,6290.0,6095.0,13.3,5.5,13.9,6.0,96/93
2025-10-17,2025-10-24,6664.009765625,6791.68994140625,20251017_s098_w02,20251017_s098_w05,SPXW  251024P06395000,SPXW  251024P06200000,6395.0,6200.0,9.0,3.3,9.2,3.5,96/93
2025-10-24,2025-10-31,6791.68994140625,6840.2001953125,20251024_s098_w02,20251024_s098_w05,SPXW  251031P06520000,SPXW  251031P06315000,6520.0,6315.0,5.6,1.85,5.8,1.95,96/93
2025-10-31,2025-11-07,6840.2001953125,6728.7998046875,20251031_s098_w02,20251031_s098_w05,SPXW  251107P06565000,SPXW  251107P06360000,6565.0,6360.0,3.9,1.05,4.1,1.2,96/93
2025-11-07,2025-11-14,6728.7998046875,6734.10986328125,20251107_s098_w02,20251107_s098_w05,SPXW  251114P06460000,SPXW  251114P06260000,6460.0,6260.0,5.1,1.45,5.4,1.6,96/93
2025-11-14,2025-11-21,6734.10986328125,6602.990234375,20251114_s098_w02,20251114_s098_w05,SPXW  251121P06465000,SPXW  251121P06265000,6465.0,6265.0,9.5,3.3,9.9,3.6,96/93
2025-11-21,2025-11-28,6602.990234375,6849.08984375,20251121_s098_w02,20251121_s098_w05,SPXW  251128P06340000,SPXW  251128P06140000,6340.0,6140.0,10.9,3.7,11.2,4.0,96/93
2025-11-28,2025-12-05,6849.08984375,6870.39990234375,20251128_s098_w02,20251128_s098_w05,SPXW  251205P06575000,SPXW  251205P06370000,6575.0,6370.0,2.85,0.85,3.1,1.05,96/93
2025-12-05,2025-12-12,6870.39990234375,6827.41015625,20251205_s098_w02,20251205_s098_w05,SPXW  251212P06595000,SPXW  251212P06390000,6595.0,6390.0,2.85,0.8,3.0,0.95,96/93
2025-12-12,2025-12-19,6827.41015625,6834.5,20251212_s098_w02,20251212_s098_w05,SPXW  251219P06555000,SPXW  251219P06350000,6555.0,6350.0,3.4,1.15,3.6,1.3,96/93
2025-12-19,2025-12-26,6834.5,6929.93994140625,20251219_s098_w02,20251219_s098_w05,SPXW  251226P06560000,SPXW  251226P06355000,6560.0,6355.0,1.1,0.4,1.25,0.5,96/93
2025-12-26,2026-01-02,6929.93994140625,6858.47021484375,20251226_s098_w02,20251226_s098_w05,SPXW  260102P06655000,SPXW  260102P06440000,6655.0,6440.0,1.0,0.45,1.15,0.6,96/93
2026-01-02,2026-01-09,6858.47021484375,6966.27978515625,20260102_s098_w02,20260102_s098_w05,SPXW  260109P06585000,SPXW  260109P06380000,6585.0,6380.0,1.1,0.35,1.2,0.45,96/93
2026-01-09,2026-01-16,6966.27978515625,6940.009765625,20260109_s098_w02,20260109_s098_w05,SPXW  260116P06690000,SPXW  260116P06480000,6690.0,6480.0,1.7,0.6,1.85,0.7,96/93
2026-01-16,2026-01-23,6940.009765625,6915.60986328125,20260116_s098_w02,20260116_s098_w05,SPXW  260123P06660000,SPXW  260123P06450000,6660.0,6450.0,1.55,0.5,1.65,0.6,96/93
2026-01-23,2026-01-30,6915.60986328125,6939.02978515625,20260123_s098_w02,20260123_s098_w05,SPXW  260130P06640000,SPXW  260130P06430000,6640.0,6430.0,5.4,1.4,5.6,1.5,96/93
2026-01-30,2026-02-06,6939.02978515625,6932.2998046875,20260130_s098_w02,20260130_s098_w05,SPXW  260206P06660000,SPXW  260206P06450000,6660.0,6450.0,5.8,1.3,6.1,1.45,96/93
2026-02-06,2026-02-13,6932.2998046875,6836.169921875,20260206_s098_w02,20260206_s098_w05,SPXW  260213P06655000,SPXW  260213P06450000,6655.0,6450.0,6.8,1.6,7.1,1.75,96/93
2026-02-13,2026-02-20,6836.169921875,6909.509765625,20260213_s098_w02,20260213_s098_w05,SPXW  260220P06565000,SPXW  260220P06360000,6565.0,6360.0,10.0,2.85,10.3,2.95,96/93
2026-02-20,2026-02-27,6909.509765625,6878.8798828125,20260220_s098_w02,20260220_s098_w05,SPXW  260227P06635000,SPXW  260227P06425000,6635.0,6425.0,9.7,3.4,10.0,3.6,96/93
2026-02-27,2026-03-06,6878.8798828125,6740.02001953125,20260227_s098_w02,20260227_s098_w05,SPXW  260306P06605000,SPXW  260306P06400000,6605.0,6400.0,10.9,3.0,11.1,3.2,96/93
2026-03-06,2026-03-13,6740.02001953125,6632.18994140625,20260306_s098_w02,20260306_s098_w05,SPXW  260313P06470000,SPXW  260313P06270000,6470.0,6270.0,30.8,13.8,31.7,14.4,96/93
2026-03-13,2026-03-20,6632.18994140625,6506.47998046875,20260313_s098_w02,20260313_s098_w05,SPXW  260320P06365000,SPXW  260320P06170000,6365.0,6170.0,24.6,9.3,24.9,9.5,96/93
2026-03-20,2026-03-27,6506.47998046875,6368.85009765625,20260320_s098_w02,20260320_s098_w05,SPXW  260327P06245000,SPXW  260327P06050000,6245.0,6050.0,17.2,6.4,17.6,6.7,96/93
2026-03-27,2026-04-02,6368.85009765625,6582.68994140625,20260327_s098_w02,20260327_s098_w05,SPXW  260402P06115000,SPXW  260402P05925000,6115.0,5925.0,19.1,6.0,19.4,6.5,96/93
2026-04-02,2026-04-10,6582.68994140625,6816.89013671875,20260402_s098_w02,20260402_s098_w05,SPXW  260410P06320000,SPXW  260410P06120000,6320.0,6120.0,15.9,4.9,16.2,5.2,96/93
2026-04-10,2026-04-17,6816.89013671875,7126.06005859375,20260410_s098_w02,20260410_s098_w05,SPXW  260417P06545000,SPXW  260417P06340000,6545.0,6340.0,6.0,1.65,6.3,1.8,96/93
2026-04-17,2026-04-24,7126.06005859375,7165.080078125,20260417_s098_w02,20260417_s098_w05,SPXW  260424P06840000,SPXW  260424P06625000,6840.0,6625.0,3.8,1.0,4.1,1.15,96/93
2026-04-24,2026-05-01,7165.080078125,7230.1201171875,20260424_s098_w02,20260424_s098_w05,SPXW  260501P06880000,SPXW  260501P06665000,6880.0,6665.0,6.4,1.3,6.7,1.4,96/93
2026-05-01,2026-05-08,7230.1201171875,7398.93017578125,20260501_s098_w02,20260501_s098_w05,SPXW  260508P06940000,SPXW  260508P06725000,6940.0,6725.0,3.8,0.95,4.1,1.05,96/93
2026-05-08,2026-05-15,7398.93017578125,7408.5,20260508_s098_w02,20260508_s098_w05,SPXW  260515P07105000,SPXW  260515P06880000,7105.0,6880.0,4.0,1.25,4.2,1.35,96/93
2026-05-15,2026-05-22,7408.5,7473.47021484375,20260515_s098_w02,20260515_s098_w05,SPXW  260522P07110000,SPXW  260522P06890000,7110.0,6890.0,6.1,1.55,6.4,1.7,96/93
2026-05-22,2026-05-29,7473.47021484375,7580.06005859375,20260522_s098_w02,20260522_s098_w05,SPXW  260529P07175000,SPXW  260529P06950000,7175.0,6950.0,4.0,1.35,4.1,1.45,96/93
2026-05-29,2026-06-05,7580.06005859375,7383.740234375,20260529_s098_w02,20260529_s098_w05,SPXW  260605P07275000,SPXW  260605P07050000,7275.0,7050.0,2.8,0.95,2.95,1.1,96/93
2026-06-05,2026-06-12,7383.740234375,7431.4599609375,20260605_s098_w02,20260605_s098_w05,SPXW  260612P07090000,SPXW  260612P06870000,7090.0,6870.0,20.3,9.5,20.7,9.9,96/93
2026-06-12,2026-06-18,7431.4599609375,7500.580078125,20260612_s098_w02,20260612_s098_w05,SPXW  260618P07135000,SPXW  260618P06910000,7135.0,6910.0,5.8,2.25,6.1,2.4,96/93
2026-06-18,2026-06-26,7500.580078125,7354.02001953125,20260618_s098_w02,20260618_s098_w05,SPXW  260626P07200000,SPXW  260626P06975000,7200.0,6975.0,4.6,1.25,4.8,1.4,96/93
2026-06-26,2026-07-02,7354.02001953125,7483.240234375,20260626_s098_w02,20260626_s098_w05,SPXW  260702P07060000,SPXW  260702P06840000,7060.0,6840.0,4.8,1.0,5.0,1.1,96/93
2026-07-02,2026-07-10,7483.240234375,7575.39013671875,20260702_s098_w02,20260702_s098_w05,SPXW  260710P07185000,SPXW  260710P06960000,7185.0,6960.0,3.4,0.9,3.6,1.0,96/93
2026-07-10,2026-07-17,7575.39013671875,7457.68994140625,20260710_s098_w02,20260710_s098_w05,SPXW  260717P07270000,SPXW  260717P07045000,7270.0,7045.0,1.75,0.6,1.9,0.7,96/93
2026-07-17,2026-07-24,7457.68994140625,7411.97998046875,20260717_s098_w02,20260717_s098_w05,SPXW  260724P07160000,SPXW  260724P06940000,7160.0,6940.0,7.3,1.85,7.5,2.0,96/93
2026-07-24,2026-07-31,7411.97998046875,7489.72021484375,20260724_s098_w02,20260724_s098_w05,SPXW  260731P07115000,SPXW  260731P06895000,7115.0,6895.0,8.9,2.65,9.1,2.75,96/93
2026-07-31,2026-08-07,7489.72021484375,7757.64013671875,20260731_s098_w02,20260731_s098_w05,SPXW  260807P07190000,SPXW  260807P06965000,7190.0,6965.0,3.1,0.8,3.3,0.9,96/93
2026-08-07,2026-08-14,7757.64013671875,7785.759765625,20260807_s098_w02,20260807_s098_w05,SPXW  260814P07445000,SPXW  260814P07215000,7445.0,7215.0,1.95,0.55,2.05,0.65,96/93
2026-08-14,2026-08-21,7785.759765625,7674.3701171875,20260814_s098_w02,20260814_s098_w05,SPXW  260821P07475000,SPXW  260821P07240000,7475.0,7240.0,1.45,0.5,1.55,0.6,96/93
2026-08-21,2026-08-28,7674.3701171875,7711.759765625,20260821_s098_w02,20260821_s098_w05,SPXW  260828P07365000,SPXW  260828P07140000,7365.0,7140.0,2.3,0.65,2.4,0.75,96/93
2026-08-28,2026-09-04,7711.759765625,7718.60009765625,20260828_s098_w02,20260828_s098_w05,SPXW  260904P07405000,SPXW  260904P07170000,7405.0,7170.0,1.75,0.65,1.85,0.75,96/93
2026-09-04,2026-09-11,7718.60009765625,7656.97998046875,20260904_s098_w02,20260904_s098_w05,SPXW  260911P07410000,SPXW  260911P07180000,7410.0,7180.0,2.15,0.95,2.3,1.05,96/93
2026-09-11,2026-09-18,7656.97998046875,7650.5,20260911_s098_w02,20260911_s098_w05,SPXW  260918P07350000,SPXW  260918P07120000,7350.0,7120.0,5.4,2.3,5.6,2.45,96/93
2024-01-05,2024-01-12,4697.240234375,4783.830078125,20240105_s097_w03,20240105_s097_w03,SPXW  240112P04555000,SPXW  240112P04415000,4555.0,4415.0,1.65,0.5,1.75,0.6,97/94
2024-01-12,2024-01-19,4783.830078125,4839.81005859375,20240112_s097_w03,20240112_s097_w03,SPXW  240119P04640000,SPXW  240119P04495000,4640.0,4495.0,1.5,0.65,1.6,0.75,97/94
2024-01-19,2024-01-26,4839.81005859375,4890.97021484375,20240119_s097_w03,20240119_s097_w03,SPXW  240126P04695000,SPXW  240126P04550000,4695.0,4550.0,1.55,0.45,1.7,0.55,97/94
2024-01-26,2024-02-02,4890.97021484375,4958.60986328125,20240126_s097_w03,20240126_s097_w03,SPXW  240202P04745000,SPXW  240202P04600000,4745.0,4600.0,2.5,0.7,2.6,0.8,97/94
2024-02-02,2024-02-09,4958.60986328125,5026.60986328125,20240202_s097_w03,20240202_s097_w03,SPXW  240209P04810000,SPXW  240209P04660000,4810.0,4660.0,2.3,0.95,2.4,1.0,97/94
2024-02-09,2024-02-16,5026.60986328125,5005.56982421875,20240209_s097_w03,20240209_s097_w03,SPXW  240216P04875000,SPXW  240216P04725000,4875.0,4725.0,2.0,1.0,2.15,1.1,97/94
2024-02-16,2024-02-23,5005.56982421875,5088.7998046875,20240216_s097_w03,20240216_s097_w03,SPXW  240223P04855000,SPXW  240223P04705000,4855.0,4705.0,2.35,0.8,2.45,0.9,97/94
2024-02-23,2024-03-01,5088.7998046875,5137.080078125,20240223_s097_w03,20240223_s097_w03,SPXW  240301P04935000,SPXW  240301P04785000,4935.0,4785.0,1.9,0.75,2.0,0.85,97/94
2024-03-01,2024-03-08,5137.080078125,5123.68994140625,20240301_s097_w03,20240301_s097_w03,SPXW  240308P04985000,SPXW  240308P04830000,4985.0,4830.0,1.95,0.7,2.05,0.75,97/94
2024-03-08,2024-03-15,5123.68994140625,5117.08984375,20240308_s097_w03,20240308_s097_w03,SPXW  240315P04970000,SPXW  240315P04815000,4970.0,4815.0,4.3,1.5,4.4,1.6,97/94
2024-03-15,2024-03-22,5117.08984375,5234.18017578125,20240315_s097_w03,20240315_s097_w03,SPXW  240322P04965000,SPXW  240322P04810000,4965.0,4810.0,3.4,0.7,3.6,0.8,97/94
2024-03-22,2024-03-28,5234.18017578125,5254.35009765625,20240322_s097_w03,20240322_s097_w03,SPXW  240328P05075000,SPXW  240328P04920000,5075.0,4920.0,1.15,0.45,1.25,0.55,97/94
2024-03-28,2024-04-05,5254.35009765625,5204.33984375,20240328_s097_w03,20240328_s097_w03,SPXW  240405P05095000,SPXW  240405P04940000,5095.0,4940.0,1.65,0.55,1.75,0.7,97/94
2024-04-05,2024-04-12,5204.33984375,5123.41015625,20240405_s097_w03,20240405_s097_w03,SPXW  240412P05050000,SPXW  240412P04890000,5050.0,4890.0,6.3,1.5,6.5,1.6,97/94
2024-04-12,2024-04-19,5123.41015625,4967.22998046875,20240412_s097_w03,20240412_s097_w03,SPXW  240419P04970000,SPXW  240419P04815000,4970.0,4815.0,7.2,2.2,7.6,2.35,97/94
2024-04-19,2024-04-26,4967.22998046875,5099.9599609375,20240419_s097_w03,20240419_s097_w03,SPXW  240426P04820000,SPXW  240426P04670000,4820.0,4670.0,7.0,1.4,7.3,1.55,97/94
2024-04-26,2024-05-03,5099.9599609375,5127.7900390625,20240426_s097_w03,20240426_s097_w03,SPXW  240503P04945000,SPXW  240503P04790000,4945.0,4790.0,4.3,0.8,4.5,0.9,97/94
2024-05-03,2024-05-10,5127.7900390625,5222.68017578125,20240503_s097_w03,20240503_s097_w03,SPXW  240510P04975000,SPXW  240510P04820000,4975.0,4820.0,1.4,0.35,1.5,0.45,97/94
2024-05-10,2024-05-17,5222.68017578125,5303.27001953125,20240510_s097_w03,20240510_s097_w03,SPXW  240517P05065000,SPXW  240517P04910000,5065.0,4910.0,1.8,0.4,1.9,0.5,97/94
2024-05-17,2024-05-24,5303.27001953125,5304.72021484375,20240517_s097_w03,20240517_s097_w03,SPXW  240524P05145000,SPXW  240524P04985000,5145.0,4985.0,0.9,0.25,1.0,0.35,97/94
2024-05-24,2024-05-31,5304.72021484375,5277.509765625,20240524_s097_w03,20240524_s097_w03,SPXW  240531P05145000,SPXW  240531P04985000,5145.0,4985.0,1.05,0.4,1.15,0.5,97/94
2024-05-31,2024-06-07,5277.509765625,5346.990234375,20240531_s097_w03,20240531_s097_w03,SPXW  240607P05120000,SPXW  240607P04960000,5120.0,4960.0,1.3,0.3,1.45,0.4,97/94
2024-06-07,2024-06-14,5346.990234375,5431.60009765625,20240607_s097_w03,20240607_s097_w03,SPXW  240614P05185000,SPXW  240614P05025000,5185.0,5025.0,2.15,0.45,2.3,0.55,97/94
2024-06-14,2024-06-21,5431.60009765625,5464.6201171875,20240614_s097_w03,20240614_s097_w03,SPXW  240621P05270000,SPXW  240621P05105000,5270.0,5105.0,2.0,1.0,2.05,1.05,97/94
2024-06-21,2024-06-28,5464.6201171875,5460.47998046875,20240621_s097_w03,20240621_s097_w03,SPXW  240628P05300000,SPXW  240628P05135000,5300.0,5135.0,1.3,0.35,1.4,0.45,97/94
2024-06-28,2024-07-05,5460.47998046875,5567.18994140625,20240628_s097_w03,20240628_s097_w03,SPXW  240705P05295000,SPXW  240705P05135000,5295.0,5135.0,1.0,0.4,1.1,0.5,97/94
2024-07-05,2024-07-12,5567.18994140625,5615.35009765625,20240705_s097_w03,20240705_s097_w03,SPXW  240712P05400000,SPXW  240712P05235000,5400.0,5235.0,1.7,0.65,1.8,0.8,97/94
2024-07-12,2024-07-19,5615.35009765625,5505.0,20240712_s097_w03,20240712_s097_w03,SPXW  240719P05445000,SPXW  240719P05280000,5445.0,5280.0,1.45,0.65,1.55,0.75,97/94
2024-07-19,2024-07-26,5505.0,5459.10009765625,20240719_s097_w03,20240719_s097_w03,SPXW  240726P05340000,SPXW  240726P05175000,5340.0,5175.0,3.8,1.05,4.0,1.15,97/94
2024-07-26,2024-08-02,5459.10009765625,5346.56005859375,20240726_s097_w03,20240726_s097_w03,SPXW  240802P05295000,SPXW  240802P05130000,5295.0,5130.0,7.1,1.3,7.4,1.45,97/94
2024-08-02,2024-08-09,5346.56005859375,5344.16015625,20240802_s097_w03,20240802_s097_w03,SPXW  240809P05190000,SPXW  240809P05025000,5190.0,5025.0,16.2,3.9,17.0,4.4,97/94
2024-08-09,2024-08-16,5344.16015625,5554.25,20240809_s097_w03,20240809_s097_w03,SPXW  240816P05185000,SPXW  240816P05025000,5185.0,5025.0,13.8,3.5,14.2,3.7,97/94
2024-08-16,2024-08-23,5554.25,5634.60986328125,20240816_s097_w03,20240816_s097_w03,SPXW  240823P05390000,SPXW  240823P05220000,5390.0,5220.0,2.85,0.65,3.1,0.8,97/94
2024-08-23,2024-08-30,5634.60986328125,5648.39990234375,20240823_s097_w03,20240823_s097_w03,SPXW  240830P05465000,SPXW  240830P05295000,5465.0,5295.0,3.2,0.8,3.4,0.9,97/94
2024-08-30,2024-09-06,5648.39990234375,5408.419921875,20240830_s097_w03,20240830_s097_w03,SPXW  240906P05480000,SPXW  240906P05310000,5480.0,5310.0,2.55,0.55,2.65,0.65,97/94
2024-09-06,2024-09-13,5408.419921875,5626.02001953125,20240906_s097_w03,20240906_s097_w03,SPXW  240913P05245000,SPXW  240913P05080000,5245.0,5080.0,14.2,3.7,14.6,3.9,97/94
2024-09-13,2024-09-20,5626.02001953125,5702.5498046875,20240913_s097_w03,20240913_s097_w03,SPXW  240920P05455000,SPXW  240920P05290000,5455.0,5290.0,7.3,2.25,7.5,2.45,97/94
2024-09-20,2024-09-27,5702.5498046875,5738.169921875,20240920_s097_w03,20240920_s097_w03,SPXW  240927P05530000,SPXW  240927P05360000,5530.0,5360.0,3.2,0.8,3.4,0.9,97/94
2024-09-27,2024-10-04,5738.169921875,5751.06982421875,20240927_s097_w03,20240927_s097_w03,SPXW  241004P05565000,SPXW  241004P05395000,5565.0,5395.0,6.2,1.5,6.4,1.6,97/94
2024-10-04,2024-10-11,5751.06982421875,5815.02978515625,20241004_s097_w03,20241004_s097_w03,SPXW  241011P05580000,SPXW  241011P05405000,5580.0,5405.0,8.2,2.45,8.5,2.6,97/94
2024-10-11,2024-10-18,5815.02978515625,5864.669921875,20241011_s097_w03,20241011_s097_w03,SPXW  241018P05640000,SPXW  241018P05465000,5640.0,5465.0,5.4,1.95,5.6,2.1,97/94
2024-10-18,2024-10-25,5864.669921875,5808.1201171875,20241018_s097_w03,20241018_s097_w03,SPXW  241025P05690000,SPXW  241025P05515000,5690.0,5515.0,2.25,0.7,2.3,0.8,97/94
2024-10-25,2024-11-01,5808.1201171875,5728.7998046875,20241025_s097_w03,20241025_s097_w03,SPXW  241101P05635000,SPXW  241101P05460000,5635.0,5460.0,8.6,2.3,8.9,2.45,97/94
2024-11-01,2024-11-08,5728.7998046875,5995.5400390625,20241101_s097_w03,20241101_s097_w03,SPXW  241108P05560000,SPXW  241108P05390000,5560.0,5390.0,20.5,4.8,20.8,5.1,97/94
2024-11-08,2024-11-15,5995.5400390625,5870.6201171875,20241108_s097_w03,20241108_s097_w03,SPXW  241115P05815000,SPXW  241115P05635000,5815.0,5635.0,3.7,1.35,3.9,1.5,97/94
2024-11-15,2024-11-22,5870.6201171875,5969.33984375,20241115_s097_w03,20241115_s097_w03,SPXW  241122P05695000,SPXW  241122P05520000,5695.0,5520.0,5.2,1.5,5.4,1.6,97/94
2024-11-22,2024-11-29,5969.33984375,6032.3798828125,20241122_s097_w03,20241122_s097_w03,SPXW  241129P05790000,SPXW  241129P05610000,5790.0,5610.0,2.25,0.55,2.35,0.6,97/94
2024-11-29,2024-12-06,6032.3798828125,6090.27001953125,20241129_s097_w03,20241129_s097_w03,SPXW  241206P05850000,SPXW  241206P05670000,5850.0,5670.0,1.5,0.3,1.6,0.4,97/94
2024-12-06,2024-12-13,6090.27001953125,6051.08984375,20241206_s097_w03,20241206_s097_w03,SPXW  241213P05910000,SPXW  241213P05725000,5910.0,5725.0,1.5,0.5,1.6,0.6,97/94
2024-12-13,2024-12-20,6051.08984375,5930.85009765625,20241213_s097_w03,20241213_s097_w03,SPXW  241220P05870000,SPXW  241220P05690000,5870.0,5690.0,2.75,1.0,2.85,1.05,97/94
2024-12-20,2024-12-27,5930.85009765625,5970.83984375,20241220_s097_w03,20241220_s097_w03,SPXW  241227P05755000,SPXW  241227P05575000,5755.0,5575.0,8.4,1.85,8.7,2.0,97/94
2024-12-27,2025-01-03,5970.83984375,5942.47021484375,20241227_s097_w03,20241227_s097_w03,SPXW  250103P05790000,SPXW  250103P05610000,5790.0,5610.0,2.65,0.6,2.8,0.7,97/94
2025-01-03,2025-01-10,5942.47021484375,5827.0400390625,20250103_s097_w03,20250103_s097_w03,SPXW  250110P05765000,SPXW  250110P05590000,5765.0,5590.0,3.2,0.45,3.4,0.55,97/94
2025-01-10,2025-01-17,5827.0400390625,5996.66015625,20250110_s097_w03,20250110_s097_w03,SPXW  250117P05650000,SPXW  250117P05475000,5650.0,5475.0,9.3,2.1,9.5,2.25,97/94
2025-01-17,2025-01-24,5996.66015625,6101.240234375,20250117_s097_w03,20250117_s097_w03,SPXW  250124P05815000,SPXW  250124P05635000,5815.0,5635.0,3.8,0.7,3.9,0.8,97/94
2025-01-24,2025-01-31,6101.240234375,6040.52978515625,20250124_s097_w03,20250124_s097_w03,SPXW  250131P05920000,SPXW  250131P05735000,5920.0,5735.0,3.0,0.45,3.2,0.55,97/94
2025-01-31,2025-02-07,6040.52978515625,6025.990234375,20250131_s097_w03,20250131_s097_w03,SPXW  250207P05860000,SPXW  250207P05680000,5860.0,5680.0,6.6,1.0,6.8,1.1,97/94
2025-02-07,2025-02-14,6025.990234375,6114.6298828125,20250207_s097_w03,20250207_s097_w03,SPXW  250214P05845000,SPXW  250214P05665000,5845.0,5665.0,5.5,1.15,5.7,1.25,97/94
2025-02-14,2025-02-21,6114.6298828125,6013.1298828125,20250214_s097_w03,20250214_s097_w03,SPXW  250221P05930000,SPXW  250221P05750000,5930.0,5750.0,2.55,0.95,2.65,1.05,97/94
2025-02-21,2025-02-28,6013.1298828125,5954.5,20250221_s097_w03,20250221_s097_w03,SPXW  250228P05835000,SPXW  250228P05650000,5835.0,5650.0,9.0,2.5,9.3,2.6,97/94
2025-02-28,2025-03-07,5954.5,5770.2001953125,20250228_s097_w03,20250228_s097_w03,SPXW  250307P05775000,SPXW  250307P05595000,5775.0,5595.0,12.8,2.25,13.2,2.35,97/94
2025-03-07,2025-03-14,5770.2001953125,5638.93994140625,20250307_s097_w03,20250307_s097_w03,SPXW  250314P05595000,SPXW  250314P05425000,5595.0,5425.0,20.6,4.7,20.9,5.0,97/94
2025-03-14,2025-03-21,5638.93994140625,5667.56005859375,20250314_s097_w03,20250314_s097_w03,SPXW  250321P05470000,SPXW  250321P05300000,5470.0,5300.0,19.4,4.5,19.6,4.7,97/94
2025-03-21,2025-03-28,5667.56005859375,5580.93994140625,20250321_s097_w03,20250321_s097_w03,SPXW  250328P05500000,SPXW  250328P05330000,5500.0,5330.0,8.9,1.25,9.1,1.4,97/94
2025-03-28,2025-04-04,5580.93994140625,5074.080078125,20250328_s097_w03,20250328_s097_w03,SPXW  250404P05415000,SPXW  250404P05250000,5415.0,5250.0,19.3,3.8,19.6,4.0,97/94
2025-04-04,2025-04-11,5074.080078125,5363.35986328125,20250404_s097_w03,20250404_s097_w03,SPXW  250411P04920000,SPXW  250411P04775000,4920.0,4775.0,92.9,60.6,94.5,61.9,97/94
2025-04-11,2025-04-17,5363.35986328125,5282.7001953125,20250411_s097_w03,20250411_s097_w03,SPXW  250417P05200000,SPXW  250417P05040000,5200.0,5040.0,57.8,30.9,58.4,31.5,97/94
2025-04-17,2025-04-25,5282.7001953125,5525.2099609375,20250417_s097_w03,20250417_s097_w03,SPXW  250425P05125000,SPXW  250425P04965000,5125.0,4965.0,26.9,8.6,27.4,8.9,97/94
2025-04-25,2025-05-02,5525.2099609375,5686.669921875,20250425_s097_w03,20250425_s097_w03,SPXW  250502P05360000,SPXW  250502P05195000,5360.0,5195.0,22.0,6.1,22.6,6.5,97/94
2025-05-02,2025-05-09,5686.669921875,5659.91015625,20250502_s097_w03,20250502_s097_w03,SPXW  250509P05515000,SPXW  250509P05345000,5515.0,5345.0,15.4,4.3,15.7,4.4,97/94
2025-05-09,2025-05-16,5659.91015625,5958.3798828125,20250509_s097_w03,20250509_s097_w03,SPXW  250516P05490000,SPXW  250516P05320000,5490.0,5320.0,14.6,2.95,15.0,3.2,97/94
2025-05-16,2025-05-23,5958.3798828125,5802.81982421875,20250516_s097_w03,20250516_s097_w03,SPXW  250523P05780000,SPXW  250523P05600000,5780.0,5600.0,5.2,0.5,5.4,0.6,97/94
2025-05-23,2025-05-30,5802.81982421875,5911.68994140625,20250523_s097_w03,20250523_s097_w03,SPXW  250530P05630000,SPXW  250530P05455000,5630.0,5455.0,14.1,3.1,14.4,3.4,97/94
2025-05-30,2025-06-06,5911.68994140625,6000.35986328125,20250530_s097_w03,20250530_s097_w03,SPXW  250606P05735000,SPXW  250606P05555000,5735.0,5555.0,8.5,0.95,8.8,1.1,97/94
2025-06-06,2025-06-13,6000.35986328125,5976.97021484375,20250606_s097_w03,20250606_s097_w03,SPXW  250613P05820000,SPXW  250613P05640000,5820.0,5640.0,4.5,0.65,4.8,0.8,97/94
2025-06-13,2025-06-20,5976.97021484375,5967.83984375,20250613_s097_w03,20250613_s097_w03,SPXW  250620P05800000,SPXW  250620P05620000,5800.0,5620.0,13.0,3.8,13.3,4.1,97/94
2025-06-20,2025-06-27,5967.83984375,6173.06982421875,20250620_s097_w03,20250620_s097_w03,SPXW  250627P05790000,SPXW  250627P05610000,5790.0,5610.0,11.5,3.2,11.7,3.4,97/94
2025-06-27,2025-07-03,6173.06982421875,6279.35009765625,20250627_s097_w03,20250627_s097_w03,SPXW  250703P05990000,SPXW  250703P05805000,5990.0,5805.0,2.7,0.4,2.85,0.5,97/94
2025-07-03,2025-07-11,6279.35009765625,6259.75,20250703_s097_w03,20250703_s097_w03,SPXW  250711P06090000,SPXW  250711P05905000,6090.0,5905.0,5.4,1.25,5.6,1.35,97/94
2025-07-11,2025-07-18,6259.75,6296.7900390625,20250711_s097_w03,20250711_s097_w03,SPXW  250718P06070000,SPXW  250718P05885000,6070.0,5885.0,4.5,1.15,4.7,1.3,97/94
2025-07-18,2025-07-25,6296.7900390625,6388.64013671875,20250718_s097_w03,20250718_s097_w03,SPXW  250725P06110000,SPXW  250725P05920000,6110.0,5920.0,2.5,0.45,2.6,0.5,97/94
2025-07-25,2025-08-01,6388.64013671875,6238.009765625,20250725_s097_w03,20250725_s097_w03,SPXW  250801P06195000,SPXW  250801P06005000,6195.0,6005.0,4.3,0.95,4.5,1.1,97/94
2025-08-01,2025-08-08,6238.009765625,6389.4501953125,20250801_s097_w03,20250801_s097_w03,SPXW  250808P06050000,SPXW  250808P05860000,6050.0,5860.0,13.8,4.1,14.0,4.3,97/94
2025-08-08,2025-08-15,6389.4501953125,6449.7998046875,20250808_s097_w03,20250808_s097_w03,SPXW  250815P06200000,SPXW  250815P06005000,6200.0,6005.0,4.1,1.1,4.3,1.2,97/94
2025-08-15,2025-08-22,6449.7998046875,6466.91015625,20250815_s097_w03,20250815_s097_w03,SPXW  250822P06255000,SPXW  250822P06065000,6255.0,6065.0,4.4,1.35,4.6,1.45,97/94
2025-08-22,2025-08-29,6466.91015625,6460.259765625,20250822_s097_w03,20250822_s097_w03,SPXW  250829P06275000,SPXW  250829P06080000,6275.0,6080.0,3.2,0.75,3.4,0.85,97/94
2025-08-29,2025-09-05,6460.259765625,6481.5,20250829_s097_w03,20250829_s097_w03,SPXW  250905P06265000,SPXW  250905P06075000,6265.0,6075.0,3.6,1.0,3.8,1.1,97/94
2025-09-05,2025-09-12,6481.5,6584.2900390625,20250905_s097_w03,20250905_s097_w03,SPXW  250912P06285000,SPXW  250912P06090000,6285.0,6090.0,4.1,1.15,4.2,1.3,97/94
2025-09-12,2025-09-19,6584.2900390625,6664.35986328125,20250912_s097_w03,20250912_s097_w03,SPXW  250919P06385000,SPXW  250919P06190000,6385.0,6190.0,6.0,2.55,6.2,2.65,97/94
2025-09-19,2025-09-26,6664.35986328125,6643.7001953125,20250919_s097_w03,20250919_s097_w03,SPXW  250926P06465000,SPXW  250926P06265000,6465.0,6265.0,4.4,1.55,4.6,1.65,97/94
2025-09-26,2025-10-03,6643.7001953125,6715.7900390625,20250926_s097_w03,20250926_s097_w03,SPXW  251003P06445000,SPXW  251003P06250000,6445.0,6250.0,3.6,0.95,3.8,1.05,97/94
2025-10-03,2025-10-10,6715.7900390625,6552.509765625,20251003_s097_w03,20251003_s097_w03,SPXW  251010P06515000,SPXW  251010P06310000,6515.0,6310.0,6.2,2.15,6.5,2.3,97/94
2025-10-10,2025-10-17,6552.509765625,6664.009765625,20251010_s097_w03,20251010_s097_w03,SPXW  251017P06355000,SPXW  251017P06160000,6355.0,6160.0,19.0,7.1,19.7,7.7,97/94
2025-10-17,2025-10-24,6664.009765625,6791.68994140625,20251017_s097_w03,20251017_s097_w03,SPXW  251024P06465000,SPXW  251024P06265000,6465.0,6265.0,14.3,4.3,14.6,4.5,97/94
2025-10-24,2025-10-31,6791.68994140625,6840.2001953125,20251024_s097_w03,20251024_s097_w03,SPXW  251031P06590000,SPXW  251031P06385000,6590.0,6385.0,9.1,2.6,9.3,2.7,97/94
2025-10-31,2025-11-07,6840.2001953125,6728.7998046875,20251031_s097_w03,20251031_s097_w03,SPXW  251107P06635000,SPXW  251107P06430000,6635.0,6430.0,6.9,1.55,7.2,1.65,97/94
2025-11-07,2025-11-14,6728.7998046875,6734.10986328125,20251107_s097_w03,20251107_s097_w03,SPXW  251114P06525000,SPXW  251114P06325000,6525.0,6325.0,9.3,1.95,9.5,2.15,97/94
2025-11-14,2025-11-21,6734.10986328125,6602.990234375,20251114_s097_w03,20251114_s097_w03,SPXW  251121P06530000,SPXW  251121P06330000,6530.0,6330.0,14.8,4.4,15.2,4.6,97/94
2025-11-21,2025-11-28,6602.990234375,6849.08984375,20251121_s097_w03,20251121_s097_w03,SPXW  251128P06405000,SPXW  251128P06205000,6405.0,6205.0,16.7,5.0,17.1,5.3,97/94
2025-11-28,2025-12-05,6849.08984375,6870.39990234375,20251128_s097_w03,20251128_s097_w03,SPXW  251205P06645000,SPXW  251205P06440000,6645.0,6440.0,5.2,1.2,5.5,1.4,97/94
2025-12-05,2025-12-12,6870.39990234375,6827.41015625,20251205_s097_w03,20251205_s097_w03,SPXW  251212P06665000,SPXW  251212P06460000,6665.0,6460.0,5.4,1.15,5.7,1.25,97/94
2025-12-12,2025-12-19,6827.41015625,6834.5,20251212_s097_w03,20251212_s097_w03,SPXW  251219P06625000,SPXW  251219P06420000,6625.0,6420.0,6.3,1.55,6.5,1.7,97/94
2025-12-19,2025-12-26,6834.5,6929.93994140625,20251219_s097_w03,20251219_s097_w03,SPXW  251226P06630000,SPXW  251226P06425000,6630.0,6425.0,2.0,0.5,2.15,0.65,97/94
2025-12-26,2026-01-02,6929.93994140625,6858.47021484375,20251226_s097_w03,20251226_s097_w03,SPXW  260102P06720000,SPXW  260102P06515000,6720.0,6515.0,1.5,0.55,1.7,0.7,97/94
2026-01-02,2026-01-09,6858.47021484375,6966.27978515625,20260102_s097_w03,20260102_s097_w03,SPXW  260109P06655000,SPXW  260109P06450000,6655.0,6450.0,2.4,0.45,2.55,0.55,97/94
2026-01-09,2026-01-16,6966.27978515625,6940.009765625,20260109_s097_w03,20260109_s097_w03,SPXW  260116P06755000,SPXW  260116P06550000,6755.0,6550.0,3.0,0.75,3.2,0.85,97/94
2026-01-16,2026-01-23,6940.009765625,6915.60986328125,20260116_s097_w03,20260116_s097_w03,SPXW  260123P06730000,SPXW  260123P06525000,6730.0,6525.0,2.95,0.65,3.1,0.8,97/94
2026-01-23,2026-01-30,6915.60986328125,6939.02978515625,20260123_s097_w03,20260123_s097_w03,SPXW  260130P06710000,SPXW  260130P06500000,6710.0,6500.0,9.7,2.0,9.9,2.15,97/94
2026-01-30,2026-02-06,6939.02978515625,6932.2998046875,20260130_s097_w03,20260130_s097_w03,SPXW  260206P06730000,SPXW  260206P06525000,6730.0,6525.0,10.3,2.1,10.6,2.25,97/94
2026-02-06,2026-02-13,6932.2998046875,6836.169921875,20260206_s097_w03,20260206_s097_w03,SPXW  260213P06725000,SPXW  260213P06520000,6725.0,6520.0,11.9,2.5,12.1,2.65,97/94
2026-02-13,2026-02-20,6836.169921875,6909.509765625,20260213_s097_w03,20260213_s097_w03,SPXW  260220P06630000,SPXW  260220P06425000,6630.0,6425.0,15.8,4.0,16.1,4.2,97/94
2026-02-20,2026-02-27,6909.509765625,6878.8798828125,20260220_s097_w03,20260220_s097_w03,SPXW  260227P06700000,SPXW  260227P06495000,6700.0,6495.0,14.3,4.7,14.6,4.9,97/94
2026-02-27,2026-03-06,6878.8798828125,6740.02001953125,20260227_s097_w03,20260227_s097_w03,SPXW  260306P06675000,SPXW  260306P06465000,6675.0,6465.0,17.5,4.3,17.7,4.5,97/94
2026-03-06,2026-03-13,6740.02001953125,6632.18994140625,20260306_s097_w03,20260306_s097_w03,SPXW  260313P06540000,SPXW  260313P06340000,6540.0,6340.0,42.2,18.2,42.7,18.7,97/94
2026-03-13,2026-03-20,6632.18994140625,6506.47998046875,20260313_s097_w03,20260313_s097_w03,SPXW  260320P06435000,SPXW  260320P06235000,6435.0,6235.0,36.1,12.4,36.5,12.7,97/94
2026-03-20,2026-03-27,6506.47998046875,6368.85009765625,20260320_s097_w03,20260320_s097_w03,SPXW  260327P06310000,SPXW  260327P06120000,6310.0,6120.0,25.5,8.6,25.9,9.0,97/94
2026-03-27,2026-04-02,6368.85009765625,6582.68994140625,20260327_s097_w03,20260327_s097_w03,SPXW  260402P06180000,SPXW  260402P05990000,6180.0,5990.0,29.5,8.6,29.9,9.1,97/94
2026-04-02,2026-04-10,6582.68994140625,6816.89013671875,20260402_s097_w03,20260402_s097_w03,SPXW  260410P06385000,SPXW  260410P06190000,6385.0,6190.0,23.9,7.1,24.2,7.4,97/94
2026-04-10,2026-04-17,6816.89013671875,7126.06005859375,20260410_s097_w03,20260410_s097_w03,SPXW  260417P06610000,SPXW  260417P06410000,6610.0,6410.0,10.2,2.4,10.4,2.55,97/94
2026-04-17,2026-04-24,7126.06005859375,7165.080078125,20260417_s097_w03,20260417_s097_w03,SPXW  260424P06910000,SPXW  260424P06700000,6910.0,6700.0,6.6,1.5,6.9,1.7,97/94
2026-04-24,2026-05-01,7165.080078125,7230.1201171875,20260424_s097_w03,20260424_s097_w03,SPXW  260501P06950000,SPXW  260501P06735000,6950.0,6735.0,12.0,2.0,12.2,2.15,97/94
2026-05-01,2026-05-08,7230.1201171875,7398.93017578125,20260501_s097_w03,20260501_s097_w03,SPXW  260508P07015000,SPXW  260508P06795000,7015.0,6795.0,7.2,1.4,7.5,1.55,97/94
2026-05-08,2026-05-15,7398.93017578125,7408.5,20260508_s097_w03,20260508_s097_w03,SPXW  260515P07175000,SPXW  260515P06955000,7175.0,6955.0,6.7,1.7,6.8,1.85,97/94
2026-05-15,2026-05-22,7408.5,7473.47021484375,20260515_s097_w03,20260515_s097_w03,SPXW  260522P07185000,SPXW  260522P06965000,7185.0,6965.0,11.0,2.35,11.2,2.5,97/94
2026-05-22,2026-05-29,7473.47021484375,7580.06005859375,20260522_s097_w03,20260522_s097_w03,SPXW  260529P07250000,SPXW  260529P07025000,7250.0,7025.0,6.7,1.85,6.8,1.95,97/94
2026-05-29,2026-06-05,7580.06005859375,7383.740234375,20260529_s097_w03,20260529_s097_w03,SPXW  260605P07355000,SPXW  260605P07125000,7355.0,7125.0,5.0,1.3,5.2,1.4,97/94
2026-06-05,2026-06-12,7383.740234375,7431.4599609375,20260605_s097_w03,20260605_s097_w03,SPXW  260612P07160000,SPXW  260612P06940000,7160.0,6940.0,27.8,11.7,28.3,12.1,97/94
2026-06-12,2026-06-18,7431.4599609375,7500.580078125,20260612_s097_w03,20260612_s097_w03,SPXW  260618P07210000,SPXW  260618P06985000,7210.0,6985.0,9.8,2.85,10.0,3.0,97/94
2026-06-18,2026-06-26,7500.580078125,7354.02001953125,20260618_s097_w03,20260618_s097_w03,SPXW  260626P07275000,SPXW  260626P07050000,7275.0,7050.0,8.2,1.8,8.5,1.95,97/94
2026-06-26,2026-07-02,7354.02001953125,7483.240234375,20260626_s097_w03,20260626_s097_w03,SPXW  260702P07135000,SPXW  260702P06915000,7135.0,6915.0,9.2,1.55,9.5,1.7,97/94
2026-07-02,2026-07-10,7483.240234375,7575.39013671875,20260702_s097_w03,20260702_s097_w03,SPXW  260710P07260000,SPXW  260710P07030000,7260.0,7030.0,6.5,1.2,6.7,1.35,97/94
2026-07-10,2026-07-17,7575.39013671875,7457.68994140625,20260710_s097_w03,20260710_s097_w03,SPXW  260717P07350000,SPXW  260717P07120000,7350.0,7120.0,3.4,0.8,3.6,0.9,97/94
2026-07-17,2026-07-24,7457.68994140625,7411.97998046875,20260717_s097_w03,20260717_s097_w03,SPXW  260724P07235000,SPXW  260724P07010000,7235.0,7010.0,12.3,2.75,12.6,2.9,97/94
2026-07-24,2026-07-31,7411.97998046875,7489.72021484375,20260724_s097_w03,20260724_s097_w03,SPXW  260731P07190000,SPXW  260731P06965000,7190.0,6965.0,14.8,3.7,14.9,3.9,97/94
2026-07-31,2026-08-07,7489.72021484375,7757.64013671875,20260731_s097_w03,20260731_s097_w03,SPXW  260807P07265000,SPXW  260807P07040000,7265.0,7040.0,5.8,1.1,6.1,1.2,97/94
2026-08-07,2026-08-14,7757.64013671875,7785.759765625,20260807_s097_w03,20260807_s097_w03,SPXW  260814P07525000,SPXW  260814P07290000,7525.0,7290.0,3.8,0.75,3.9,0.85,97/94
2026-08-14,2026-08-21,7785.759765625,7674.3701171875,20260814_s097_w03,20260814_s097_w03,SPXW  260821P07550000,SPXW  260821P07320000,7550.0,7320.0,2.5,0.65,2.65,0.75,97/94
2026-08-21,2026-08-28,7674.3701171875,7711.759765625,20260821_s097_w03,20260821_s097_w03,SPXW  260828P07445000,SPXW  260828P07215000,7445.0,7215.0,4.5,0.9,4.7,1.0,97/94
2026-08-28,2026-09-04,7711.759765625,7718.60009765625,20260828_s097_w03,20260828_s097_w03,SPXW  260904P07480000,SPXW  260904P07250000,7480.0,7250.0,3.1,0.8,3.3,0.95,97/94
2026-09-04,2026-09-11,7718.60009765625,7656.97998046875,20260904_s097_w03,20260904_s097_w03,SPXW  260911P07485000,SPXW  260911P07260000,7485.0,7260.0,3.6,1.15,3.8,1.25,97/94
2026-09-11,2026-09-18,7656.97998046875,7650.5,20260911_s097_w03,20260911_s097_w03,SPXW  260918P07425000,SPXW  260918P07200000,7425.0,7200.0,8.5,2.9,8.7,3.1,97/94
