year,r052_u02_g0_weekly_notional_100pct_equity_ladder,r052_u02_g0_weekly_notional_100pct_equity_one_at_a_time,r052_u02_g0_weekly_risk_5pct_initial_ladder,r052_u02_g0_weekly_risk_5pct_initial_one_at_a_time,r068_u58_g1_every_4_weeks_notional_100pct_equity_ladder,r044_u43_g0_weekly_notional_100pct_equity_one_at_a_time,r040_u59_g0_every_4_weeks_risk_5pct_initial_ladder,r056_u58_g1_every_4_weeks_risk_5pct_initial_one_at_a_time,r053_u14_g0_weekly_notional_100pct_equity_ladder,r061_u15_g0_weekly_notional_100pct_equity_one_at_a_time,r053_u14_g0_weekly_risk_5pct_initial_ladder,r057_u26_g0_weekly_risk_5pct_initial_one_at_a_time,r069_u58_g1_every_4_weeks_notional_100pct_equity_ladder,r057_u39_g0_weekly_notional_100pct_equity_one_at_a_time,r041_u59_g0_every_4_weeks_risk_5pct_initial_ladder,r057_u58_g1_every_4_weeks_risk_5pct_initial_one_at_a_time,r018_u02_g1_every_2_weeks_notional_100pct_equity_ladder,r018_u62_g1_every_2_weeks_notional_100pct_equity_one_at_a_time,r018_u02_g1_every_2_weeks_risk_5pct_initial_ladder,r018_u62_g1_every_2_weeks_risk_5pct_initial_one_at_a_time,r038_u44_g0_every_4_weeks_notional_100pct_equity_ladder,r062_u44_g1_every_4_weeks_notional_100pct_equity_one_at_a_time,r042_u58_g1_every_4_weeks_risk_5pct_initial_ladder,r042_u58_g1_every_4_weeks_risk_5pct_initial_one_at_a_time,r019_u02_g1_every_2_weeks_notional_100pct_equity_ladder,r023_u62_g1_every_2_weeks_notional_100pct_equity_one_at_a_time,r019_u02_g1_every_2_weeks_risk_5pct_initial_ladder,r023_u62_g1_every_2_weeks_risk_5pct_initial_one_at_a_time,r027_u18_g0_weekly_notional_100pct_equity_ladder,r019_u58_g1_weekly_notional_100pct_equity_one_at_a_time,r043_u58_g1_every_4_weeks_risk_5pct_initial_ladder,r043_u58_g1_every_4_weeks_risk_5pct_initial_one_at_a_time,r072_u25_g0_monthly_notional_100pct_equity_ladder,r072_u25_g0_monthly_notional_100pct_equity_one_at_a_time,r072_u25_g0_monthly_risk_5pct_initial_ladder,r072_u25_g0_monthly_risk_5pct_initial_one_at_a_time,r072_u12_g0_monthly_notional_100pct_equity_one_at_a_time,r072_u12_g0_monthly_risk_5pct_initial_one_at_a_time,r073_u42_g0_monthly_notional_100pct_equity_ladder,r073_u54_g0_monthly_notional_100pct_equity_one_at_a_time,r073_u42_g0_monthly_risk_5pct_initial_ladder,r073_u54_g0_monthly_risk_5pct_initial_one_at_a_time,r073_u37_g0_monthly_notional_100pct_equity_one_at_a_time,r073_u37_g0_monthly_risk_5pct_initial_ladder,r073_u37_g0_monthly_risk_5pct_initial_one_at_a_time,r074_u25_g0_monthly_notional_100pct_equity_ladder,r074_u25_g0_monthly_notional_100pct_equity_one_at_a_time,r074_u25_g0_monthly_risk_5pct_initial_ladder,r074_u25_g0_monthly_risk_5pct_initial_one_at_a_time,r074_u12_g0_monthly_notional_100pct_equity_one_at_a_time,r074_u12_g0_monthly_risk_5pct_initial_one_at_a_time,r075_u14_g0_weekly_notional_100pct_equity_ladder,r075_u14_g0_weekly_notional_100pct_equity_one_at_a_time,r075_u14_g0_weekly_risk_5pct_initial_ladder,r075_u14_g0_weekly_risk_5pct_initial_one_at_a_time,r082_u43_g1_monthly_notional_100pct_equity_ladder,r077_u46_g0_monthly_notional_100pct_equity_one_at_a_time,r078_u42_g0_monthly_risk_5pct_initial_ladder,r078_u42_g0_monthly_risk_5pct_initial_one_at_a_time,r080_u59_g0_monthly_notional_100pct_equity_ladder,r079_u42_g1_every_2_weeks_notional_100pct_equity_one_at_a_time,r082_u58_g1_monthly_risk_5pct_initial_ladder,r076_u54_g1_every_2_weeks_risk_5pct_initial_one_at_a_time,r084_u41_g0_monthly_notional_100pct_equity_ladder,r084_u66_g0_monthly_notional_100pct_equity_one_at_a_time,r087_u60_g1_monthly_risk_5pct_initial_ladder,r084_u41_g0_monthly_risk_5pct_initial_one_at_a_time,r087_u59_g0_monthly_notional_100pct_equity_ladder,r085_u31_g0_monthly_notional_100pct_equity_one_at_a_time,r087_u57_g1_monthly_risk_5pct_initial_ladder,r085_u58_g0_monthly_risk_5pct_initial_one_at_a_time,fixed_d60_s103_w3_weekly_risk_5pct_initial_ladder,fixed_d60_s103_w3_weekly_risk_5pct_initial_one_at_a_time,fixed_d60_s103_w3_weekly_notional_100pct_equity_ladder,fixed_d60_s103_w3_weekly_notional_100pct_equity_one_at_a_time,fixed_d60_s103_w3_every_2_weeks_risk_5pct_initial_ladder,fixed_d60_s103_w3_every_2_weeks_risk_5pct_initial_one_at_a_time,fixed_d60_s103_w3_every_2_weeks_notional_100pct_equity_ladder,fixed_d60_s103_w3_every_2_weeks_notional_100pct_equity_one_at_a_time,fixed_d60_s103_w3_every_4_weeks_risk_5pct_initial_ladder,fixed_d60_s103_w3_every_4_weeks_risk_5pct_initial_one_at_a_time,fixed_d60_s103_w3_every_4_weeks_notional_100pct_equity_ladder,fixed_d60_s103_w3_every_4_weeks_notional_100pct_equity_one_at_a_time,fixed_d60_s103_w3_monthly_risk_5pct_initial_ladder,fixed_d60_s103_w3_monthly_risk_5pct_initial_one_at_a_time,fixed_d60_s103_w3_monthly_notional_100pct_equity_ladder,fixed_d60_s103_w3_monthly_notional_100pct_equity_one_at_a_time,fixed_d42_s103_w5_weekly_risk_5pct_initial_ladder,fixed_d42_s103_w5_weekly_risk_5pct_initial_one_at_a_time,fixed_d42_s103_w5_weekly_notional_100pct_equity_ladder,fixed_d42_s103_w5_weekly_notional_100pct_equity_one_at_a_time,fixed_d42_s103_w5_every_2_weeks_risk_5pct_initial_ladder,fixed_d42_s103_w5_every_2_weeks_risk_5pct_initial_one_at_a_time,fixed_d42_s103_w5_every_2_weeks_notional_100pct_equity_ladder,fixed_d42_s103_w5_every_2_weeks_notional_100pct_equity_one_at_a_time,fixed_d42_s103_w5_every_4_weeks_risk_5pct_initial_ladder,fixed_d42_s103_w5_every_4_weeks_risk_5pct_initial_one_at_a_time,fixed_d42_s103_w5_every_4_weeks_notional_100pct_equity_ladder,fixed_d42_s103_w5_every_4_weeks_notional_100pct_equity_one_at_a_time,fixed_d42_s103_w5_monthly_risk_5pct_initial_ladder,fixed_d42_s103_w5_monthly_risk_5pct_initial_one_at_a_time,fixed_d42_s103_w5_monthly_notional_100pct_equity_ladder,fixed_d42_s103_w5_monthly_notional_100pct_equity_one_at_a_time,fixed_d56_s104_w5_weekly_risk_5pct_initial_ladder,fixed_d56_s104_w5_weekly_risk_5pct_initial_one_at_a_time,fixed_d56_s104_w5_weekly_notional_100pct_equity_ladder,fixed_d56_s104_w5_weekly_notional_100pct_equity_one_at_a_time,fixed_d56_s104_w5_every_2_weeks_risk_5pct_initial_ladder,fixed_d56_s104_w5_every_2_weeks_risk_5pct_initial_one_at_a_time,fixed_d56_s104_w5_every_2_weeks_notional_100pct_equity_ladder,fixed_d56_s104_w5_every_2_weeks_notional_100pct_equity_one_at_a_time,fixed_d56_s104_w5_every_4_weeks_risk_5pct_initial_ladder,fixed_d56_s104_w5_every_4_weeks_risk_5pct_initial_one_at_a_time,fixed_d56_s104_w5_every_4_weeks_notional_100pct_equity_ladder,fixed_d56_s104_w5_every_4_weeks_notional_100pct_equity_one_at_a_time,fixed_d56_s104_w5_monthly_risk_5pct_initial_ladder,fixed_d56_s104_w5_monthly_risk_5pct_initial_one_at_a_time,fixed_d56_s104_w5_monthly_notional_100pct_equity_ladder,fixed_d56_s104_w5_monthly_notional_100pct_equity_one_at_a_time,fixed_d28_s99_w3_weekly_risk_5pct_initial_ladder,fixed_d28_s99_w3_weekly_risk_5pct_initial_one_at_a_time,fixed_d28_s99_w3_weekly_notional_100pct_equity_ladder,fixed_d28_s99_w3_weekly_notional_100pct_equity_one_at_a_time,fixed_d28_s99_w3_every_2_weeks_risk_5pct_initial_ladder,fixed_d28_s99_w3_every_2_weeks_risk_5pct_initial_one_at_a_time,fixed_d28_s99_w3_every_2_weeks_notional_100pct_equity_ladder,fixed_d28_s99_w3_every_2_weeks_notional_100pct_equity_one_at_a_time,fixed_d28_s99_w3_every_4_weeks_risk_5pct_initial_ladder,fixed_d28_s99_w3_every_4_weeks_risk_5pct_initial_one_at_a_time,fixed_d28_s99_w3_every_4_weeks_notional_100pct_equity_ladder,fixed_d28_s99_w3_every_4_weeks_notional_100pct_equity_one_at_a_time,fixed_d28_s99_w3_monthly_risk_5pct_initial_ladder,fixed_d28_s99_w3_monthly_risk_5pct_initial_one_at_a_time,fixed_d28_s99_w3_monthly_notional_100pct_equity_ladder,fixed_d28_s99_w3_monthly_notional_100pct_equity_one_at_a_time,SPX benchmark,within_universe_fixed_for_r040_u59_g0_every_4_weeks_risk_5pct_initial_ladder,within_universe_fixed_for_r079_u42_g1_every_2_weeks_notional_100pct_equity_one_at_a_time,within_universe_fixed_for_r085_u58_g0_monthly_risk_5pct_initial_one_at_a_time,within_universe_fixed_for_r087_u59_g0_monthly_notional_100pct_equity_ladder
2018,-0.03371820337863152,-0.04229163225724908,-0.03720260792162855,-0.04651360219804712,-0.0011351653574589449,-0.002971221074077768,-0.006012007605202485,-0.023449470038828912,-0.022936144413092663,-0.04033053793569763,-0.02422863525564045,-0.015637355666797026,-0.00099115065384614,0.0005857159568396497,-0.012230504653734098,-0.04999999999999949,0.0014875949838084601,0.001912986148910445,0.0007492827952930714,0.0009651014830995841,-0.000229337222768633,-0.00045924507389760727,0.0009296837549692683,0.0006415164897786152,0.0003192822862474465,0.00041316378417333155,0.000193605001774122,0.0002406568528112718,-0.0090224459403081,0.0012377164988268685,0.0009296837549692683,0.0006415164897786152,-0.0028571380060677942,-0.019618586977091734,-0.0054287302323731135,-0.041533348355114685,-0.004470738683636344,-0.022260846905667098,-0.023318376575479416,-0.013096273900679023,-0.06711117221152996,-0.036114911080710854,-0.018233397091676484,-0.01267989391001556,-0.034483000777636885,-0.0028571380060677942,-0.019618586977091734,-0.0054287302323731135,-0.041533348355114685,-0.004470738683636344,-0.022260846905667098,-0.021076984734754056,-0.07311262160619325,-0.010505027014929502,-0.04054700015721746,-0.005674469417597527,-0.00031589912027052414,-0.00976076340348686,-0.029388080759030433,-0.0023224765897852384,-0.02091703216885954,0.0032751815360514414,0.0,-0.023453130370526987,-0.011045385191228108,0.004296198648690908,-0.0394909388944541,0.002327691756306871,-0.008073414637040366,0.003669125198394241,0.01229152751384155,-0.04405968015205741,-0.08468521236299908,-0.013373057811914002,-0.02394102515686225,-0.04985222951282875,-0.09849030310068496,-0.015289399819156557,-0.028265284410122216,-0.057642676888321476,-0.07352905787510511,-0.017409714397539466,-0.020760355819845366,-0.04243895755801441,-0.03527859992278992,-0.012619892219494888,-0.00866864952926305,-0.035900769365945884,-0.064858837687651,-0.019440312695339634,-0.03526653436044758,-0.043798043977213985,-0.044882946692377024,-0.02384585094835634,-0.023710495767508277,-0.027683462656455937,-0.06535084217546416,-0.01443078604872472,-0.03445956398051253,-0.008746568357988815,-0.02747705357852981,-0.004135525814308094,-0.014139761638293558,-0.04883908078178201,-0.09967847956558995,-0.023464112310964014,-0.045800794167593084,-0.06288814574956703,-0.09967847956558995,-0.030558146716218704,-0.045800794167593084,-0.08776863953481884,-0.09967847956558995,-0.04203041380978545,-0.045800794167593084,-0.06704354085806385,-0.09967847956558995,-0.03165707441579024,-0.045800794167593084,-0.034310734768762896,-0.06566165251942113,-0.01810846163330937,-0.03251253093679385,-0.04281241451298601,-0.048759277931360034,-0.022766659109907827,-0.026206463126874247,-0.048759277931360034,-0.048759277931360034,-0.026206463126874247,-0.026206463126874247,-0.021872400780104884,-0.021872400780104884,-0.014484280024315233,-0.014484280024315233,-0.14432336594019568,-0.004494636859650347,-0.013390587010188582,0.0,0.0
2019,0.006916846942392363,0.03018167904550273,0.007040289701212066,0.03307372312392487,0.015051077999205908,0.03862773505048245,0.09443063199849977,0.11121159447730222,0.021568124034594183,0.022914878166162778,0.02427018442147455,0.025898493721518756,0.015313423282018901,0.022404978017448007,0.0870003541744917,0.09075225059797254,0.004468918614977113,0.005424093411467545,0.0022863008143905184,0.002759372644608682,0.020123729671449375,0.02279284868404763,0.08776718146257423,0.16647713129339503,0.004331123317377061,0.0057091820412260574,0.002222331549002643,0.0029316551243550037,0.07116840989392403,0.05094717640109536,0.08776718146257423,0.16647713129339503,0.008354037961588956,0.021679179803610893,0.019640675221961557,0.05267463610008072,0.012487387245087689,0.0635001520313796,0.03131138912156084,0.023364473472337055,0.0899529205145857,0.05458615704872205,0.028431437190508557,0.03229297757655125,0.06604442194704574,0.008354037961588956,0.021679179803610893,0.019640675221961557,0.05267463610008072,0.012487387245087689,0.0635001520313796,0.05475957135534282,0.0986849472854252,0.030343377705242647,0.05533807384562528,0.0050848957065334766,0.04448416831604218,0.030801070772963124,0.04176650408130822,0.014709052223752295,0.03785073324194155,0.012883234889755402,0.04142764529054199,0.014106080980972102,0.021125590833649843,0.027522970023979187,0.06657914060541459,0.00958066548480252,0.0188583384262746,0.03144797765773344,0.10412177490886654,0.0592129212360486,0.05476671983336745,0.018122890451905516,0.015606860483592389,0.06000697067999328,0.09392645126798937,0.017962658999651326,0.02516905255555546,0.05773353208487264,0.09824013155928468,0.017104036554024482,0.028414137558580244,0.05273006079687059,0.10053913179968244,0.014875069176588207,0.028187422447632615,0.06938043194288035,0.08067663354880183,0.038681177343902196,0.041991170693060464,0.062377945132966905,0.1117340714451962,0.034508260762687426,0.06088695192796645,0.04851460483383807,0.05266512186376371,0.02708269991111023,0.027789873813089727,0.0747783868784464,0.14074077796431528,0.04199371069099023,0.07857894021959799,0.07095907861496187,0.13671310637821232,0.035409340801233924,0.061498388628550726,0.07056484221234527,0.11483589170047992,0.03447850416726417,0.05200734725013412,0.07501144616324629,0.06009272102170504,0.03626194613271738,0.028911658443713018,0.08775429836955961,0.124952819292661,0.039633526211121595,0.053825385498003975,0.02054377833890575,0.016457219677509904,0.008665677687764495,0.0050465546263582794,0.013336808555488577,0.005214033459104206,0.004872283381919695,-8.845318914318945e-06,-0.03171177793583324,-0.03171177793583324,-0.017111266833797267,-0.017111266833797267,0.04936982059300421,0.04936982059300421,0.023651869706376782,0.023651869706376782,0.28878070225158425,0.007821645165880575,0.007721750640229397,0.0,0.0
2020,-0.0489006597753755,-0.049666086889431305,-0.0712277548596808,-0.0744339833751978,0.019208362713482696,0.044700742938501126,0.057479201490429954,0.09194358766712729,-0.022944347549510247,-0.003944918901629513,-0.0320741336672411,-0.009178696340196413,0.019208362713717175,0.016214062997929712,0.054131893651245155,0.13714292230763547,0.0007835430144293998,0.0030296504885765074,0.0005770223262742125,0.0017555165012059781,0.017607666706054514,0.038747986196705275,0.03331759290922309,0.11369757690750726,0.0007835430144298439,0.0017150221263382281,0.0005788390374210639,0.0010895901782990158,0.00028706125951960537,0.02313350595116548,0.03331759290922309,0.11369757690750726,0.005059778130538373,0.004661582101257222,0.014060422679635476,0.015279421947260508,0.006067620386369654,0.016274142854294293,0.02519033058045106,0.03876268623834456,0.044610565371750344,0.0648076277954126,0.007798340809113347,0.017010841510249897,0.022521794946325224,0.005059778130538373,0.004661582101257222,0.014060422679635476,0.015279421947260508,0.006067620386369654,0.016274142854294293,0.007640806784994458,-0.007260694106713261,0.006364484500260392,0.005042234630752818,0.009540214951600845,0.06806024656034548,0.03873639112706906,0.07641181901314154,0.022006138802008524,0.052683976655916176,0.015919198191514106,0.06144641164522513,0.015891848007610454,0.01692816467956626,-0.017556287206463073,0.031314383057583495,0.005963496316878869,0.05385981076741908,0.01840202110066058,0.03499515561115851,0.04745000961020218,0.0937072712514353,0.015860332735386784,0.029592344553703853,0.0511620367257708,0.10255021470911041,0.01676397601295143,0.03295142005972096,0.04845554009223707,0.12530512354231194,0.01553493293010888,0.04142293166541533,0.03400725334320365,0.057603267676746395,0.010735829984165335,0.018000899362369926,0.0674673468562621,0.14732792889479684,0.040064892073768954,0.08897086156573053,0.06673460060908432,0.1660474583034579,0.0386378935678795,0.10499953405542195,0.046046750704743955,0.0835831286188291,0.026387032693034662,0.045831043532499116,0.04136695827828607,0.06704476068104315,0.02415800869708118,0.03988782141056135,0.051003089138040414,0.1067400911999834,0.027598443305591136,0.05936559082200055,0.051555060789159946,0.11106109700097355,0.02664181567470414,0.05879758393533829,0.045667403900417236,0.0962947094936244,0.021889547479454263,0.04484902633384302,0.03735117549721734,0.0734847993718617,0.01937641964304304,0.03742203756630724,0.03314149712692327,0.10451916800583105,0.01320868758119409,0.041348479121965376,0.0185031415680057,0.07303058058397416,0.006852985359210528,0.02848262312093497,0.015499478736348271,0.015499478736348271,0.0071561508981692334,0.0071561508981692334,0.028442755460255986,0.028442755460255986,0.009677373707131842,0.009677373707131842,0.1625892305570611,0.009248329810521039,0.06926788920076365,0.06475235657427203,0.01847045830405669
2021,0.046050327331711216,0.05694076464243669,0.056704979312722115,0.06742560146055743,0.02007874802200771,0.0235211093965082,0.044260418629180176,0.10736393945641298,0.0401160999701049,0.0334684855814833,0.04591685871703444,0.035845631565945224,0.02022340437914294,0.02803714251096734,0.04535431166192927,0.10870358945389968,0.009932709626437441,0.010309258436207891,0.005119141093751889,0.005307516135411472,0.002918352042293293,0.00584451688799259,0.03925367968237903,0.09660638205346217,0.0097845968781205,0.010456620946430517,0.005046432022762559,0.005444575623081649,0.0639555885120826,0.058651841267516325,0.03925367968237903,0.09660638205346217,0.008970423343462208,0.027250799168068607,0.020641945368032655,0.06292409679288968,0.013033498295540458,0.061306039352767794,0.04236172508489777,0.05139087258111297,0.0996334545464499,0.1011470458954502,0.03482198154944305,0.040294434544312585,0.07401508345705854,0.008970423343462208,0.027250799168068607,0.020641945368032655,0.06292409679288968,0.013033498295540458,0.061306039352767794,0.0813929074006563,0.09914419363399762,0.04374334236598876,0.05328473061933403,0.010823981097882074,0.00487410521940812,0.017614926952424392,0.03299303727443936,0.01098481104044513,0.047930921656647696,0.03271732183685239,0.029848002994886658,0.024239229688047814,0.030853569900861633,0.0058853264689673335,0.1153404308584296,0.011155379137727461,0.04960499717561384,0.05117215640947714,0.08658729571296764,0.07964999706164755,0.19413177418701655,0.02589918236420008,0.06142932823694003,0.06719393901058224,0.08453601857674609,0.02196942489250997,0.02874473248126641,0.07477855127445188,0.1185685636849847,0.02362172758625669,0.041782547652689406,0.04476266207571955,0.052131477931025794,0.015095646105613758,0.020232371430397356,0.06191705080891374,0.08207270760794683,0.03932188449873286,0.05320106477959419,0.07729852352674205,0.08826062638004273,0.047736675611106394,0.06153472458420217,0.07262571855588251,0.10212932866802538,0.04395782328999065,0.06226271883736301,0.06997607102676695,0.1142883775390533,0.044722666051525195,0.07905749692694242,0.08445619986976705,0.17288680067020135,0.045455658912373575,0.09663918658750847,0.086148233021488,0.1363446096827472,0.04522497481265719,0.07438942147294214,0.08387489019443439,0.1192238315162435,0.04245394599285546,0.06146580476989105,0.06831648569346371,0.11044070535567063,0.03674818914515532,0.06203576313815473,0.0396072143557924,0.06480197514077823,0.01914221536990235,0.03206876101988265,0.02291745395806566,0.03848227970344076,0.010349466057164136,0.01784704932095038,0.0485803131271938,0.05037707958951376,0.022430118759744655,0.023267496084110606,0.05405906617486589,0.05405906617486589,0.027524530591018337,0.027524530591018337,0.2689273866137132,0.0034618875695917595,0.020449755741229092,0.06442267603721152,0.030072697885328736
2022,0.02629035763456322,0.025961926417866987,0.037288802547063016,0.03458033149463646,0.001104067836412037,0.04023633012316741,-0.013574968274847499,-0.02287874495131681,0.05250983431820422,0.03435753787455442,0.06205265341921029,0.0292915920562542,0.0011675969795852392,0.03763119407387938,-0.013783042293199377,-0.0229060572937152,0.005144534163020964,0.00514453416302163,0.0026374332204597284,0.0026320266649499935,0.004272057039430344,0.008511368442029044,0.00820043160317696,-0.006082610596533811,0.0039649129797301175,0.004540606574213957,0.0020540612390853585,0.0023380825826333496,0.07039003509447439,-0.02749144453593444,0.00820043160317696,-0.006082610596533811,-0.0003914878382385023,-0.025827092804445617,0.0003252140650624735,-0.05854324046346471,0.008259668433394873,0.03682341977423542,0.002078454340707969,-0.07173413595756717,0.0010138372604064916,-0.12734232209168672,0.010214162508043856,0.023321636547396274,0.025514012711448597,-0.0003914878382385023,-0.025827092804445617,0.0003252140650624735,-0.05854324046346471,0.008259668433394873,0.03682341977423542,0.07086044138662762,0.028898643985519445,0.04157957971270676,0.022423421360034723,0.0007371251000629631,-0.006156229397087265,0.01718559081522608,0.0027196957969244373,0.011422716511291453,0.035001619627410996,0.00828429839899747,-0.03461414003840213,0.0010290448574314937,0.020703108264567005,0.05621797943895923,-0.017183946983256204,0.005042737670805986,0.030427689108502687,-0.002534472224709261,-0.013340250519401242,-0.05211983673646514,-0.12553060536661054,-0.018498383831262455,-0.04694674403188481,-0.033105662917471745,-0.04569495565073689,-0.011676994847326094,-0.018007133375801843,-0.05203292686964012,-0.08341863492773316,-0.017490098505419938,-0.03065704289511373,0.01606811950003939,-0.0050204415561200255,0.005020982423623588,-0.00353225855017425,-0.051270146607382494,-0.11136225236685271,-0.034556226577182714,-0.07898639333246171,-0.01786227332757384,-0.06871467371374707,-0.013550457059782417,-0.055351559859273425,-0.056090039146516335,-0.13918566853611647,-0.03711245485949444,-0.09152268769360172,0.002379170721210855,-0.006239635732835702,0.0007124624099807964,-0.006283627394454094,-0.03996371553250444,-0.1221665185216374,-0.02406085159921756,-0.080915879780463,-0.039626137675735196,-0.14188353137722143,-0.022892823322730904,-0.08942039453788864,-0.07124725415064015,-0.1705821414931713,-0.039978348405126485,-0.09796633546332534,0.006350067735396481,-0.016310342333399563,0.003687402483481428,-0.010691018560901488,-0.0657916484371105,-0.15778278104990195,-0.032106554057695136,-0.0805281026188579,-0.01592118797273634,-0.0772854072556578,-0.007386743626667691,-0.03589605360572856,-0.07374827856943034,-0.07362212536582147,-0.030566746573679193,-0.030566746573680303,-0.023731934546082245,-0.023731934546082245,-0.01166719234633451,-0.01166719234633451,-0.19442827203429158,0.006243578221343693,0.03439518315236212,-0.06011297729113907,-0.005868350046033699
2023,0.04678583058677188,0.05697147128787039,0.053842634482621055,0.06364256287710024,0.013166066732060111,0.04280152984646146,0.05959645587670659,0.10137152440198771,0.029477240162282925,0.01907781048916357,0.030770569499779965,0.017264266883193713,0.013073202060652322,0.01814076867411929,0.06057834530391615,0.1016041772654912,0.0026170048156666237,0.002748287991347409,0.0013166157920532218,0.0013787583270490344,0.0033836268217002363,0.012673180309297205,0.016400722505902188,0.03930168554879465,0.0025944840450899953,0.0026500419162847066,0.0013085651672217757,0.001334993629799719,0.038946518613599546,0.03218366420163399,0.016400722505902188,0.03930168554879465,0.012956245529738952,0.026813698789753815,0.030038965546373086,0.06201650675486903,0.0011631181627080878,0.005242242877452341,0.01963570308746254,0.029911478708422035,0.037865133075751345,0.05441937591822055,0.010188085336682695,0.02112501596213967,0.024699919671467008,0.012849890999530045,0.025660146584729482,0.029808014153970497,0.05947928393012658,0.0011631181627080878,0.005242242877452341,0.07222580322075167,0.08179999135147198,0.03589335432433449,0.04112015352422005,0.0045111898621394975,0.03411911500571296,0.026723310041332216,0.05727285163540441,0.006701167202747493,0.04335819749558634,0.008074961321301144,0.035415716635230465,0.02379276987717316,0.013907166789376202,0.02263555237214998,0.11105669157752707,0.006989613027798658,0.025544801914489934,0.04181031248174083,0.09945562119975748,0.02348143659116353,0.07434054754229003,0.008280795304183464,0.025184319581436965,0.017498330334538625,-0.016771438277738415,0.006648466355233085,-0.005212860145567544,0.02284929402552449,-0.027154739776161674,0.008996331388438028,-0.008641762049970247,0.018498445727506807,0.012659206113898591,0.007005040616668845,0.004909171422201597,0.03248431597566093,0.06896874686067722,0.020302715391511406,0.042472388811060524,0.038448836532755104,0.04157192798548093,0.025358779212076632,0.02878695960409927,0.04163229627772913,0.03977971694662452,0.026110544774656574,0.02297666327253789,0.03674909349187905,0.0497429830004239,0.024536210839827932,0.03609256980323816,0.032335135216729816,0.0707919324532178,0.019042289128484047,0.04243716661740127,0.025984780534912266,-0.011505331650759287,0.015332927164863452,-0.006463981841753896,0.03601271362126224,-0.0011517442784272358,0.020590331842916365,0.000921976491724763,0.02911845995578921,0.019511412459583655,0.01782802186443222,0.011342804649947302,0.036185356915890754,0.0162291839801052,0.01642031146622358,0.00534290336286225,0.026601176987495867,0.035131252797901746,0.012258332847084219,0.015798517977617443,0.04723015875797576,0.0471429464805313,0.019534178466604324,0.019534178466604102,-0.015707178349074757,-0.015707178349074757,-0.009427906311543666,-0.009427906311543666,0.24230500797629806,0.0025404900209347048,0.024949722382497486,0.035123757462860006,0.028332630171797657
2024,0.06487127651534763,0.08518065894987314,0.06841112251726522,0.08571841903426725,0.008777568775841793,0.02501419775253022,0.016542064083497898,0.0038898889614700227,0.047229159167280654,0.016540341570543182,0.04688779982294533,0.022750336252584935,0.008635554913392296,0.00945175113059804,0.016751376614844604,0.0035866955772387854,0.0019919784857544975,0.00217794201825372,0.0010086492052272522,0.0010977152323432549,0.0009422007728203674,0.002037315988185684,0.007048633175757546,0.012311852242283594,0.0019652769569624695,0.0022528266489503235,0.0009964564531523834,0.0011744460224127895,0.040413753623525395,0.004613350657377557,0.007048633175757546,0.012311852242283594,0.010560565132441413,0.029348630545703358,0.02215868216596606,0.060516742362094034,0.016051833178294173,0.06816566545616243,0.05424212003065265,0.07109762832263256,0.1175301718473194,0.12691206780706143,0.030346252733618684,0.029743638307814013,0.0564288876396597,0.010560565132442301,0.02934863054570469,0.022163651615058955,0.06066166681916263,0.016051833178294173,0.06816566545616243,0.08431977825708903,0.12668671245802088,0.03873014990847934,0.05779120341642785,0.00949631822589403,0.06982688007865123,0.036036670455222186,0.08690918297825334,0.015878225173816984,0.06541125918278912,0.0191634119505808,0.02950584547910795,0.021522623247149486,0.07659151665683561,0.02067220793038449,0.10919191720764654,0.010106051392422266,0.04800341586191159,0.028982470645840808,0.08605644027429338,0.04524539748993428,0.11600010109746228,0.015767993709833394,0.04064045960720408,0.047903601542155005,0.074262036884706,0.016530397285579257,0.023653496462611612,0.019883190748521296,0.03149035618415419,0.006734906630902593,0.010152836634224283,0.061727621983291625,0.13634897740250418,0.02174528441671808,0.05145018410474278,0.05237340932400225,0.06464500868403622,0.03476780311854255,0.04317780671741578,0.0665825159143476,0.08306219428498052,0.04645751896352812,0.06311023279104067,0.027827180518682493,0.03971653031254241,0.018107605172245744,0.024337427221537977,0.05875547249749058,0.09808846355341805,0.042519876578478,0.08044759627144193,0.046067343030571584,0.09473889100453259,0.027315201467079664,0.05954013179863371,0.04856161590869057,0.08061548472787727,0.028361058087619906,0.04417775805461921,0.021837005896805595,0.061055706453924774,0.01177153568352396,0.02991604408347337,0.06021998842397713,0.11893116380245994,0.03585295608840289,0.07445704661780272,0.02301898007425862,0.046433959904023325,0.010912922449966889,0.019798323107409033,0.013768951423237308,0.009319942073261034,0.0056198692513949045,0.0018766021018354895,-0.040349224345004986,-0.04027807229110569,-0.021249149062590345,-0.0212491490625899,0.04810177003614324,0.04810177003614324,0.02572230640859896,0.02572230640859896,0.23309002343423768,0.0013016737561577507,0.0554654282359488,0.06359398372729497,0.023105112311061937
2025,0.019708746437614222,0.036701639457010105,0.021852165594725914,0.03770673750315523,0.011072158567182244,0.06225439245429265,0.04239889225838156,0.08430957314192278,0.01295622921869266,0.022923636961676097,0.012859678821999676,0.028536686549031076,0.011677072952839707,0.032748421455714105,0.04329934847076067,0.08423852029248424,0.00421775133106328,0.004738203829000032,0.0021012283421883993,0.0023364865127615264,0.014685481113789312,0.01623732689345081,0.028967152508640126,0.05417412970136071,0.003124263909992875,0.003182766210941157,0.0016891590662118094,0.0017128396650707423,0.05939162395725006,0.018105043350815864,0.028967152508640126,0.05417412970136071,0.008114916880497258,0.01739606808541283,0.016902810099238552,0.03387802034813192,0.009353362892609907,0.03743520496263408,0.03210851883637189,0.021530133104636473,0.0579674466028699,0.033161391969499965,0.0018333219924511202,0.005253429085928962,0.004190962831637002,0.008114916880496592,0.01739606808541394,0.016906518637777923,0.033954510811434746,0.009353362892609907,0.03743520496263408,0.08892230862798822,0.16964863157047239,0.04098275570126919,0.07490498986866845,-0.027837435532410137,0.04460588782424346,-0.007450149751601409,-0.015804463312988237,0.006705907548035572,0.002607388741797445,0.0029811944349675823,0.03482935673145393,0.014873128087943277,0.05690532854417607,0.016691726779775706,0.03806254495448602,0.005893604031643518,0.024809140476775182,0.025155179348720358,0.010007113261556455,0.016546757372140286,0.09583471259316245,0.006706351547228762,0.04459269562621082,0.026530243372488993,0.07522429241286432,0.010466825832818216,0.02932614390143118,0.019418405864139565,0.024879449474471738,0.007381569445468195,0.009801726857280535,0.02023592589618528,0.031139080037488442,0.0077474065334466324,0.013122743875648046,0.02861244706247712,0.033662085269043684,0.02047468526628826,0.025990925474534965,0.0315898824466343,0.05581956268933852,0.023891187410737258,0.04743776375123776,0.019113463676515563,0.028454851395493863,0.013219799713084956,0.018703956240159192,0.024926283600925414,0.03668349756146716,0.01861179079035402,0.031207697504808785,0.013352610003085186,0.06767730797318006,0.00934247890122597,0.05235838489571365,0.01807343798897909,0.06920971461689995,0.012843807240923155,0.046042003487378524,0.004289635897316568,0.06233770943434647,0.0031705183559127548,0.03595512287235181,0.0356840147137476,0.04335760471777261,0.023650416690436993,0.031873888963743546,0.019291050283526845,0.09980246881034405,0.008676180435295278,0.04655181032849365,0.015588509957823016,0.07754694326995315,0.00686817300798892,0.03657835730291681,0.028648962215561014,0.028596322234107463,0.012864189887771493,0.012864189887770605,6.0050168386727165e-05,6.0050168386727165e-05,-0.0011674566463646396,-0.0011674566463646396,0.16387806380067427,0.0031043613744201615,0.03956494330936344,0.026262303939293297,0.020624812570122497
2026,0.04077334070191907,0.06315689263533097,0.04094811394677289,0.0592455923826658,0.0023735783516671827,0.019937899629454137,0.015131735021644444,0.00509777732974781,0.0344898319990361,0.017618467490118528,0.033446838290393854,-0.00131176992320714,0.002001436280162805,0.012135166033330647,0.015356479421403169,0.00470417165397885,0.0029437282868280956,0.00295275906488901,0.0014738168002266239,0.0014742707248336373,0.0026288052910901083,0.0037315163022477726,0.0015095665463198404,0.003252294675720302,0.0027496747578450442,0.002832245402701883,0.0013927375339393144,0.0014315052217823698,0.045789184196839416,0.02504212797782346,0.0015095665463198404,0.003252294675720302,0.007162854705386357,0.013877398677952568,0.014656941014607572,0.026419203969739957,0.0009670856289880625,0.0038331802843496465,-0.0093319602316283,2.4067723607856806e-05,-0.016851053541882655,-0.001869617203331786,0.019311253125357863,0.012814375755689555,0.033925715070673546,0.007162854705387023,0.013877398677952568,0.014660103337361452,0.026476894902732306,0.0009670856289880625,0.0038331802843496465,0.05979775381883079,0.0918902175753773,0.026487518698160795,0.03894867762165011,0.009292553425884309,0.00013786446019481424,0.013342059381294735,0.028998967675144094,0.0012475414194113021,0.026197338731102304,0.009762920314469792,0.030534521797835223,0.005260865459694841,0.032366866773166025,0.01396660055797816,0.003944092463725735,0.0007379885922487173,0.002202313889206664,0.0001626765518860651,0.04696643448778337,-0.001660331476460608,-0.052418934341630585,0.00019464514381795084,-0.02176931672606841,0.01613510714861799,0.020932160568008173,0.006134958945709812,0.00834571695005959,0.007289026996892156,-0.026970307404322158,0.0028669954764974914,-0.010210244988111739,0.021285087195855867,0.014921787933972253,0.008718619740939904,0.006714641031585922,-0.017368715020395054,-0.036842587752119904,-0.012728496184598703,-0.0280265684711285,-0.004775232972771826,-0.02109830918604927,-0.004214074419417679,-0.019213866308932293,-0.02394021938385693,-0.04133578658365078,-0.017195580823546774,-0.027653968419888764,-0.021598218613795628,-0.012701743480271865,-0.01764032833904705,-0.011622930401371523,-0.007644116037975546,-0.045825175907770466,-0.004101447423331517,-0.03118630284713353,0.005810664979911673,0.02394087158476421,0.0032451756426465916,0.01574997047854687,0.00986830851831444,-0.014534011685877313,0.005464690707554176,-0.008678481259655091,0.018233192647535867,0.01234265469658058,0.013083329646736308,0.009854804258599748,0.0051543709520069925,0.012441060988330088,0.002412132153780222,0.0052997576617588305,0.015915588868459674,0.015495271788647846,0.007711947398056029,0.00739803136790429,-0.005869634507131738,-0.005859149398723451,-0.0035476438738393234,-0.0035476438738397675,-0.016315867118263272,-0.016315867118263272,-0.00888352505977763,-0.00888352505977763,0.11759550069388824,0.0023775975784714465,0.02187550386369308,0.030056695440318526,0.01954645662081389
