strategy_id,ranking_basis,selector_index,cadence_index,sizing_index,mode_index,cadence,sizing,position_mode,universe,min_dte,max_dte,min_short,max_short,min_width,max_width,universe_index,positive_only,rule_index,rule,family,rv_window,vol_multiplier,assumed_drift,history_window,trades,wins,profit_hits,unresolved_marks,estimated_marks,bound_flags,selection_unresolved,selection_trades,available_entries,selection_available_entries,positive_gate_cash_entries,occupied_entries,choice_changes,win_rate,profit_hit_rate,entry_coverage,selection_entry_coverage,mean_actual_dte,mean_holding_days,mean_entry_score,mean_notional_pct_initial,max_risk_pct_initial,max_notional_pct_initial,unique_maturity_targets,unique_short_targets,unique_widths,planned_entries,selection_planned_entries,cagr,vol,sharpe,max_drawdown,train_cagr,train_vol,train_sharpe,train_max_drawdown,validation_cagr,validation_vol,validation_sharpe,validation_max_drawdown,test_cagr,test_vol,test_sharpe,test_max_drawdown,ending_equity,insolvent,validation_score,eligible_validation,eligible_historical
r040_u59_g0_every_4_weeks_risk_5pct_initial_ladder,historical,118,2,0,0,every_4_weeks,risk_5pct_initial,ladder,dte90-180_short90-110_width1-10,90,180,90,110,1,10,59,False,40,edge_per_risk_rv63_scale1.2_drift0,edge_per_risk,63,1.2,0.0,0,101,91,88,0,1,34,0,81,103,83,0,0,78,0.900990099009901,0.8712871287128713,0.9809523809523809,0.9880952380952381,105.64356435643565,36.613861386138616,0.097659187377636,1.5051440857756935,0.043333333333333335,5.0,4,6,6,105,84,0.038325388702669105,0.02705949253214354,1.4076086282239486,-0.024752453389892404,0.04010196642409136,0.02903263258900876,1.3719474590162013,-0.024752453389892404,0.03461693160153945,0.02279349513707378,1.5104909434834066,-0.017664075428876158,0.03686304516814021,0.024827582434546407,1.4714052580010146,-0.016601190430796442,1350629.7489062482,False,1.496636595036686,True,True
r041_u59_g0_every_4_weeks_risk_5pct_initial_ladder,historical,118,2,0,0,every_4_weeks,risk_5pct_initial,ladder,dte90-180_short90-110_width1-10,90,180,90,110,1,10,59,False,41,annual_edge_per_risk_rv63_scale1.2_drift0,annual_edge_per_risk,63,1.2,0.0,0,99,88,86,0,0,39,0,79,103,83,0,0,74,0.8888888888888888,0.8686868686868687,0.9809523809523809,0.9880952380952381,99.72727272727273,33.101010101010104,0.37344893212263286,1.509144321409608,0.04166666666666667,5.0,3,8,6,105,84,0.036611128247519,0.027001268631777157,1.3491992542383107,-0.02513139512167506,0.036819373432074975,0.028750365872743763,1.2749211123192556,-0.02513139512167506,0.035206276192786046,0.02314939645136154,1.5123216773491392,-0.01792081357551778,0.037525353051941934,0.025165904724740784,1.4773517873723991,-0.016804641927408825,1332911.2549647603,False,1.4885816208461509,True,True
r085_u58_g0_monthly_risk_5pct_initial_one_at_a_time,historical,116,3,0,1,monthly,risk_5pct_initial,one_at_a_time,dte90-180_short90-110_width5-10,90,180,90,110,5,10,58,False,85,whole_spread_edge_z_rv21_history104,whole_spread_history_z,21,1.0,0.0,104,63,59,59,0,0,5,0,53,92,73,0,29,61,0.9365079365079365,0.9365079365079365,0.9583333333333334,0.948051948051948,108.66666666666667,31.50793650793651,1.1103053613989997,1.1272368365803207,0.05000000000000001,5.0,3,25,3,96,77,0.057723248253440884,0.042980893509778295,1.3311474991160113,-0.06167229294636378,0.05813151249661508,0.04602941950491742,1.2534671468634282,-0.06167229294636378,0.08040662377727048,0.03812748769265097,2.055848352438425,-0.024015172835953114,0.03444180390588625,0.037846422714522834,0.9141819530984933,-0.057140090745330774,1565958.3930874236,False,1.9756102318809252,True,True
r042_u58_g1_every_4_weeks_risk_5pct_initial_ladder,historical,117,2,0,0,every_4_weeks,risk_5pct_initial,ladder,dte90-180_short90-110_width5-10,90,180,90,110,5,10,58,True,42,payoff_sharpe_rv63_scale1.2_drift0,payoff_sharpe,63,1.2,0.0,0,82,79,78,0,0,10,0,65,103,83,21,0,33,0.9634146341463414,0.9512195121951219,0.9809523809523809,0.9880952380952381,94.64634146341463,27.0,0.3010823229793132,0.5214084476296881,0.0375,3.7661375384615354,3,3,2,105,84,0.027634412067158998,0.021622341966304102,1.2753144737500302,-0.020664711754922793,0.03508719535457128,0.023758867141480552,1.4667237072794252,-0.020664711754922793,0.01367481170367335,0.01976587779842244,0.6997828764613234,-0.017007782248075975,0.019588013698792484,0.015943035661437278,1.2254696015408855,-0.015232604449844978,1243408.456944139,False,0.6230887933795133,True,True
r043_u58_g1_every_4_weeks_risk_5pct_initial_ladder,historical,117,2,0,0,every_4_weeks,risk_5pct_initial,ladder,dte90-180_short90-110_width5-10,90,180,90,110,5,10,58,True,43,annual_payoff_sharpe_rv63_scale1.2_drift0,annual_payoff_sharpe,63,1.2,0.0,0,82,79,78,0,0,10,0,65,103,83,21,0,33,0.9634146341463414,0.9512195121951219,0.9809523809523809,0.9880952380952381,94.64634146341463,27.0,0.5927718719078118,0.5214084476296881,0.0375,3.7661375384615354,3,3,2,105,84,0.027634412067158998,0.021622341966304102,1.2753144737500302,-0.020664711754922793,0.03508719535457128,0.023758867141480552,1.4667237072794252,-0.020664711754922793,0.01367481170367335,0.01976587779842244,0.6997828764613234,-0.017007782248075975,0.019588013698792484,0.015943035661437278,1.2254696015408855,-0.015232604449844978,1243408.456944139,False,0.6230887933795133,True,True
r056_u58_g1_every_4_weeks_risk_5pct_initial_one_at_a_time,historical,117,2,0,1,every_4_weeks,risk_5pct_initial,one_at_a_time,dte90-180_short90-110_width5-10,90,180,90,110,5,10,58,True,56,edge_per_risk_rv126_scale1_drift0,edge_per_risk,126,1.0,0.0,0,52,50,49,0,0,3,0,41,103,83,17,34,40,0.9615384615384616,0.9423076923076923,0.9809523809523809,0.9880952380952381,123.86538461538461,36.13461538461539,0.08819262091250485,1.029980418712908,0.05000000000000001,5.0,4,5,3,105,84,0.055936471509317576,0.04372626457742723,1.2703811073252713,-0.05051911103313189,0.06667225707259394,0.05163288810166366,1.2787787748323836,-0.05051911103313189,0.0262747905648979,0.01552737030157134,1.6848441334097817,-0.004756919683806093,0.0542796702293451,0.03641075265191112,1.470854203754848,-0.017798375509890274,1544941.5468479423,False,1.6442375975520418,True,True
r087_u59_g0_monthly_notional_100pct_equity_ladder,historical,118,3,1,0,monthly,notional_100pct_equity,ladder,dte90-180_short90-110_width1-10,90,180,90,110,1,10,59,False,87,whole_spread_edge_z_rv63_history104,whole_spread_history_z,63,1.0,0.0,104,92,80,80,0,1,51,0,73,92,73,0,0,88,0.8695652173913043,0.8695652173913043,0.9583333333333334,0.948051948051948,115.19565217391305,40.119565217391305,1.2394747916400486,0.29808818598013376,0.02619191142146756,0.9170567241532387,3,30,7,96,77,0.007228769992264628,0.005855272457142711,1.2367346025872092,-0.008774998571343895,0.007885308716373718,0.006766026776818701,1.1668820272558207,-0.008774998571343895,0.008411615665684602,0.004544459424820967,1.8529546663251097,-0.0029039356500834,0.004103335494107352,0.003681416456766032,1.1148427039122688,-0.004352323185177198,1059253.2334025085,False,1.784347402418181,True,True
r043_u58_g1_every_4_weeks_risk_5pct_initial_one_at_a_time,historical,117,2,0,1,every_4_weeks,risk_5pct_initial,one_at_a_time,dte90-180_short90-110_width5-10,90,180,90,110,5,10,58,True,43,annual_payoff_sharpe_rv63_scale1.2_drift0,annual_payoff_sharpe,63,1.2,0.0,0,54,51,50,0,0,10,0,43,103,83,21,28,23,0.9444444444444444,0.9259259259259259,0.9809523809523809,0.9880952380952381,93.75925925925925,32.2037037037037,0.6190679518361542,1.435216353494647,0.05000000000000001,5.0,3,3,2,105,84,0.05861388027857384,0.047523402303012725,1.2259482961693344,-0.0646470523592666,0.07823522172086239,0.05365473775247383,1.4339978797526458,-0.0646470523592666,0.02279074947908688,0.03377261841696252,0.6867688089884817,-0.028562715936365612,0.037281751971975474,0.03893285520985848,0.9601859873248041,-0.0298839432882384,1576527.4921419048,False,0.6120459019120653,True,True
r042_u58_g1_every_4_weeks_risk_5pct_initial_one_at_a_time,historical,117,2,0,1,every_4_weeks,risk_5pct_initial,one_at_a_time,dte90-180_short90-110_width5-10,90,180,90,110,5,10,58,True,42,payoff_sharpe_rv63_scale1.2_drift0,payoff_sharpe,63,1.2,0.0,0,54,51,50,0,0,10,0,43,103,83,21,28,23,0.9444444444444444,0.9259259259259259,0.9809523809523809,0.9880952380952381,93.75925925925925,32.2037037037037,0.3144268543734861,1.435216353494647,0.05000000000000001,5.0,3,3,2,105,84,0.05861388027857384,0.047523402303012725,1.2259482961693344,-0.0646470523592666,0.07823522172086239,0.05365473775247383,1.4339978797526458,-0.0646470523592666,0.02279074947908688,0.03377261841696252,0.6867688089884817,-0.028562715936365612,0.037281751971975474,0.03893285520985848,0.9601859873248041,-0.0298839432882384,1576527.4921419048,False,0.6120459019120653,True,True
r087_u57_g1_monthly_risk_5pct_initial_ladder,historical,115,3,0,0,monthly,risk_5pct_initial,ladder,dte90-180_short90-110_width3-5,90,180,90,110,3,5,57,True,87,whole_spread_edge_z_rv63_history104,whole_spread_history_z,63,1.0,0.0,104,88,80,80,0,1,15,0,69,92,73,4,0,83,0.9090909090909091,0.9090909090909091,0.9583333333333334,0.948051948051948,116.8409090909091,34.47727272727273,1.1932872092824223,0.8566169087348335,0.03916666666666667,3.9156854512407677,3,31,3,96,77,0.024669645144274943,0.020283153121736765,1.2152627194442411,-0.02232631268420482,0.026897274125221804,0.020747149515878346,1.2926237628291553,-0.02232631268420482,0.02693738114436961,0.019861085817877166,1.353715121171187,-0.016852949518366467,0.01584489639582687,0.019310844141709152,0.8242292212485808,-0.020020911956029952,1215026.5624313653,False,1.347605985336984,True,True
r057_u58_g1_every_4_weeks_risk_5pct_initial_one_at_a_time,historical,117,2,0,1,every_4_weeks,risk_5pct_initial,one_at_a_time,dte90-180_short90-110_width5-10,90,180,90,110,5,10,58,True,57,annual_edge_per_risk_rv126_scale1_drift0,annual_edge_per_risk,126,1.0,0.0,0,59,56,55,0,0,3,0,47,103,83,17,27,44,0.9491525423728814,0.9322033898305084,0.9809523809523809,0.9880952380952381,95.22033898305085,27.949152542372882,0.34133480974916064,1.0629690185343106,0.05,5.0,3,9,3,105,84,0.05528197509762589,0.045273503964289814,1.2147427241329123,-0.05559106938407232,0.06574876944494545,0.05367937820219994,1.2158505168421354,-0.05559106938407232,0.025750862204065417,0.01595397155399435,1.6080717903856314,-0.0057088080419911424,0.05428649621257642,0.036810706365296174,1.4554451380398175,-0.017883549934127885,1537305.0637438563,False,1.5688496630312818,True,True
r079_u42_g1_every_2_weeks_notional_100pct_equity_one_at_a_time,historical,85,1,1,1,every_2_weeks,notional_100pct_equity,one_at_a_time,dte45-120_short98-105_width5-10,45,120,98,105,5,10,42,True,79,mean_leg_iv_rv_z_rv21_history104,iv_rv_history_z,21,1.0,0.0,104,68,64,64,0,0,2,0,54,209,167,100,41,53,0.9411764705882353,0.9411764705882353,1.0,1.0,69.48529411764706,20.83823529411765,0.9892804962691808,0.5360714719853913,0.12100175876619752,1.327726594078325,6,12,3,209,167,0.036025127714738314,0.03181267832936255,1.1317749594887725,-0.03852502893195564,0.03689161506097194,0.030554069684261397,1.203712125994815,-0.028710932043468862,0.051809400339455136,0.03687285949264852,1.3939385935911586,-0.03852502893195564,0.017992339273173785,0.030046983889521216,0.6088596973653344,-0.03588487866556367,1326901.2061833676,False,1.3749159468315242,True,True
r082_u58_g1_monthly_risk_5pct_initial_ladder,historical,117,3,0,0,monthly,risk_5pct_initial,ladder,dte90-180_short90-110_width5-10,90,180,90,110,5,10,58,True,82,short_iv_rv_z_rv63_history104,iv_rv_history_z,63,1.0,0.0,104,58,56,56,0,1,2,0,46,92,73,34,0,50,0.9655172413793104,0.9655172413793104,0.9583333333333334,0.948051948051948,116.15517241379311,29.551724137931036,0.9253980396996555,0.1796549156684277,0.04166666666666667,1.6944211327653607,3,28,3,96,77,0.014115961994474402,0.012528240949941465,1.1284691541860865,-0.018234084747028145,0.015825689259484355,0.012640229623330041,1.2513696647778145,-0.018234084747028145,0.015188044598158701,0.010895992252867002,1.394490822031084,-0.007055064816575141,0.007983290488797978,0.013686948846537206,0.5881415984598344,-0.012433954262791036,1118541.0982950705,False,1.3801787063057571,True,True
r085_u31_g0_monthly_notional_100pct_equity_one_at_a_time,historical,62,3,1,1,monthly,notional_100pct_equity,one_at_a_time,dte28-90_short98-105_width1-10,28,90,98,105,1,10,31,False,85,whole_spread_edge_z_rv21_history104,whole_spread_history_z,21,1.0,0.0,104,80,65,65,0,1,31,0,68,96,77,0,16,78,0.8125,0.8125,1.0,1.0,47.9,20.4375,1.3749232952030057,0.6049520141858126,0.1141227254745388,1.2722948828150593,8,15,7,96,77,0.03051673784474951,0.027077825206007284,1.1270317133598173,-0.02935190052530845,0.031500659580923296,0.02989784775817825,1.0547013356936112,-0.02935190052530845,0.04182663234096662,0.022560177266743985,1.8349544688892607,-0.008109591766229829,0.016482225336784673,0.021859559685039352,0.7592144729320421,-0.014954736376461941,1271555.4820446102,False,1.7569291555696958,True,True
r044_u43_g0_weekly_notional_100pct_equity_one_at_a_time,historical,86,0,1,1,weekly,notional_100pct_equity,one_at_a_time,dte45-120_short98-105_width1-10,45,120,98,105,1,10,43,False,44,edge_per_risk_rv63_scale1.2_drift0.05,edge_per_risk,63,1.2,0.05,0,114,83,81,0,1,29,0,90,417,334,0,303,85,0.7280701754385965,0.7105263157894737,1.0,1.0,46.35087719298246,24.0,0.09705417035952474,1.047807599724132,0.12479681842381798,1.346779893075472,6,5,6,417,334,0.0367069748196871,0.03369817472680356,1.0898296231510038,-0.04598963783494181,0.034529301632889364,0.030067546970982864,1.146633182351812,-0.030732138524183217,0.032466309555622797,0.025839792114959015,1.2544255411861471,-0.015839532461822015,0.04769685528010936,0.04798970673472526,0.9954576508956546,-0.04598963783494181,1333896.524666557,False,1.2436463053027136,True,True
r057_u39_g0_weekly_notional_100pct_equity_one_at_a_time,historical,78,0,1,1,weekly,notional_100pct_equity,one_at_a_time,dte45-120_short90-100_width1-10,45,120,90,100,1,10,39,False,57,annual_edge_per_risk_rv126_scale1_drift0,annual_edge_per_risk,126,1.0,0.0,0,210,209,209,0,1,0,0,165,417,334,0,207,149,0.9952380952380953,0.9952380952380953,1.0,1.0,47.79047619047619,11.861904761904762,0.17369213490326982,0.862749142703292,0.11973165216400772,1.1907800906003385,5,12,6,417,334,0.022150074103951756,0.02058534444819262,1.077769026605405,-0.0382539332362265,0.024261701666893343,0.024088441333696947,1.0095096518106765,-0.0382539332362265,0.01180332216780755,0.00999902615494178,1.1832852076067262,-0.010637880998366267,0.02634227274252643,0.016721620770511373,1.5642978100417693,-0.010742886314091482,1191353.7272502112,False,1.1659076520271212,True,True
r080_u59_g0_monthly_notional_100pct_equity_ladder,historical,118,3,1,0,monthly,notional_100pct_equity,ladder,dte90-180_short90-110_width1-10,90,180,90,110,1,10,59,False,80,short_iv_rv_z_rv63_history52,iv_rv_history_z,63,1.0,0.0,52,93,83,83,0,1,30,0,74,93,74,0,0,87,0.8924731182795699,0.8924731182795699,0.96875,0.961038961038961,114.01075268817205,35.61290322580645,0.4308653331629977,0.2640148924440151,0.0320290011971561,0.9128028548126791,3,30,7,96,77,0.010906172069467202,0.010338108360936777,1.0575417245799776,-0.01573903103762786,0.012719166502612511,0.010164522600128272,1.2513569404053486,-0.00914826262439783,0.011496516239996257,0.00732253661253818,1.5710486366175043,-0.006253167735923104,0.004935184735331832,0.013082987181036804,0.3830465989278549,-0.01573903103762786,1090558.2444905257,False,1.5390794669962886,True,True
r062_u44_g1_every_4_weeks_notional_100pct_equity_one_at_a_time,historical,89,2,1,1,every_4_weeks,notional_100pct_equity,one_at_a_time,dte45-120_short90-110_width1-3,45,120,90,110,1,3,44,True,62,payoff_sharpe_rv126_scale1_drift0.05,payoff_sharpe,126,1.0,0.05,0,85,79,79,0,1,14,0,68,105,84,3,17,41,0.9294117647058824,0.9294117647058824,1.0,1.0,47.741176470588236,16.788235294117648,0.6684179964098144,0.49675034593633066,0.041005245911932345,1.1147530780844652,5,7,2,105,84,0.013714000825974848,0.013126428267643118,1.0473298002462572,-0.023068630728708794,0.016526859425726848,0.015823182150154637,1.0462102675696343,-0.023068630728708794,0.0073003631100871935,0.004265681058432543,1.7142336265519413,-0.0019374422736962993,0.011792387105005409,0.009632527782695788,1.2226240611159211,-0.004570809573151813,1115002.7589682853,False,1.6474312906537105,True,True
r075_u14_g0_weekly_notional_100pct_equity_ladder,historical,28,0,1,0,weekly,notional_100pct_equity,ladder,dte14-45_short90-100_width5-10,14,45,90,100,5,10,14,False,75,annual_credit_per_notional,annual_credit_per_notional,0,1.0,0.0,0,417,380,379,0,0,0,0,334,417,334,0,0,2,0.9112709832134293,0.9088729016786571,1.0,1.0,14.002398081534773,6.213429256594724,0.2977783585251349,0.44669550568120014,0.1479877681012621,1.607758300938396,2,1,1,417,334,0.06193936688969992,0.059347384826585955,1.045438989915857,-0.11532200925243252,0.04982402945853903,0.0685723602254172,0.7450271695428249,-0.11532200925243252,0.07973169796367174,0.03611343536333418,2.151129088563546,-0.023386260206627374,0.08118000582408991,0.04705172379773377,1.6836018266884585,-0.055100715906549524,1616544.5489859602,False,2.0105188966614738,True,True
r027_u18_g0_weekly_notional_100pct_equity_ladder,historical,36,0,1,0,weekly,notional_100pct_equity,ladder,dte14-45_short98-105_width5-10,14,45,98,105,5,10,18,False,27,annual_payoff_sharpe_rv63_scale0.8_drift0,annual_payoff_sharpe,63,0.8,0.0,0,417,387,383,0,0,0,0,334,417,334,0,0,74,0.9280575539568345,0.9184652278177458,1.0,1.0,14.75779376498801,6.184652278177458,2.6694953510144765,0.4077954232938697,0.14056210216807294,1.4428518608749046,5,3,2,417,334,0.047422053191961355,0.045598877400487584,1.0419722795428463,-0.11029960710074171,0.04678315928120269,0.054323432584938734,0.8707774046255632,-0.11029960710074171,0.035938275627593,0.017935907109448042,1.9855699855775204,-0.010266255841751004,0.06118220896250959,0.035080873410945984,1.7114436739846621,-0.03716015736091982,1448143.9701571637,False,1.8740907274823246,True,True
r038_u44_g0_every_4_weeks_notional_100pct_equity_ladder,historical,88,2,1,0,every_4_weeks,notional_100pct_equity,ladder,dte45-120_short90-110_width1-3,45,120,90,110,1,3,44,False,38,payoff_sharpe_rv63_scale1_drift0.05,payoff_sharpe,63,1.0,0.05,0,105,99,99,0,0,9,0,84,105,84,0,0,48,0.9428571428571428,0.9428571428571428,1.0,1.0,46.19047619047619,15.876190476190477,1.3892598780072887,0.26972661837754225,0.032465965800560256,1.0648808764317987,5,7,2,105,84,0.00827355233675986,0.008274967487889676,1.002823344028704,-0.011153557159082728,0.009842305267232287,0.010090528610537438,0.9778834566605651,-0.011153557159082728,0.0014970109402445697,0.0016371784783806582,0.9182074692801072,-0.0009687211368482052,0.010424483636991333,0.00586087127653978,1.7734746203706278,-0.0027398065131656324,1068066.27026016,False,0.9122398705420615,True,True
r019_u58_g1_weekly_notional_100pct_equity_one_at_a_time,historical,117,0,1,1,weekly,notional_100pct_equity,one_at_a_time,dte90-180_short90-110_width5-10,90,180,90,110,5,10,58,True,19,annual_payoff_sharpe_rv21_scale1.2_drift0,annual_payoff_sharpe,21,1.2,0.0,0,87,80,79,0,1,19,0,66,414,332,92,235,51,0.9195402298850575,0.9080459770114943,0.9928057553956835,0.9940119760479041,97.77011494252874,29.666666666666668,1.4856836647512803,0.954799762839622,0.11481868792011823,1.1986572960034398,4,3,3,417,334,0.02301816731109052,0.023034430239921282,1.002464736214178,-0.038841017309717785,0.02272242643219946,0.025418675760379966,0.898669832849564,-0.038841017309717785,0.019132997604365487,0.019469690187378985,0.9870987609743127,-0.01859900276078552,0.02790292917004833,0.018385591057319087,1.5070109453505018,-0.01242362715100609,1199463.9901375067,False,0.9782558681618378,True,True
r076_u54_g1_every_2_weeks_risk_5pct_initial_one_at_a_time,historical,109,1,0,1,every_2_weeks,risk_5pct_initial,one_at_a_time,dte90-180_short98-105_width5-10,90,180,98,105,5,10,54,True,76,short_iv_rv_z_rv21_history52,iv_rv_history_z,21,1.0,0.0,52,53,51,51,0,0,0,0,39,196,155,100,43,42,0.9622641509433962,0.9622641509433962,0.937799043062201,0.9281437125748503,114.9622641509434,29.150943396226417,0.9689403758731706,0.443763936054928,0.05000000000000001,1.7911208741076006,3,14,3,209,167,0.028245182201226404,0.028707770325444804,0.9875368224250306,-0.048305056533930024,0.025659322661114814,0.026998252146249097,0.954088679501788,-0.048305056533930024,0.023349577265628252,0.02697815764500699,0.872492249715434,-0.024063894095959548,0.04111478716462069,0.03477717651364028,1.1767084062060447,-0.03544848707027781,1249326.9109520272,False,0.8643326067367987,False,True
r068_u58_g1_every_4_weeks_notional_100pct_equity_ladder,historical,117,2,1,0,every_4_weeks,notional_100pct_equity,ladder,dte90-180_short90-110_width5-10,90,180,90,110,5,10,58,True,68,edge_per_risk_rv126_scale1.2_drift0.05,edge_per_risk,126,1.2,0.05,0,94,70,68,0,2,69,0,75,103,83,9,0,59,0.7446808510638298,0.723404255319149,0.9809523809523809,0.9880952380952381,107.13829787234043,48.01063829787234,0.28496169726800463,0.3965568939106436,0.04854178581790297,1.0484219084784545,4,6,3,105,84,0.011200229489091829,0.011417135463050499,0.9841750249176955,-0.023980152637117724,0.012979614900925363,0.012767947856830114,1.0187271989341213,-0.023980152637117724,0.008024894552268957,0.007952241552445505,1.0131447178079143,-0.005587264277794102,0.00909882925812533,0.01000049544129611,0.9112716556209239,-0.01104089614700643,1093096.0867509402,False,1.0125864696952935,True,True
r069_u58_g1_every_4_weeks_notional_100pct_equity_ladder,historical,117,2,1,0,every_4_weeks,notional_100pct_equity,ladder,dte90-180_short90-110_width5-10,90,180,90,110,5,10,58,True,69,annual_edge_per_risk_rv126_scale1.2_drift0.05,annual_edge_per_risk,126,1.2,0.05,0,94,70,68,0,2,69,0,75,103,83,9,0,58,0.7446808510638298,0.723404255319149,0.9809523809523809,0.9880952380952381,96.08510638297872,46.42553191489362,1.1390116401322221,0.4025973018582386,0.04787778950994506,1.0868468164495357,3,9,3,105,84,0.011276424213515712,0.011539971771761005,0.9803700417372564,-0.02398015263711739,0.013108206687237889,0.012695225317953857,1.0345118331467034,-0.02398015263711739,0.007878611143256276,0.008010961503590002,0.9875867630801937,-0.005587264277794102,0.009242207947018688,0.010896558843874582,0.8502377219888985,-0.01181739451105046,1093754.5223096963,False,0.9828942560735427,True,True
r075_u14_g0_weekly_risk_5pct_initial_ladder,historical,28,0,0,0,weekly,risk_5pct_initial,ladder,dte14-45_short90-100_width5-10,14,45,90,100,5,10,14,False,75,annual_credit_per_notional,annual_credit_per_notional,0,1.0,0.0,0,417,380,379,0,0,0,0,334,417,334,0,0,2,0.9112709832134293,0.9088729016786571,1.0,1.0,14.002398081534773,6.213429256594724,0.2977783585251349,0.20694150963945077,0.05,0.7086123724102834,2,1,1,417,334,0.03162084615984351,0.03288447169222036,0.9659996574294052,-0.0737215563116912,0.02815026469139803,0.039380505401349436,0.726270934586659,-0.0737215563116912,0.036956844350601425,0.016871571027721348,2.168226169782229,-0.011225339540773871,0.03683293589122649,0.021792547104764765,1.6717670468174306,-0.026403889101810463,1282484.2668357869,False,2.024030646262672,True,True
r072_u25_g0_monthly_risk_5pct_initial_ladder,historical,50,3,0,0,monthly,risk_5pct_initial,ladder,dte28-90_short90-100_width3-5,28,90,90,100,3,5,25,False,72,credit_per_risk,credit_per_risk,0,1.0,0.0,0,96,91,90,0,1,10,0,77,96,77,0,0,51,0.9479166666666666,0.9375,1.0,1.0,80.02083333333333,22.96875,0.4257051460123799,0.5050237392813911,0.05,2.6224886971948367,7,1,1,96,77,0.01659674545549028,0.017880776197383617,0.9322669195226011,-0.02339438995620957,0.013672355289711113,0.019098749061238134,0.7221903171338144,-0.02220228857594142,0.023890764009183663,0.01212643127220687,1.9609651193713833,-0.014902653532726018,0.018148238112457804,0.0189356729577052,0.9598636936747601,-0.02339438995620957,1140596.8737794259,False,1.8370876391476263,True,True
r074_u25_g0_monthly_risk_5pct_initial_ladder,historical,50,3,0,0,monthly,risk_5pct_initial,ladder,dte28-90_short90-100_width3-5,28,90,90,100,3,5,25,False,74,credit_per_width,credit_per_width,0,1.0,0.0,0,96,91,90,0,1,10,0,77,96,77,0,0,52,0.9479166666666666,0.9375,1.0,1.0,79.72916666666667,22.90625,0.2964923938077982,0.504161829277053,0.05,2.6224886971948367,7,1,1,96,77,0.016569700501370965,0.017878921422614692,0.9308692536799092,-0.02339942877388168,0.013672355289711113,0.019098749061238134,0.7221903171338144,-0.02220228857594142,0.023750897162328588,0.012106592160686134,1.9528279676495715,-0.014906023515651401,0.018152188388655066,0.018939803991968446,0.9598634383044676,-0.02339942877388168,1140354.3903263912,False,1.8297642025979957,True,True
r072_u25_g0_monthly_notional_100pct_equity_ladder,historical,50,3,1,0,monthly,notional_100pct_equity,ladder,dte28-90_short90-100_width3-5,28,90,90,100,3,5,25,False,72,credit_per_risk,credit_per_risk,0,1.0,0.0,0,96,91,90,0,1,10,0,77,96,77,0,0,51,0.9479166666666666,0.9375,1.0,1.0,80.02083333333333,22.96875,0.4257051460123799,0.2178737511638337,0.021027275110200517,1.0138312260516633,7,1,1,96,77,0.007238542975313456,0.007814813456705073,0.929584981490967,-0.011686258906541624,0.005383729624214073,0.007897765939544036,0.6853407801580681,-0.00938741139211241,0.011289457496964639,0.0056242060052904596,2.006955622135852,-0.006819584677913326,0.00877754978471601,0.009316160738850061,0.9433003563034542,-0.011686258906541624,1059335.3756046323,False,1.8747941379380737,True,True
r074_u25_g0_monthly_notional_100pct_equity_ladder,historical,50,3,1,0,monthly,notional_100pct_equity,ladder,dte28-90_short90-100_width3-5,28,90,90,100,3,5,25,False,74,credit_per_width,credit_per_width,0,1.0,0.0,0,96,91,90,0,1,10,0,77,96,77,0,0,52,0.9479166666666666,0.9375,1.0,1.0,79.72916666666667,22.90625,0.2964923938077982,0.2174817209810528,0.021025067368280973,1.0138312260516633,7,1,1,96,77,0.007225309777568745,0.007813287994226911,0.9280783804608722,-0.011686258906541513,0.005383729624214073,0.007897765939544036,0.6853407801580681,-0.00938741139211241,0.011223163410176484,0.005613774918255811,1.9989489909545133,-0.006819584677913215,0.00877754978471601,0.009316160738850028,0.943300356303435,-0.011686258906541513,1059224.1515347844,False,1.8675881698748689,True,True
r075_u14_g0_weekly_notional_100pct_equity_one_at_a_time,historical,28,0,1,1,weekly,notional_100pct_equity,one_at_a_time,dte14-45_short90-100_width5-10,14,45,90,100,5,10,14,False,75,annual_credit_per_notional,annual_credit_per_notional,0,1.0,0.0,0,331,298,297,0,0,0,0,263,417,334,0,86,2,0.9003021148036254,0.8972809667673716,1.0,1.0,13.996978851963746,6.447129909365559,0.2877086995446916,0.7512246871892029,0.16435808340044158,1.7812488238431947,2,1,1,417,334,0.07479320957478786,0.09144013005462386,0.837027549808286,-0.18066792028055367,0.03902481456287865,0.10455400493395965,0.4193337369528861,-0.18066792028055367,0.11827183100903804,0.06384602195916839,1.7902165704773416,-0.04301839995272727,0.1435306358852213,0.07031676691155034,1.944054223041613,-0.05418497769483388,1779701.4871224477,False,1.653128287124896,True,True
r073_u42_g0_monthly_notional_100pct_equity_ladder,historical,84,3,1,0,monthly,notional_100pct_equity,ladder,dte45-120_short98-105_width5-10,45,120,98,105,5,10,42,False,73,annual_credit_per_risk,annual_credit_per_risk,0,1.0,0.0,0,96,75,72,0,2,21,0,77,96,77,0,0,5,0.78125,0.75,1.0,1.0,43.78125,24.427083333333332,12.965648610236789,0.4214067519109565,0.028017423727194107,1.198811982087743,2,2,1,96,77,0.021521726208892034,0.026117250337267996,0.8308041002189813,-0.029914178031265615,0.019211883254092177,0.026322173723056834,0.7377548258673552,-0.029914178031265615,0.04438287216192949,0.024758455395611667,1.7735672736034187,-0.022645825197179392,0.005966717328147242,0.026822336884366322,0.23530897785583274,-0.027979144762048658,1185513.2838022714,False,1.6699860288298123,True,True
r075_u14_g0_weekly_risk_5pct_initial_one_at_a_time,historical,28,0,0,1,weekly,risk_5pct_initial,one_at_a_time,dte14-45_short90-100_width5-10,14,45,90,100,5,10,14,False,75,annual_credit_per_notional,annual_credit_per_notional,0,1.0,0.0,0,331,298,297,0,0,0,0,263,417,334,0,86,2,0.9003021148036254,0.8972809667673716,1.0,1.0,13.996978851963746,6.447129909365559,0.2877086995446916,0.3453647614630693,0.05000000000000001,0.7254791860108275,2,1,1,417,334,0.03805764021705227,0.04955432650543957,0.780830334779622,-0.11236802589186667,0.024687873037690045,0.05892627976496341,0.4443024831157257,-0.11236802589186667,0.054596066934205156,0.029532637590216754,1.8221655882431937,-0.02064029277640622,0.06237662936759003,0.031568100649251946,1.9338737973247015,-0.025530066317817846,1347848.8118353754,False,1.684379277730447,True,True
r072_u12_g0_monthly_notional_100pct_equity_one_at_a_time,historical,24,3,1,1,monthly,notional_100pct_equity,one_at_a_time,dte14-45_short90-100_width1-3,14,45,90,100,1,3,12,False,72,credit_per_risk,credit_per_risk,0,1.0,0.0,0,92,84,84,0,0,5,0,74,96,77,0,4,71,0.9130434782608695,0.9130434782608695,1.0,1.0,26.108695652173914,10.978260869565217,0.5202040156724038,0.3277066049956785,0.019272567563380968,1.0635195615692068,6,1,2,96,77,0.007853164011954794,0.010269229275115038,0.769147745597051,-0.011489011951525407,0.007700157546459252,0.010792159222542104,0.7177731369281585,-0.010733728228707218,0.010566968932468113,0.007984309017642056,1.3258432585503774,-0.011081733659392912,0.005622281896189296,0.010705195572527536,0.5293791311071184,-0.011489011951525407,1064512.4922647928,False,1.2650362463881555,True,True
r074_u12_g0_monthly_notional_100pct_equity_one_at_a_time,historical,24,3,1,1,monthly,notional_100pct_equity,one_at_a_time,dte14-45_short90-100_width1-3,14,45,90,100,1,3,12,False,74,credit_per_width,credit_per_width,0,1.0,0.0,0,92,84,84,0,0,5,0,74,96,77,0,4,71,0.9130434782608695,0.9130434782608695,1.0,1.0,26.108695652173914,10.978260869565217,0.3405489651652695,0.3277066049956785,0.019272567563380968,1.0635195615692068,6,1,2,96,77,0.007853164011954794,0.010269229275115038,0.769147745597051,-0.011489011951525407,0.007700157546459252,0.010792159222542104,0.7177731369281585,-0.010733728228707218,0.010566968932468113,0.007984309017642056,1.3258432585503774,-0.011081733659392912,0.005622281896189296,0.010705195572527536,0.5293791311071184,-0.011489011951525407,1064512.4922647928,False,1.2650362463881555,True,True
r073_u37_g0_monthly_risk_5pct_initial_ladder,historical,74,3,0,0,monthly,risk_5pct_initial,ladder,dte45-120_short90-100_width3-5,45,120,90,100,3,5,37,False,73,annual_credit_per_risk,annual_credit_per_risk,0,1.0,0.0,0,96,90,90,0,2,7,0,77,96,77,0,0,2,0.9375,0.9375,1.0,1.0,43.739583333333336,14.260416666666666,3.302485479454351,0.5084972986616166,0.05,2.654408762161392,1,1,2,96,77,0.02106917127599517,0.027764634970643163,0.7670821132225527,-0.04022271327330473,0.027121957927747298,0.0318925505719478,0.8569339467218111,-0.04022271327330473,0.014673652035573914,0.016022573118658137,0.9208443381101885,-0.027266775382265074,0.00954067216954324,0.02342990181903422,0.41720452738948605,-0.02603523642183425,1181322.3543299737,False,0.9144532989713507,True,True
r073_u37_g0_monthly_risk_5pct_initial_one_at_a_time,historical,74,3,0,1,monthly,risk_5pct_initial,one_at_a_time,dte45-120_short90-100_width3-5,45,120,90,100,3,5,37,False,73,annual_credit_per_risk,annual_credit_per_risk,0,1.0,0.0,0,88,83,83,0,2,7,0,71,96,77,0,8,0,0.9431818181818182,0.9431818181818182,1.0,1.0,43.75,13.954545454545455,3.2657285884588076,0.9060440743678329,0.05000000000000001,2.772421690307328,1,1,1,96,77,0.03365894112833279,0.044766777340131736,0.7641294095724729,-0.07158070989122867,0.04216776184624749,0.05179585265295381,0.8251845757066176,-0.07158070989122867,0.021738854419185216,0.027626281359259684,0.7954122725677077,-0.040775580127453415,0.020469708317865987,0.03487843625165289,0.598731307053494,-0.04766012530718955,1302873.935584517,False,0.7924350422538168,True,True
r072_u12_g0_monthly_risk_5pct_initial_one_at_a_time,historical,24,3,0,1,monthly,risk_5pct_initial,one_at_a_time,dte14-45_short90-100_width1-3,14,45,90,100,1,3,12,False,72,credit_per_risk,credit_per_risk,0,1.0,0.0,0,92,84,84,0,0,5,0,74,96,77,0,4,71,0.9130434782608695,0.9130434782608695,1.0,1.0,26.108695652173914,10.978260869565217,0.5202040156724038,1.58884408210127,0.05,5.000000000000001,6,1,2,96,77,0.03340474627437029,0.04497325166507149,0.7553077378945869,-0.053592238033691286,0.03348825026069924,0.04893321134092457,0.6991631098550233,-0.053592238033691286,0.044411929448363585,0.03366097979807716,1.3129958916930395,-0.04680962206592587,0.022343817915420283,0.04249377540805364,0.5415103752161771,-0.04439879189213336,1300315.518636439,False,1.2516126135092378,True,True
r074_u12_g0_monthly_risk_5pct_initial_one_at_a_time,historical,24,3,0,1,monthly,risk_5pct_initial,one_at_a_time,dte14-45_short90-100_width1-3,14,45,90,100,1,3,12,False,74,credit_per_width,credit_per_width,0,1.0,0.0,0,92,84,84,0,0,5,0,74,96,77,0,4,71,0.9130434782608695,0.9130434782608695,1.0,1.0,26.108695652173914,10.978260869565217,0.3405489651652695,1.58884408210127,0.05,5.000000000000001,6,1,2,96,77,0.03340474627437029,0.04497325166507149,0.7553077378945869,-0.053592238033691286,0.03348825026069924,0.04893321134092457,0.6991631098550233,-0.053592238033691286,0.044411929448363585,0.03366097979807716,1.3129958916930395,-0.04680962206592587,0.022343817915420283,0.04249377540805364,0.5415103752161771,-0.04439879189213336,1300315.518636439,False,1.2516126135092378,True,True
r073_u37_g0_monthly_notional_100pct_equity_one_at_a_time,historical,74,3,1,1,monthly,notional_100pct_equity,one_at_a_time,dte45-120_short90-100_width3-5,45,120,90,100,3,5,37,False,73,annual_credit_per_risk,annual_credit_per_risk,0,1.0,0.0,0,88,83,83,0,2,7,0,71,96,77,0,8,0,0.9431818181818182,0.9431818181818182,1.0,1.0,43.75,13.954545454545455,3.2657285884588076,0.4186286303842033,0.027979678677785086,1.1281050491825795,1,1,1,96,77,0.015481980954625385,0.02172021928070251,0.7203130852914746,-0.032981069371442184,0.01828926596185587,0.023871607531939936,0.7729073824806942,-0.032981069371442184,0.01125569985467334,0.015401111465589852,0.7373852362551432,-0.02325688325285513,0.011383189125251603,0.020351982489656865,0.5666558362693253,-0.028336978755282183,1130639.2677244185,False,0.7338330216325881,True,True
