rule_index,rule,family,rv_window,vol_multiplier,assumed_drift,history_window
0,edge_per_risk_rv21_scale0.8_drift0,edge_per_risk,21,0.8,0.0,0
1,annual_edge_per_risk_rv21_scale0.8_drift0,annual_edge_per_risk,21,0.8,0.0,0
2,payoff_sharpe_rv21_scale0.8_drift0,payoff_sharpe,21,0.8,0.0,0
3,annual_payoff_sharpe_rv21_scale0.8_drift0,annual_payoff_sharpe,21,0.8,0.0,0
4,edge_per_risk_rv21_scale0.8_drift0.05,edge_per_risk,21,0.8,0.05,0
5,annual_edge_per_risk_rv21_scale0.8_drift0.05,annual_edge_per_risk,21,0.8,0.05,0
6,payoff_sharpe_rv21_scale0.8_drift0.05,payoff_sharpe,21,0.8,0.05,0
7,annual_payoff_sharpe_rv21_scale0.8_drift0.05,annual_payoff_sharpe,21,0.8,0.05,0
8,edge_per_risk_rv21_scale1_drift0,edge_per_risk,21,1.0,0.0,0
9,annual_edge_per_risk_rv21_scale1_drift0,annual_edge_per_risk,21,1.0,0.0,0
10,payoff_sharpe_rv21_scale1_drift0,payoff_sharpe,21,1.0,0.0,0
11,annual_payoff_sharpe_rv21_scale1_drift0,annual_payoff_sharpe,21,1.0,0.0,0
12,edge_per_risk_rv21_scale1_drift0.05,edge_per_risk,21,1.0,0.05,0
13,annual_edge_per_risk_rv21_scale1_drift0.05,annual_edge_per_risk,21,1.0,0.05,0
14,payoff_sharpe_rv21_scale1_drift0.05,payoff_sharpe,21,1.0,0.05,0
15,annual_payoff_sharpe_rv21_scale1_drift0.05,annual_payoff_sharpe,21,1.0,0.05,0
16,edge_per_risk_rv21_scale1.2_drift0,edge_per_risk,21,1.2,0.0,0
17,annual_edge_per_risk_rv21_scale1.2_drift0,annual_edge_per_risk,21,1.2,0.0,0
18,payoff_sharpe_rv21_scale1.2_drift0,payoff_sharpe,21,1.2,0.0,0
19,annual_payoff_sharpe_rv21_scale1.2_drift0,annual_payoff_sharpe,21,1.2,0.0,0
20,edge_per_risk_rv21_scale1.2_drift0.05,edge_per_risk,21,1.2,0.05,0
21,annual_edge_per_risk_rv21_scale1.2_drift0.05,annual_edge_per_risk,21,1.2,0.05,0
22,payoff_sharpe_rv21_scale1.2_drift0.05,payoff_sharpe,21,1.2,0.05,0
23,annual_payoff_sharpe_rv21_scale1.2_drift0.05,annual_payoff_sharpe,21,1.2,0.05,0
24,edge_per_risk_rv63_scale0.8_drift0,edge_per_risk,63,0.8,0.0,0
25,annual_edge_per_risk_rv63_scale0.8_drift0,annual_edge_per_risk,63,0.8,0.0,0
26,payoff_sharpe_rv63_scale0.8_drift0,payoff_sharpe,63,0.8,0.0,0
27,annual_payoff_sharpe_rv63_scale0.8_drift0,annual_payoff_sharpe,63,0.8,0.0,0
28,edge_per_risk_rv63_scale0.8_drift0.05,edge_per_risk,63,0.8,0.05,0
29,annual_edge_per_risk_rv63_scale0.8_drift0.05,annual_edge_per_risk,63,0.8,0.05,0
30,payoff_sharpe_rv63_scale0.8_drift0.05,payoff_sharpe,63,0.8,0.05,0
31,annual_payoff_sharpe_rv63_scale0.8_drift0.05,annual_payoff_sharpe,63,0.8,0.05,0
32,edge_per_risk_rv63_scale1_drift0,edge_per_risk,63,1.0,0.0,0
33,annual_edge_per_risk_rv63_scale1_drift0,annual_edge_per_risk,63,1.0,0.0,0
34,payoff_sharpe_rv63_scale1_drift0,payoff_sharpe,63,1.0,0.0,0
35,annual_payoff_sharpe_rv63_scale1_drift0,annual_payoff_sharpe,63,1.0,0.0,0
36,edge_per_risk_rv63_scale1_drift0.05,edge_per_risk,63,1.0,0.05,0
37,annual_edge_per_risk_rv63_scale1_drift0.05,annual_edge_per_risk,63,1.0,0.05,0
38,payoff_sharpe_rv63_scale1_drift0.05,payoff_sharpe,63,1.0,0.05,0
39,annual_payoff_sharpe_rv63_scale1_drift0.05,annual_payoff_sharpe,63,1.0,0.05,0
40,edge_per_risk_rv63_scale1.2_drift0,edge_per_risk,63,1.2,0.0,0
41,annual_edge_per_risk_rv63_scale1.2_drift0,annual_edge_per_risk,63,1.2,0.0,0
42,payoff_sharpe_rv63_scale1.2_drift0,payoff_sharpe,63,1.2,0.0,0
43,annual_payoff_sharpe_rv63_scale1.2_drift0,annual_payoff_sharpe,63,1.2,0.0,0
44,edge_per_risk_rv63_scale1.2_drift0.05,edge_per_risk,63,1.2,0.05,0
45,annual_edge_per_risk_rv63_scale1.2_drift0.05,annual_edge_per_risk,63,1.2,0.05,0
46,payoff_sharpe_rv63_scale1.2_drift0.05,payoff_sharpe,63,1.2,0.05,0
47,annual_payoff_sharpe_rv63_scale1.2_drift0.05,annual_payoff_sharpe,63,1.2,0.05,0
48,edge_per_risk_rv126_scale0.8_drift0,edge_per_risk,126,0.8,0.0,0
49,annual_edge_per_risk_rv126_scale0.8_drift0,annual_edge_per_risk,126,0.8,0.0,0
50,payoff_sharpe_rv126_scale0.8_drift0,payoff_sharpe,126,0.8,0.0,0
51,annual_payoff_sharpe_rv126_scale0.8_drift0,annual_payoff_sharpe,126,0.8,0.0,0
52,edge_per_risk_rv126_scale0.8_drift0.05,edge_per_risk,126,0.8,0.05,0
53,annual_edge_per_risk_rv126_scale0.8_drift0.05,annual_edge_per_risk,126,0.8,0.05,0
54,payoff_sharpe_rv126_scale0.8_drift0.05,payoff_sharpe,126,0.8,0.05,0
55,annual_payoff_sharpe_rv126_scale0.8_drift0.05,annual_payoff_sharpe,126,0.8,0.05,0
56,edge_per_risk_rv126_scale1_drift0,edge_per_risk,126,1.0,0.0,0
57,annual_edge_per_risk_rv126_scale1_drift0,annual_edge_per_risk,126,1.0,0.0,0
58,payoff_sharpe_rv126_scale1_drift0,payoff_sharpe,126,1.0,0.0,0
59,annual_payoff_sharpe_rv126_scale1_drift0,annual_payoff_sharpe,126,1.0,0.0,0
60,edge_per_risk_rv126_scale1_drift0.05,edge_per_risk,126,1.0,0.05,0
61,annual_edge_per_risk_rv126_scale1_drift0.05,annual_edge_per_risk,126,1.0,0.05,0
62,payoff_sharpe_rv126_scale1_drift0.05,payoff_sharpe,126,1.0,0.05,0
63,annual_payoff_sharpe_rv126_scale1_drift0.05,annual_payoff_sharpe,126,1.0,0.05,0
64,edge_per_risk_rv126_scale1.2_drift0,edge_per_risk,126,1.2,0.0,0
65,annual_edge_per_risk_rv126_scale1.2_drift0,annual_edge_per_risk,126,1.2,0.0,0
66,payoff_sharpe_rv126_scale1.2_drift0,payoff_sharpe,126,1.2,0.0,0
67,annual_payoff_sharpe_rv126_scale1.2_drift0,annual_payoff_sharpe,126,1.2,0.0,0
68,edge_per_risk_rv126_scale1.2_drift0.05,edge_per_risk,126,1.2,0.05,0
69,annual_edge_per_risk_rv126_scale1.2_drift0.05,annual_edge_per_risk,126,1.2,0.05,0
70,payoff_sharpe_rv126_scale1.2_drift0.05,payoff_sharpe,126,1.2,0.05,0
71,annual_payoff_sharpe_rv126_scale1.2_drift0.05,annual_payoff_sharpe,126,1.2,0.05,0
72,credit_per_risk,credit_per_risk,0,1.0,0.0,0
73,annual_credit_per_risk,annual_credit_per_risk,0,1.0,0.0,0
74,credit_per_width,credit_per_width,0,1.0,0.0,0
75,annual_credit_per_notional,annual_credit_per_notional,0,1.0,0.0,0
76,short_iv_rv_z_rv21_history52,iv_rv_history_z,21,1.0,0.0,52
77,mean_leg_iv_rv_z_rv21_history52,iv_rv_history_z,21,1.0,0.0,52
78,short_iv_rv_z_rv21_history104,iv_rv_history_z,21,1.0,0.0,104
79,mean_leg_iv_rv_z_rv21_history104,iv_rv_history_z,21,1.0,0.0,104
80,short_iv_rv_z_rv63_history52,iv_rv_history_z,63,1.0,0.0,52
81,mean_leg_iv_rv_z_rv63_history52,iv_rv_history_z,63,1.0,0.0,52
82,short_iv_rv_z_rv63_history104,iv_rv_history_z,63,1.0,0.0,104
83,mean_leg_iv_rv_z_rv63_history104,iv_rv_history_z,63,1.0,0.0,104
84,whole_spread_edge_z_rv21_history52,whole_spread_history_z,21,1.0,0.0,52
85,whole_spread_edge_z_rv21_history104,whole_spread_history_z,21,1.0,0.0,104
86,whole_spread_edge_z_rv63_history52,whole_spread_history_z,63,1.0,0.0,52
87,whole_spread_edge_z_rv63_history104,whole_spread_history_z,63,1.0,0.0,104
