target_dte,short_target,width,profit_target,cadence,sizing,trades,win_rate,profit_hit_rate,entry_coverage,mean_actual_dte,unresolved_marks,estimated_marks,out_of_bounds_midpoint_marks,mean_holding_days,max_risk_pct_initial,max_notional_pct_initial,mean_notional_pct_initial,gross_credit_pct_initial,planned_entries,cagr,vol,sharpe,max_drawdown,train_cagr,train_vol,train_sharpe,train_max_drawdown,validation_cagr,validation_vol,validation_sharpe,validation_max_drawdown,test_cagr,test_vol,test_sharpe,test_max_drawdown,ending_equity,insolvent,eligible,validation_score
10,93.0,7.5,1.0,weekly,notional_100pct_equity,500,0.988,0.0,0.9596929,10.132,0,1,5,10.126,0.080030575,1.0289203,0.5809147,0.12958574,521,0.0028747318,0.017753733,0.17104521,-0.06897551,0.0001400144,0.022867724,0.017652344,-0.06897551,0.0062376303,0.0013927442,4.474177,-0.00039086226,0.007742458,0.0023355668,3.3144267,-0.00090208236,1.0290782e+06,False,True,4.0285244
10,90.0,10.0,1.0,every_4_weeks,risk_5pct_initial,108,1.0,0.0,0.8244275,10.166667,0,0,5,10.138889,0.05,0.5333359,0.12661426,0.011426078,131,0.0011375052,0.00065412815,1.7426387,-0.00046346567,0.0014957055,0.00082781917,1.8068976,-0.00046346567,0.0006555564,0.00021737396,3.0207825,-6.8138914e-05,0.00055385154,0.00018219915,3.0491486,-4.425284e-05,1.0114164e+06,False,True,2.8993938
10,90.0,10.0,0.95,every_4_weeks,risk_5pct_initial,108,1.0,0.9907407,0.8244275,10.166667,0,0,5,9.861111,0.05,0.5333359,0.124384634,0.011426078,131,0.0011229146,0.0006526233,1.7242681,-0.00046347402,0.0014726148,0.000825879,1.7832072,-0.00046347402,0.0006556468,0.00021740393,3.0207822,-6.814831e-05,0.00054992834,0.00018207045,3.0296965,-4.4259283e-05,1.0112692e+06,False,True,2.8970249
10,90.0,10.0,1.0,every_4_weeks,notional_100pct_equity,108,1.0,0.0,0.8244275,10.166667,0,0,5,10.138889,0.10904935,1.0226936,0.25520447,0.022853244,131,0.002263494,0.0012787199,1.7731787,-0.0008850237,0.002960991,0.0016153316,1.832204,-0.0008850237,0.0013335061,0.00044415455,3.0064063,-0.00013594648,0.0011196773,0.00037245272,3.0147052,-9.085491e-05,1.02283256e+06,False,True,2.888986
7,90.0,10.0,1.0,every_4_weeks,notional_100pct_equity,122,1.0,0.0,0.9312977,6.967213,0,0,3,6.967213,0.10696056,1.020483,0.23773412,0.020612346,131,0.0020454025,0.024879303,0.09461516,-0.053986378,0.002613275,0.03212186,0.0971475,-0.053986378,0.0011463406,0.00035897866,3.1978981,-6.1791994e-05,0.0012566964,0.0003650973,3.4515278,-3.9976087e-05,1.0206124e+06,False,True,2.887823
10,90.0,10.0,0.95,every_4_weeks,notional_100pct_equity,108,1.0,0.9907407,0.8244275,10.166667,0,0,5,9.861111,0.1090197,1.0223985,0.25073346,0.022849828,131,0.0022345192,0.0012758152,1.7544963,-0.0008850237,0.00291538,0.0016115926,1.8082159,-0.0008850237,0.0013335061,0.00044415455,3.0064063,-0.00013594648,0.0011112955,0.00037211765,2.994845,-9.085491e-05,1.0225373e+06,False,True,2.8865874
7,90.0,10.0,1.0,every_4_weeks,risk_5pct_initial,122,1.0,0.0,0.9312977,6.967213,0,0,3,6.967213,0.05,0.5216072,0.117561094,0.010272819,131,0.0010240854,0.012528471,0.088126756,-0.02767788,0.0013123023,0.01617563,0.08915535,-0.02767788,0.00056751387,0.00017860033,3.1829271,-2.9650322e-05,0.00062367244,0.00018222365,3.4329448,-1.975777e-05,1.0102728e+06,False,True,2.87355
10,90.0,10.0,0.9,every_4_weeks,risk_5pct_initial,108,1.0,0.9907407,0.8244275,10.166667,0,0,5,9.481482,0.05,0.5333359,0.12077262,0.011426078,131,0.0010976185,0.00065193407,1.687235,-0.00046350117,0.0014359241,0.0008250421,1.7405828,-0.00046350117,0.0006503752,0.00021725928,2.998498,-6.816323e-05,0.00053855754,0.00018190136,2.9698284,-4.427029e-05,1.01101406e+06,False,True,2.8727064
3,97.0,3.0,0.4,weekly,notional_100pct_equity,438,0.98630136,0.98630136,0.840691,3.130137,0,0,0,3.130137,0.03176185,1.0244263,0.17487787,0.11165713,521,0.0024225079,0.0125728985,0.19928905,-0.050296046,0.00016243986,0.016088909,0.018245464,-0.050296046,0.0030573134,0.0009594813,3.1882422,-3.519954e-05,0.008590221,0.00359603,2.3883278,-9.952543e-05,1.02445406e+06,False,True,2.8712425
3,97.0,3.0,0.25,weekly,notional_100pct_equity,438,0.98630136,0.98630136,0.840691,3.130137,0,0,0,3.130137,0.03176185,1.0244263,0.17487787,0.11165713,521,0.0024225079,0.0125728985,0.19928905,-0.050296046,0.00016243986,0.016088909,0.018245464,-0.050296046,0.0030573134,0.0009594813,3.1882422,-3.519954e-05,0.008590221,0.00359603,2.3883278,-9.952543e-05,1.02445406e+06,False,True,2.8712425
3,97.0,3.0,0.15,weekly,notional_100pct_equity,438,0.98630136,0.98630136,0.840691,3.130137,0,0,0,3.130137,0.03176185,1.0244263,0.17487787,0.11165713,521,0.0024225079,0.0125728985,0.19928905,-0.050296046,0.00016243986,0.016088909,0.018245464,-0.050296046,0.0030573134,0.0009594813,3.1882422,-3.519954e-05,0.008590221,0.00359603,2.3883278,-9.952543e-05,1.02445406e+06,False,True,2.8712425
3,97.0,3.0,0.2,weekly,notional_100pct_equity,438,0.98630136,0.98630136,0.840691,3.130137,0,0,0,3.130137,0.03176185,1.0244263,0.17487787,0.11165713,521,0.0024225079,0.0125728985,0.19928905,-0.050296046,0.00016243986,0.016088909,0.018245464,-0.050296046,0.0030573134,0.0009594813,3.1882422,-3.519954e-05,0.008590221,0.00359603,2.3883278,-9.952543e-05,1.02445406e+06,False,True,2.8712425
3,97.0,3.0,0.3,weekly,notional_100pct_equity,438,0.98630136,0.98630136,0.840691,3.130137,0,0,0,3.130137,0.03176185,1.0244263,0.17487787,0.11165713,521,0.0024225079,0.0125728985,0.19928905,-0.050296046,0.00016243986,0.016088909,0.018245464,-0.050296046,0.0030573134,0.0009594813,3.1882422,-3.519954e-05,0.008590221,0.00359603,2.3883278,-9.952543e-05,1.02445406e+06,False,True,2.8712425
3,97.0,3.0,0.35,weekly,notional_100pct_equity,438,0.98630136,0.98630136,0.840691,3.130137,0,0,0,3.130137,0.03176185,1.0244263,0.17487787,0.11165713,521,0.0024225079,0.0125728985,0.19928905,-0.050296046,0.00016243986,0.016088909,0.018245464,-0.050296046,0.0030573134,0.0009594813,3.1882422,-3.519954e-05,0.008590221,0.00359603,2.3883278,-9.952543e-05,1.02445406e+06,False,True,2.8712425
7,90.0,10.0,0.95,every_4_weeks,risk_5pct_initial,122,1.0,1.0,0.9312977,6.967213,0,0,3,6.885246,0.05,0.5216072,0.11555374,0.010272819,131,0.0010122495,0.012528677,0.08717941,-0.027678367,0.001294511,0.016175898,0.088055074,-0.027678367,0.00056370936,0.000178524,3.1629477,-2.9653698e-05,0.00062155566,0.00018222879,3.421201,-1.9760018e-05,1.01015356e+06,False,True,2.8554585
7,90.0,10.0,0.9,every_4_weeks,risk_5pct_initial,122,1.0,1.0,0.9312977,6.967213,0,0,3,6.795082,0.05,0.5216072,0.113375396,0.010272819,131,0.0009994481,0.012528788,0.08615546,-0.027678655,0.0012778761,0.016176045,0.087026775,-0.027678655,0.0005576162,0.00017845434,3.1299908,-2.9657005e-05,0.00061344635,0.00018142887,3.3914661,-1.9762365e-05,1.01002456e+06,False,True,2.8256946
10,90.0,10.0,0.85,every_4_weeks,risk_5pct_initial,108,1.0,1.0,0.8244275,10.166667,0,0,5,9.194445,0.05,0.5333359,0.11779389,0.011426078,131,0.0010592863,0.0006494981,1.6344589,-0.00046350659,0.0013816763,0.00082202454,1.6810313,-0.00046350659,0.00063510804,0.00021616637,2.9429379,-6.818741e-05,0.00052455877,0.00018145295,2.8998036,-4.4287226e-05,1.0106276e+06,False,True,2.8167472
7,90.0,10.0,0.85,every_4_weeks,risk_5pct_initial,122,1.0,1.0,0.9312977,6.967213,0,0,3,6.6885247,0.05,0.5216072,0.11077505,0.010272819,131,0.0009735312,0.01252927,0.084080994,-0.027680242,0.0012440647,0.016176673,0.08493532,-0.027680242,0.00055164995,0.00017811016,3.102495,-2.966335e-05,0.000591066,0.00018055536,3.2835839,-1.9767476e-05,1.0097635e+06,False,True,2.800739
7,90.5,10.0,1.0,every_4_weeks,risk_5pct_initial,123,1.0,0.0,0.9389313,6.9674797,0,0,2,6.9674797,0.05,0.525548,0.11905856,0.010971134,131,0.0010933591,0.013309972,0.08891328,-0.029415183,0.0013789489,0.017184457,0.0887631,-0.029415183,0.0006158779,0.00019891842,3.1012971,-3.746925e-05,0.00072206307,0.0002295555,3.1548991,-7.889267e-05,1.0109711e+06,False,True,2.8000438
7,90.5,10.0,0.95,every_4_weeks,risk_5pct_initial,123,1.0,1.0,0.9389313,6.9674797,0,0,2,6.902439,0.05,0.525548,0.117452994,0.010971134,131,0.0010835472,0.013310199,0.088173784,-0.02941571,0.0013636582,0.01718475,0.0878728,-0.02941571,0.00061593414,0.00019893658,3.1012971,-3.747267e-05,0.00071872247,0.00022958251,3.1399393,-7.8899866e-05,1.0108722e+06,False,True,2.7999547
