target_dte,tested,eligible,maximum_entry_coverage,unresolved_disqualified
3,45920,1780,1.0,0
7,45920,15384,1.0,0
10,45920,16298,1.0,0
14,45920,23065,1.0,0
21,45920,30891,1.0,0
28,45920,11628,1.0,27774
35,45920,25984,1.0,9221
42,45920,20575,1.0,17411
45,45920,21199,1.0,16824
56,45920,33035,1.0,9419
60,45920,30303,1.0,12643
75,45920,26129,1.0,17707
90,45920,14947,0.9159663915634155,17928
120,45920,35685,0.848739504814148,6253
150,45920,0,0.7581573724746704,723
180,45920,0,0.3704414665699005,16250
