target_dte,short_target,width,profit_target,cadence,sizing,trades,win_rate,profit_hit_rate,entry_coverage,mean_actual_dte,unresolved_marks,estimated_marks,out_of_bounds_midpoint_marks,mean_holding_days,max_risk_pct_initial,max_notional_pct_initial,mean_notional_pct_initial,gross_credit_pct_initial,planned_entries,cagr,vol,sharpe,max_drawdown,train_cagr,train_vol,train_sharpe,train_max_drawdown,validation_cagr,validation_vol,validation_sharpe,validation_max_drawdown,test_cagr,test_vol,test_sharpe,test_max_drawdown,ending_equity,insolvent,eligible,validation_score,strategy_id
10,90.0,10.0,1.0,every_4_weeks,notional_100pct_equity,108,1.0,0.0,0.8244274809160306,10.166666666666666,0,0,5,10.13888888888889,0.10904934822664422,1.0226936365323618,0.2552044712728907,0.022853245007082534,131,0.0022634941603423275,0.0012787199224254117,1.7731787363064253,-0.0008850236740480799,0.002960991027737059,0.0016153315797335392,1.832203942378927,-0.0008850236740480799,0.0013335060715722324,0.000444154555023271,3.006406362697299,-0.00013594647530446036,0.0011196773648110003,0.0003724527217667828,3.014705139488628,-9.08549098932454e-05,1022832.5426526207,False,True,2.8889861206654617,d010_s180_w20_hold_every_4_weeks_notional_100pct_equity
10,90.0,10.0,0.9500000000000001,every_4_weeks,notional_100pct_equity,108,1.0,0.9907407407407407,0.8244274809160306,10.166666666666666,0,0,5,9.86111111111111,0.10901969784530123,1.0223984585785248,0.250733471795373,0.022849827097717112,131,0.002234519241748778,0.001275815132649693,1.7544963873069521,-0.0008850236740480799,0.0029153800799008867,0.0016115925477239368,1.8082158210543484,-0.0008850236740480799,0.0013335060715722324,0.00044415455502330454,3.006406362698201,-0.00013594647530434933,0.0011112955278351766,0.0003721176560771146,2.9948449943735276,-9.085490989335643e-05,1022537.3246065975,False,True,2.886587308533816,d010_s180_w20_p95_every_4_weeks_notional_100pct_equity
10,90.0,10.0,1.0,every_4_weeks,risk_5pct_initial,108,1.0,0.0,0.8244274809160306,10.166666666666666,0,0,5,10.13888888888889,0.05000000000000001,0.5333359513560119,0.1266142543794542,0.011426078437547308,131,0.0011375052007307485,0.0006541281458939953,1.7426387287981364,-0.0004634656633215606,0.0014957053939159692,0.0008278191531565489,1.8068976756462383,-0.0004634656633215606,0.0006555564087518118,0.00021737396107726287,3.020782384950093,-6.81389153790457e-05,0.0005538515214138506,0.00018219915146892613,3.0491484456922917,-4.4252841676528654e-05,1011416.3764451962,False,True,2.899393914019708,d010_s180_w20_hold_every_4_weeks_risk_5pct_initial
10,90.0,10.0,0.9500000000000001,every_4_weeks,risk_5pct_initial,108,1.0,0.9907407407407407,0.8244274809160306,10.166666666666666,0,0,5,9.86111111111111,0.05000000000000001,0.5333359513560119,0.12438463352423436,0.011426078437547308,131,0.0011229146513567212,0.000652623323090007,1.7242681100103894,-0.0004634740182517527,0.0014726147970836045,0.0008258789761426068,1.7832071266020653,-0.0004634740182517527,0.0006556467655189913,0.0002174039184583274,3.0207823160827725,-6.814830509405123e-05,0.0005499283169538849,0.00018207044222351174,3.029696486140242,-4.4259284376013674e-05,1011269.2014887969,False,True,2.897024797134702,d010_s180_w20_p95_every_4_weeks_risk_5pct_initial
10,90.0,10.0,0.9000000000000001,every_4_weeks,notional_100pct_equity,108,1.0,0.9907407407407407,0.8244274809160306,10.166666666666666,0,0,5,9.481481481481481,0.10897219534455425,1.0218842340697003,0.24340810028031865,0.022843606485652482,131,0.002184024543102181,0.0012743244892631429,1.7169109837607044,-0.0008850236740480799,0.002842285820440882,0.001609780726055793,1.7649469044379065,-0.0008850236740480799,0.001322473955404302,0.0004437635413286888,2.984179259061005,-0.00013594647530446036,0.001088617379577217,0.00037174257423068714,2.9367259882097,-9.085490989335643e-05,1022023.0302538546,False,True,2.862256023598695,d010_s180_w20_p90_every_4_weeks_notional_100pct_equity
10,90.0,10.0,0.9000000000000001,every_4_weeks,risk_5pct_initial,108,1.0,0.9907407407407407,0.8244274809160306,10.166666666666666,0,0,5,9.481481481481481,0.05000000000000001,0.5333359513560119,0.12077262574343225,0.011426078437547308,131,0.0010976184917377285,0.000651934049633435,1.6872349723072908,-0.00046350116954652076,0.0014359240800199125,0.0008250420731701744,1.7405828746064735,-0.00046350116954652076,0.0006503752090425419,0.00021725927736285442,2.9984980273854442,-6.816322835856425e-05,0.0005385575261558362,0.0001819013616556815,2.9698283245763983,-4.4270290440295845e-05,1011014.0846475956,False,True,2.872706512107547,d010_s180_w20_p90_every_4_weeks_risk_5pct_initial
10,90.0,10.0,0.8500000000000001,every_4_weeks,notional_100pct_equity,108,1.0,1.0,0.8244274809160306,10.166666666666666,0,0,5,9.194444444444445,0.10890408466293834,1.0211075019041451,0.2372542129956948,0.022834494887066004,131,0.0021077093197008345,0.0012694775548518552,1.6633246066687815,-0.0008850236740480799,0.002735106656826858,0.0016038025199827282,1.7048388506556071,-0.0008850236740480799,0.0012910962601204723,0.0004414209153486124,2.9288850594414426,-0.00013594647530434933,0.0010591983712562314,0.0003706708717384706,2.865670586914153,-9.08549098932454e-05,1021246.1925895977,False,True,2.806480438562859,d010_s180_w20_p85_every_4_weeks_notional_100pct_equity
10,90.0,10.0,0.8500000000000001,every_4_weeks,risk_5pct_initial,108,1.0,1.0,0.8244274809160306,10.166666666666666,0,0,5,9.194444444444445,0.05000000000000001,0.5333359513560119,0.117793888742701,0.011426078437547308,131,0.001059286327991682,0.0006494980535117997,1.6344588746402662,-0.0004635065953313422,0.001381676292241174,0.0008220245627419422,1.6810313263308871,-0.0004635065953313422,0.0006351080360884609,0.00021616637351439086,2.942937961714672,-6.818740632053011e-05,0.0005245587383018169,0.000181452954138305,2.8998036488784984,-4.428722613925018e-05,1010627.6074617138,False,True,2.8167472981762938,d010_s180_w20_p85_every_4_weeks_risk_5pct_initial
10,90.0,10.0,0.8,every_4_weeks,notional_100pct_equity,108,1.0,1.0,0.8244274809160306,10.166666666666666,0,0,5,8.675925925925926,0.10884564916703325,1.0204298627992687,0.22710062784394677,0.022829774508814838,131,0.0020410874757648134,0.0012662526224258834,1.6149217932334325,-0.0008850236740480799,0.002645106242354922,0.0015997615284379396,1.6530010108626003,-0.0008850236740480799,0.0012790431117430945,0.00044124818976316134,2.9026972728275893,-0.00013594647530434933,0.0010075589403888419,0.00036917389468731776,2.7370911242840847,-9.085490989335643e-05,1020568.4614452121,False,True,2.7777276466310905,d010_s180_w20_p80_every_4_weeks_notional_100pct_equity
10,90.0,10.0,0.8,every_4_weeks,risk_5pct_initial,108,1.0,1.0,0.8244274809160306,10.166666666666666,0,0,5,8.675925925925926,0.05000000000000001,0.5333359513560119,0.11278341489240902,0.011426078437547308,131,0.0010257185956425996,0.0006478576337601563,1.5867070714524676,-0.0004635110657128516,0.0013361884180635997,0.0008199586667689758,1.629832307451449,-0.0004635110657128516,0.000629136852526857,0.00021613121182139673,2.9157528532123522,-6.820592109513246e-05,0.0004988838415118657,0.00018078960344958966,2.768029019361674,-4.430122201470876e-05,1010289.2759918697,False,True,2.787160798636262,d010_s180_w20_p80_every_4_weeks_risk_5pct_initial
